Date,BND,VTI
2013-01-02,57.815704345703125,60.185516357421875
2013-01-03,57.64340591430664,60.09738540649414
2013-01-04,57.73298263549805,60.401771545410156
2013-01-07,57.691673278808594,60.2415885925293
2013-01-08,57.74679946899414,60.08137893676758
2013-01-09,57.72612380981445,60.26559829711914
2013-01-10,57.72612380981445,60.68212127685547
2013-01-11,57.76744842529297,60.69010543823242
2013-01-14,57.76744842529297,60.626075744628906
2013-01-15,57.843257904052734,60.73820114135742
2013-01-16,57.83637619018555,60.69010543823242
2013-01-17,57.739864349365234,61.106632232666016
2013-01-18,57.82947540283203,61.27485656738281
2013-01-22,57.77436447143555,61.59524917602539
2013-01-23,57.86396026611328,61.66733932495117
2013-01-24,57.781227111816406,61.73942184448242
2013-01-25,57.595191955566406,62.083824157714844
2013-01-28,57.52629470825195,62.02775955200195
2013-01-29,57.464237213134766,62.23601531982422
2013-01-30,57.40225601196289,61.98772430419922
2013-01-31,57.50560760498047,61.875572204589844
2013-02-01,57.34403991699219,62.476314544677734
2013-02-04,57.54424285888672,61.81951904296875
2013-02-05,57.44758987426758,62.40422821044922
2013-02-06,57.58568572998047,62.51637268066406
2013-02-07,57.59261703491211,62.40422821044922
2013-02-08,57.57880401611328,62.78071975708008
2013-02-11,57.50971603393555,62.74864196777344
2013-02-12,57.52350616455078,62.852779388427734
2013-02-13,57.44758987426758,62.940887451171875
2013-02-14,57.530452728271484,63.02098083496094
2013-02-15,57.48209762573242,62.94888687133789
2013-02-19,57.46140670776367,63.389442443847656
2013-02-20,57.50283432006836,62.54841613769531
2013-02-21,57.558074951171875,62.123897552490234
2013-02-22,57.58568572998047,62.724613189697266
2013-02-25,57.77214050292969,61.57121276855469
2013-02-26,57.79975128173828,61.96369934082031
2013-02-27,57.78594207763672,62.724613189697266
2013-02-28,57.81353759765625,62.66853713989258
2013-03-01,57.845367431640625,62.8127326965332
2013-03-04,57.83153533935547,63.1010856628418
2013-03-05,57.796966552734375,63.73383712768555
2013-03-06,57.70012283325195,63.83000564575195
2013-03-07,57.61709213256836,63.9821662902832
2013-03-08,57.45800018310547,64.29451751708984
2013-03-11,57.43028259277344,64.47877502441406
2013-03-12,57.54098129272461,64.36662292480469
2013-03-13,57.47178649902344,64.48674774169922
2013-03-14,57.49256896972656,64.84721374511719
2013-03-15,57.56174087524414,64.77510833740234
2013-03-18,57.672401428222656,64.42269897460938
2013-03-19,57.70703125,64.24649047851562
2013-03-20,57.65168380737305,64.72706604003906
2013-03-21,57.665489196777344,64.20643615722656
2013-03-22,57.7208366394043,64.60392761230469
2013-03-25,57.71394348144531,64.38665771484375
2013-03-26,57.73467254638672,64.86946105957031
2013-03-27,57.85232162475586,64.917724609375
2013-03-28,57.85920333862305,65.14303588867188
2013-04-01,57.911983489990234,64.79702758789062
2013-04-02,57.918907165527344,64.99015045166016
2013-04-03,57.953590393066406,64.28207397460938
2013-04-04,58.120235443115234,64.56370544433594
2013-04-05,58.27995300292969,64.33837890625
2013-04-08,58.252197265625,64.7326431274414
2013-04-09,58.18967056274414,64.917724609375
2013-04-10,58.078609466552734,65.75454711914062
2013-04-11,58.10639190673828,66.00397491455078
2013-04-12,58.2452392578125,65.77064514160156
2013-04-15,58.3077392578125,64.16941833496094
2013-04-16,58.29385757446289,65.11888122558594
2013-04-17,58.32161331176758,64.14524841308594
2013-04-18,58.3563232421875,63.74295425415039
2013-04-19,58.3077392578125,64.35449981689453
2013-04-22,58.38408660888672,64.62803649902344
2013-04-23,58.37020492553711,65.32811737060547
2013-04-24,58.3563232421875,65.42462158203125
2013-04-25,58.32161331176758,65.69019317626953
2013-04-26,58.39796829223633,65.5694808959961
2013-04-29,58.446571350097656,65.9878921508789
2013-04-30,58.446571350097656,66.1890640258789
2013-05-01,58.54538345336914,65.51313781738281
2013-05-02,58.55925750732422,66.19710540771484
2013-05-03,58.281002044677734,66.8166732788086
2013-05-06,58.27410125732422,67.07412719726562
2013-05-07,58.21842956542969,67.44428253173828
2013-05-08,58.27410125732422,67.75807189941406
2013-05-09,58.183631896972656,67.53279876708984
2013-05-10,58.03752517700195,67.83050537109375
2013-05-13,57.97494888305664,67.84659576416016
2013-05-14,57.86363983154297,68.5466079711914
2013-05-15,57.93317413330078,68.84434509277344
2013-05-16,58.01667022705078,68.56269836425781
2013-05-17,57.8914680480957,69.26275634765625
2013-05-20,57.87755584716797,69.25469207763672
2013-05-21,57.93317413330078,69.36734771728516
2013-05-22,57.738441467285156,68.68338012695312
2013-05-23,57.731468200683594,68.55467224121094
2013-05-24,57.738441467285156,68.46614074707031
2013-05-28,57.41840744018555,68.90869140625
2013-05-29,57.467140197753906,68.4419937133789
2013-05-30,57.41840744018555,68.7236328125
2013-05-31,57.32105255126953,67.80635833740234
2013-06-03,57.2687873840332,68.07994079589844
2013-06-04,57.247840881347656,67.75000762939453
2013-06-05,57.2269401550293,66.79251098632812
2013-06-06,57.30360412597656,67.42013549804688
2013-06-07,57.15723419189453,68.25695037841797
2013-06-10,57.010833740234375,68.28105926513672
2013-06-11,57.03874588012695,67.589111328125
2013-06-12,56.92720413208008,67.01781463623047
2013-06-13,57.17813491821289,68.05577850341797
2013-06-14,57.24091339111328,67.66956329345703
2013-06-17,57.19905471801758,68.14430236816406
2013-06-18,57.15022659301758,68.65929412841797
2013-06-19,56.81571578979492,67.7822036743164
2013-06-20,56.29985809326172,66.10053253173828
2013-06-21,56.06986999511719,66.26953125
2013-06-24,55.79801559448242,65.41740417480469
2013-06-25,55.93044662475586,66.07225799560547
2013-06-26,56.125614166259766,66.6866455078125
2013-06-27,56.34865188598633,67.17977905273438
2013-06-28,56.376556396484375,66.83216857910156
2013-07-01,56.47224807739258,67.38997650146484
2013-07-02,56.4862060546875,67.31722259521484
2013-07-03,56.444297790527344,67.41422271728516
2013-07-05,55.81565475463867,68.13373565673828
2013-07-08,56.067142486572266,68.49752044677734
2013-07-09,56.12997055053711,68.98258972167969
2013-07-10,55.990299224853516,69.01490783691406
2013-07-11,56.36745834350586,70.017333984375
2013-07-12,56.290645599365234,70.08203125
2013-07-15,56.444297790527344,70.34880065917969
2013-07-16,56.528099060058594,70.03348541259766
2013-07-17,56.653812408447266,70.25985717773438
2013-07-18,56.56303787231445,70.65601348876953
2013-07-19,56.709678649902344,70.7611083984375
2013-07-22,56.744632720947266,70.91471099853516
2013-07-23,56.73065185546875,70.78535461425781
2013-07-24,56.549095153808594,70.50239562988281
2013-07-25,56.528099060058594,70.7611083984375
2013-07-26,56.57002258300781,70.76917266845703
2013-07-29,56.56303787231445,70.52664947509766
2013-07-30,56.528099060058594,70.59939575195312
2013-07-31,56.59096908569336,70.67215728759766
2013-08-01,56.315189361572266,71.56951904296875
2013-08-02,56.49717712402344,71.60185241699219
2013-08-05,56.5181770324707,71.60993957519531
2013-08-06,56.48318862915039,71.14106750488281
2013-08-07,56.56717300415039,70.85807800292969
2013-08-08,56.595176696777344,71.14915466308594
2013-08-09,56.66518020629883,70.97128295898438
2013-08-12,56.560184478759766,70.92276763916016
2013-08-13,56.36419677734375,71.07637786865234
2013-08-14,56.33622360229492,70.70450592041016
2013-08-15,56.13320541381836,69.65355682373047
2013-08-16,55.98625183105469,69.42718505859375
2013-08-19,55.82523727416992,68.95832061767578
2013-08-20,55.98625183105469,69.41101837158203
2013-08-21,55.76923751831055,69.00682067871094
2013-08-22,55.82523727416992,69.62122344970703
2013-08-23,55.98625183105469,69.91227722167969
2013-08-26,56.08423614501953,69.7343978881836
2013-08-27,56.2242317199707,68.49752044677734
2013-08-28,56.1262321472168,68.74813079833984
2013-08-29,56.18224334716797,68.93407440185547
2013-08-30,56.10525894165039,68.52985382080078
2013-09-03,55.97968292236328,68.87747192382812
2013-09-04,55.90953063964844,69.49188995361328
2013-09-05,55.523773193359375,69.57271575927734
2013-09-06,55.73418045043945,69.6292953491211
2013-09-09,55.874488830566406,70.41348266601562
2013-09-10,55.7552604675293,70.96318817138672
2013-09-11,55.90953063964844,71.14915466308594
2013-09-12,55.89548873901367,70.93084716796875
2013-09-13,55.98668670654297,71.07637786865234
2013-09-16,56.056861877441406,71.48863983154297
2013-09-17,56.10594177246094,71.86863708496094
2013-09-18,56.554847717285156,72.70940399169922
2013-09-19,56.49174118041992,72.59619903564453
2013-09-20,56.48468780517578,72.11114501953125
2013-09-23,56.52681350708008,71.78541564941406
2013-09-24,56.64601135253906,71.67169189453125
2013-09-25,56.7652473449707,71.54171752929688
2013-09-26,56.68109130859375,71.81790161132812
2013-09-27,56.69512176513672,71.53360748291016
2013-09-30,56.730186462402344,71.20052337646484
2013-10-01,56.66130447387695,71.81790161132812
2013-10-02,56.724571228027344,71.6960678100586
2013-10-03,56.75270462036133,71.0868148803711
2013-10-04,56.689453125,71.6067123413086
2013-10-07,56.73162841796875,70.9649887084961
2013-10-08,56.71049880981445,70.02266693115234
2013-10-09,56.67537307739258,69.97393035888672
2013-10-10,56.689453125,71.5498275756836
2013-10-11,56.71049880981445,72.0534896850586
2013-10-14,56.59804153442383,72.37030029296875
2013-10-15,56.584014892578125,71.81790161132812
2013-10-16,56.822959899902344,72.82518005371094
2013-10-17,57.0197868347168,73.36131286621094
2013-10-18,57.08304977416992,73.88123321533203
2013-10-21,57.012760162353516,73.84062194824219
2013-10-22,57.19551086425781,74.26300048828125
2013-10-23,57.22362518310547,73.91370391845703
2013-10-24,57.22362518310547,74.1980209350586
2013-10-25,57.286922454833984,74.46609497070312
2013-10-28,57.23770523071289,74.52296447753906
2013-10-29,57.279884338378906,74.89659118652344
2013-10-30,57.216590881347656,74.45797729492188
2013-10-31,57.216590881347656,74.2386474609375
2013-11-01,57.06235885620117,74.33612823486328
2013-11-04,57.09755325317383,74.67730712890625
2013-11-05,56.928497314453125,74.45797729492188
2013-11-06,57.02709197998047,74.65292358398438
2013-11-07,57.13981246948242,73.66190338134766
2013-11-08,56.76648712158203,74.64480590820312
2013-11-11,56.7171630859375,74.69356536865234
2013-11-12,56.688987731933594,74.57982635498047
2013-11-13,56.84397506713867,75.21344757080078
2013-11-14,57.00596237182617,75.57088470458984
2013-11-15,57.02709197998047,75.9039306640625
2013-11-18,57.132774353027344,75.54647827148438
2013-11-19,57.02007293701172,75.32717895507812
2013-11-20,56.86506271362305,75.09159851074219
2013-11-21,56.86506271362305,75.76581573486328
2013-11-22,56.99188232421875,76.13951110839844
2013-11-25,57.0341682434082,76.05823516845703
2013-11-26,57.041194915771484,76.13136291503906
2013-11-27,57.02007293701172,76.35069274902344
2013-11-29,57.048248291015625,76.24510192871094
2013-12-02,56.832908630371094,76.08262634277344
2013-12-03,56.88937759399414,75.79019927978516
2013-12-04,56.804649353027344,75.68460083007812
2013-12-05,56.70582580566406,75.46524047851562
2013-12-06,56.79055404663086,76.24510192871094
2013-12-09,56.84701919555664,76.41567993164062
2013-12-10,56.967044830322266,76.16387176513672
2013-12-11,56.868194580078125,75.2215576171875
2013-12-12,56.71994400024414,75.08345794677734
2013-12-13,56.78349304199219,75.10781860351562
2013-12-16,56.804649353027344,75.6358413696289
2013-12-17,56.91057586669922,75.40839385986328
2013-12-18,56.88937759399414,76.62691497802734
2013-12-19,56.78349304199219,76.52124786376953
2013-12-20,56.88937759399414,77.03083038330078
2013-12-23,56.818782806396484,77.48812866210938
2013-12-24,56.69916915893555,77.70047760009766
2013-12-26,56.614158630371094,78.06796264648438
2013-12-27,56.614158630371094,78.01895141601562
2013-12-30,56.70619201660156,78.04345703125
2013-12-31,56.68495559692383,78.32926940917969
2014-01-02,56.73452377319336,77.64331817626953
2014-01-03,56.74159240722656,77.62699127197266
2014-01-06,56.791175842285156,77.42281341552734
2014-01-07,56.862003326416016,77.92095184326172
2014-01-08,56.677894592285156,77.97811889648438
2014-01-09,56.784095764160156,78.04345703125
2014-01-10,57.06025314331055,78.2639389038086
2014-01-13,57.13813781738281,77.27583312988281
2014-01-14,57.053184509277344,78.1251220703125
2014-01-15,57.017765045166016,78.5170669555664
2014-01-16,57.14522171020508,78.4599380493164
2014-01-17,57.20896530151367,78.15778350830078
2014-01-21,57.20896530151367,78.41905975341797
2014-01-22,57.109832763671875,78.5660629272461
2014-01-23,57.265586853027344,77.88829803466797
2014-01-24,57.414344787597656,76.20606994628906
2014-01-27,57.308109283447266,75.71613311767578
2014-01-28,57.357669830322266,76.24691009521484
2014-01-29,57.48512649536133,75.46295928955078
2014-01-30,57.48512649536133,76.34489440917969
2014-01-31,57.56303405761719,75.8467788696289
2014-02-03,57.74824523925781,74.06656646728516
2014-02-04,57.656002044677734,74.6300277709961
2014-02-05,57.53536605834961,74.51568603515625
2014-02-06,57.51403045654297,75.42212677001953
2014-02-07,57.58502197265625,76.39388275146484
2014-02-10,57.62053680419922,76.48371124267578
2014-02-11,57.4998779296875,77.35749053955078
2014-02-12,57.400508880615234,77.46365356445312
2014-02-13,57.54242706298828,77.93730163574219
2014-02-14,57.521183013916016,78.31295013427734
2014-02-18,57.59920120239258,78.54158782958984
2014-02-19,57.54956817626953,78.01895141601562
2014-02-20,57.54242706298828,78.54158782958984
2014-02-21,57.58502197265625,78.47624969482422
2014-02-24,57.570804595947266,78.92538452148438
2014-02-25,57.68435287475586,78.8927230834961
2014-02-26,57.804969787597656,78.97440338134766
2014-02-27,57.875972747802734,79.3908462524414
2014-02-28,57.8333854675293,79.537841796875
2014-03-03,57.9556999206543,78.95804595947266
2014-03-04,57.756587982177734,80.1993179321289
2014-03-05,57.834800720214844,80.21564483642578
2014-03-06,57.69257354736328,80.36262512207031
2014-03-07,57.52190017700195,80.3381118774414
2014-03-10,57.55743408203125,80.28096771240234
2014-03-11,57.550384521484375,79.83184051513672
2014-03-12,57.671295166015625,79.88897705078125
2014-03-13,57.84194564819336,78.96623992919922
2014-03-14,57.806365966796875,78.86820983886719
2014-03-17,57.72812271118164,79.49700927734375
2014-03-18,57.79216003417969,80.17481231689453
2014-03-19,57.52190017700195,79.7175064086914
2014-03-20,57.47215270996094,80.11763763427734
2014-03-21,57.63566970825195,79.82367706298828
2014-03-24,57.64284133911133,79.35818481445312
2014-03-25,57.628604888916016,79.6395263671875
2014-03-26,57.785011291503906,78.97515106201172
2014-03-27,57.84194564819336,78.8111343383789
2014-03-28,57.735252380371094,79.16381072998047
2014-03-31,57.735252380371094,79.94297790527344
2014-04-01,57.671146392822266,80.56632995605469
2014-04-02,57.55712127685547,80.82057189941406
2014-04-03,57.60696029663086,80.5991439819336
2014-04-04,57.778038024902344,79.49189758300781
2014-04-07,57.88492965698242,78.54045867919922
2014-04-08,57.927703857421875,78.88497924804688
2014-04-09,57.91347122192383,79.82816314697266
2014-04-10,58.09165954589844,78.07295989990234
2014-04-11,58.12726974487305,77.30198669433594
2014-04-14,58.12015914916992,77.82691955566406
2014-04-15,58.14866638183594,78.36002349853516
2014-04-16,58.11301803588867,79.18020629882812
2014-04-17,57.96334457397461,79.3360595703125
2014-04-21,57.97763442993164,79.65592193603516
2014-04-22,57.97763442993164,80.06600189208984
2014-04-23,58.07025909423828,79.86095428466797
2014-04-24,58.08451461791992,79.96758270263672
2014-04-25,58.10590744018555,79.18840026855469
2014-04-28,58.0417366027832,79.30323028564453
2014-04-29,58.07025909423828,79.6968994140625
2014-04-30,58.198524475097656,79.9922103881836
2014-05-01,58.3399658203125,80.01679229736328
2014-05-02,58.4042854309082,79.95117950439453
2014-05-05,58.3399658203125,80.0823974609375
2014-05-06,58.39714050292969,79.34426879882812
2014-05-07,58.42568588256836,79.71333312988281
2014-05-08,58.45432662963867,79.50008392333984
2014-05-09,58.38285827636719,79.6968994140625
2014-05-12,58.32569122314453,80.5991439819336
2014-05-13,58.4328727722168,80.54991149902344
2014-05-14,58.582881927490234,80.10700988769531
2014-05-15,58.6900520324707,79.36885070800781
2014-05-16,58.6900520324707,79.70512390136719
2014-05-19,58.668617248535156,80.07417297363281
2014-05-20,58.69718933105469,79.4754867553711
2014-05-21,58.647186279296875,80.09062194824219
2014-05-22,58.611454010009766,80.36126708984375
2014-05-23,58.668617248535156,80.7795639038086
2014-05-27,58.72573471069336,81.31265258789062
2014-05-28,58.91859436035156,81.22246551513672
2014-05-29,58.86860656738281,81.65714263916016
2014-05-30,58.811485290527344,81.67356872558594
2014-06-02,58.667564392089844,81.77196502685547
2014-06-03,58.524417877197266,81.7391586303711
2014-06-04,58.531532287597656,81.91144561767578
2014-06-05,58.59597396850586,82.57574462890625
2014-06-06,58.58881378173828,83.00227355957031
2014-06-09,58.53868103027344,83.14169311523438
2014-06-10,58.42414855957031,83.12525939941406
2014-06-11,58.445655822753906,82.84640502929688
2014-06-12,58.59597396850586,82.2558822631836
2014-06-13,58.58167266845703,82.52656555175781
2014-06-16,58.56731033325195,82.59217834472656
2014-06-17,58.43132019042969,82.88743591308594
2014-06-18,58.58167266845703,83.50255584716797
2014-06-19,58.531532287597656,83.6009750366211
2014-06-20,58.56731033325195,83.79784393310547
2014-06-23,58.54582977294922,83.77320098876953
2014-06-24,58.65326690673828,83.1884765625
2014-06-25,58.73199462890625,83.60852813720703
2014-06-26,58.81074905395508,83.55908203125
2014-06-27,58.81074905395508,83.78144836425781
2014-06-30,58.86088943481445,83.81439971923828
2014-07-01,58.747493743896484,84.41558074951172
2014-07-02,58.589664459228516,84.36619567871094
2014-07-03,58.517913818359375,84.81094360351562
2014-07-07,58.589664459228516,84.36619567871094
2014-07-08,58.6972770690918,83.72380828857422
2014-07-09,58.754669189453125,84.08619689941406
2014-07-10,58.76909255981445,83.71556091308594
2014-07-11,58.8551139831543,83.78968811035156
2014-07-14,58.76909255981445,84.1932144165039
2014-07-15,58.725955963134766,83.97911071777344
2014-07-16,58.747493743896484,84.1932144165039
2014-07-17,58.90534210205078,83.22142791748047
2014-07-18,58.90534210205078,84.11910247802734
2014-07-21,58.90534210205078,83.92147064208984
2014-07-22,58.98426818847656,84.34969329833984
2014-07-23,58.95553970336914,84.54737854003906
2014-07-24,58.840755462646484,84.56385803222656
2014-07-25,58.94835662841797,84.11910247802734
2014-07-28,58.934024810791016,84.09440612792969
2014-07-29,58.98426818847656,83.78968811035156
2014-07-30,58.76188659667969,83.84733581542969
2014-07-31,58.6972770690918,82.14253997802734
2014-08-01,58.892879486083984,81.93667602539062
2014-08-04,58.971893310546875,82.49671173095703
2014-08-05,58.892879486083984,81.7719497680664
2014-08-06,58.957481384277344,81.7884292602539
2014-08-07,59.08694076538086,81.36019134521484
2014-08-08,59.043800354003906,82.2990493774414
2014-08-11,59.07254409790039,82.59552001953125
2014-08-12,59.022220611572266,82.4472885131836
2014-08-13,59.13008499145508,83.03199005126953
2014-08-14,59.18758010864258,83.3944091796875
2014-08-15,59.29542922973633,83.40259552001953
2014-08-18,59.17324447631836,84.15206146240234
2014-08-19,59.16596221923828,84.57207489013672
2014-08-20,59.079742431640625,84.76974487304688
2014-08-21,59.14443588256836,84.95913696289062
2014-08-22,59.14443588256836,84.83563995361328
2014-08-25,59.16596221923828,85.28036499023438
2014-08-26,59.19476318359375,85.43680572509766
2014-08-27,59.28823471069336,85.38739776611328
2014-08-28,59.36729049682617,85.29681396484375
2014-08-29,59.36729049682617,85.55213165283203
2014-09-02,59.16490173339844,85.61799621582031
2014-09-03,59.26576614379883,85.52742004394531
2014-09-04,59.16490173339844,85.34623718261719
2014-09-05,59.143253326416016,85.7415771484375
2014-09-08,59.099998474121094,85.56861877441406
2014-09-09,58.99913787841797,84.9673843383789
2014-09-10,58.89107131958008,85.28858184814453
2014-09-11,58.84787368774414,85.44507598876953
2014-09-12,58.75420379638672,84.8932876586914
2014-09-15,58.78303146362305,84.6708984375
2014-09-16,58.76140213012695,85.2721176147461
2014-09-17,58.68933868408203,85.36270904541016
2014-09-18,58.6965446472168,85.79920196533203
2014-09-19,58.81903076171875,85.63449096679688
2014-09-22,58.89107131958008,84.84385681152344
2014-09-23,58.919891357421875,84.30029296875
2014-09-24,58.88389205932617,84.95801544189453
2014-09-25,59.0279655456543,83.62601470947266
2014-09-26,58.97032928466797,84.30445861816406
2014-09-29,59.0423583984375,84.1555404663086
2014-09-30,59.0279655456543,83.7583999633789
2014-10-01,59.281394958496094,82.65804290771484
2014-10-02,59.23802947998047,82.69943237304688
2014-10-03,59.20196533203125,83.62601470947266
2014-10-06,59.339111328125,83.46055603027344
2014-10-07,59.490699768066406,82.16992950439453
2014-10-08,59.649539947509766,83.5350112915039
2014-10-09,59.5556755065918,81.81419372558594
2014-10-10,59.60621643066406,80.79657745361328
2014-10-13,59.77946853637695,79.50594329833984
2014-10-14,59.858863830566406,79.7541732788086
2014-10-15,59.99601364135742,79.30741882324219
2014-10-16,59.894954681396484,79.48110961914062
2014-10-17,59.85165786743164,80.34983825683594
2014-10-20,59.90216827392578,81.15232849121094
2014-10-21,59.8155517578125,82.75733947753906
2014-10-22,59.80115509033203,82.11202239990234
2014-10-23,59.62062072753906,83.10482025146484
2014-10-24,59.67119598388672,83.6839370727539
2014-10-27,59.649539947509766,83.56812286376953
2014-10-28,59.613372802734375,84.65190887451172
2014-10-29,59.512351989746094,84.52781677246094
2014-10-30,59.5556755065918,85.049072265625
2014-10-31,59.45463562011719,86.05838012695312
2014-11-03,59.4278564453125,86.10799407958984
2014-11-04,59.413352966308594,85.79360961914062
2014-11-05,59.48574447631836,86.1989974975586
2014-11-06,59.34825897216797,86.62096405029297
2014-11-07,59.55082321166992,86.68714141845703
2014-11-10,59.4278564453125,86.9518814086914
2014-11-11,59.45680618286133,87.03460693359375
2014-11-12,59.4495735168457,87.0180435180664
2014-11-13,59.49296188354492,87.00151824951172
2014-11-14,59.50741195678711,87.00980377197266
2014-11-17,59.50741195678711,87.00151824951172
2014-11-18,59.59422302246094,87.51445007324219
2014-11-19,59.44232940673828,87.29109954833984
2014-11-20,59.51466369628906,87.5392837524414
2014-11-21,59.644901275634766,88.00260162353516
2014-11-24,59.65214538574219,88.32523345947266
2014-11-25,59.76060485839844,88.3086929321289
2014-11-26,59.84741973876953,88.50724792480469
2014-11-28,59.94869613647461,88.19287109375
2014-12-01,59.85880661010742,87.4482650756836
2014-12-02,59.72834396362305,87.99431610107422
2014-12-03,59.71378707885742,88.39141082763672
2014-12-04,59.81532287597656,88.28388214111328
2014-12-05,59.641395568847656,88.482421875
2014-12-08,59.764564514160156,87.85365295410156
2014-12-09,59.78635787963867,87.90328216552734
2014-12-10,59.94576644897461,86.4637451171875
2014-12-11,59.887779235839844,86.86088562011719
2014-12-12,60.0908203125,85.49578857421875
2014-12-15,59.98204803466797,84.87528991699219
2014-12-16,60.11973571777344,84.24652862548828
2014-12-17,59.974796295166016,86.05009460449219
2014-12-18,59.88058853149414,88.08531188964844
2014-12-19,60.011024475097656,88.44933319091797
2014-12-22,59.98204803466797,88.79949188232422
2014-12-23,59.720603942871094,88.99907684326172
2014-12-24,59.742454528808594,89.02405548095703
2014-12-26,59.793426513671875,89.29017639160156
2014-12-29,59.89540481567383,89.48147583007812
2014-12-30,59.93907165527344,89.0406723022461
2014-12-31,59.982765197753906,88.15908813476562
2015-01-02,60.186683654785156,88.09255981445312
2015-01-05,60.36143493652344,86.57886505126953
2015-01-06,60.53618240356445,85.73054504394531
2015-01-07,60.572628021240234,86.75352478027344
2015-01-08,60.47797775268555,88.2838363647461
2015-01-09,60.57990264892578,87.55194091796875
2015-01-12,60.659976959228516,86.92819213867188
2015-01-13,60.718318939208984,86.72856140136719
2015-01-14,60.85663604736328,86.2544937133789
2015-01-15,61.126075744628906,85.3812484741211
2015-01-16,60.94398498535156,86.51232147216797
2015-01-20,60.878475189208984,86.6371078491211
2015-01-21,60.761940002441406,87.02799224853516
2015-01-22,60.77653503417969,88.35037231445312
2015-01-23,60.973140716552734,87.95117950439453
2015-01-26,60.90034103393555,88.31710052490234
2015-01-27,60.93672180175781,87.28581237792969
2015-01-28,61.155181884765625,86.10481262207031
2015-01-29,61.089637756347656,86.92819213867188
2015-01-30,61.42457962036133,85.7471694946289
2015-02-02,61.35167694091797,86.71195983886719
2015-02-03,61.16193771362305,88.04267120361328
2015-02-04,61.18385696411133,87.73491668701172
2015-02-05,61.052490234375,88.69969940185547
2015-02-06,60.65843200683594,88.43354034423828
2015-02-09,60.63652420043945,87.99274444580078
2015-02-10,60.527130126953125,88.89094543457031
2015-02-11,60.527130126953125,88.93255615234375
2015-02-12,60.55632019042969,89.78917694091797
2015-02-13,60.41770553588867,90.2133560180664
2015-02-17,60.17687225341797,90.354736328125
2015-02-18,60.34470748901367,90.40465545654297
2015-02-19,60.29365158081055,90.37967681884766
2015-02-20,60.30819320678711,90.88701629638672
2015-02-23,60.4322509765625,90.87873077392578
2015-02-24,60.680397033691406,91.08663177490234
2015-02-25,60.73872375488281,91.05335998535156
2015-02-26,60.5709228515625,90.99514770507812
2015-02-27,60.62197494506836,90.67076110839844
2015-03-02,60.42601776123047,91.22801971435547
2015-03-03,60.35295486450195,90.85376739501953
2015-03-04,60.35295486450195,90.48780059814453
2015-03-05,60.38947677612305,90.62918090820312
2015-03-06,60.03854751586914,89.37334442138672
2015-03-09,60.111656188964844,89.70600891113281
2015-03-10,60.34563064575195,88.34205627441406
2015-03-11,60.41144561767578,88.27552032470703
2015-03-12,60.45526885986328,89.38167572021484
2015-03-13,60.396785736083984,88.8826675415039
2015-03-16,60.513771057128906,89.99714660644531
2015-03-17,60.56491470336914,89.82243347167969
2015-03-18,60.93782043457031,90.85376739501953
2015-03-19,60.75502014160156,90.52938842773438
2015-03-20,60.91585922241211,91.28623962402344
2015-03-23,60.945133209228516,91.12821197509766
2015-03-24,61.04747772216797,90.64582824707031
2015-03-25,60.9524040222168,89.23202514648438
2015-03-26,60.75502014160156,89.0565414428711
2015-03-27,60.813568115234375,89.29888153076172
2015-03-30,60.88661575317383,90.43525695800781
2015-03-31,60.9524040222168,89.61639404296875
2015-04-01,61.19499969482422,89.44925689697266
2015-04-02,61.1143913269043,89.7333984375
2015-04-06,61.16567611694336,90.35169982910156
2015-04-07,61.20228958129883,90.0508804321289
2015-04-08,61.15831756591797,90.43525695800781
2015-04-09,61.02642822265625,90.75277709960938
2015-04-10,60.99714660644531,91.17892456054688
2015-04-13,61.01176071166992,90.81964111328125
2015-04-14,61.1217155456543,90.95331573486328
2015-04-15,61.180328369140625,91.41291046142578
2015-04-16,61.16567611694336,91.37113189697266
2015-04-17,61.26826477050781,90.30994415283203
2015-04-20,61.20228958129883,91.04524230957031
2015-04-21,61.12903594970703,91.02015686035156
2015-04-22,60.901859283447266,91.404541015625
2015-04-23,61.01911163330078,91.68864440917969
2015-04-24,61.1143913269043,91.78890991210938
2015-04-27,61.07038879394531,91.3126220703125
2015-04-28,60.879878997802734,91.55493927001953
2015-04-29,60.68933868408203,91.15387725830078
2015-04-30,60.755313873291016,90.16787719726562
2015-05-01,60.57102584838867,90.99510192871094
2015-05-04,60.48289108276367,91.3126220703125
2015-05-05,60.38750076293945,90.22637939453125
2015-05-06,60.218605041503906,89.9756851196289
2015-05-07,60.343421936035156,90.31827545166016
2015-05-08,60.50493240356445,91.4546890258789
2015-05-11,60.18926239013672,91.07029724121094
2015-05-12,60.1158332824707,90.80290985107422
2015-05-13,60.08652114868164,90.85307312011719
2015-05-14,60.20394515991211,91.7554931640625
2015-05-15,60.446205139160156,91.86412048339844
2015-05-18,60.22593688964844,92.20669555664062
2015-05-19,60.09379196166992,92.16493225097656
2015-05-20,60.09379196166992,92.10643005371094
2015-05-21,60.28470993041992,92.34038543701172
2015-05-22,60.24798583984375,92.16493225097656
2015-05-26,60.39483642578125,91.2039794921875
2015-05-27,60.42414093017578,92.03958892822266
2015-05-28,60.431514739990234,91.9560317993164
2015-05-29,60.45355224609375,91.33773040771484
2015-06-01,60.25196838378906,91.56331634521484
2015-06-02,60.08277893066406,91.49647521972656
2015-06-03,59.81792068481445,91.81397247314453
2015-06-04,59.965049743652344,91.07867431640625
2015-06-05,59.729652404785156,91.0034408569336
2015-06-08,59.803199768066406,90.44361877441406
2015-06-09,59.62665939331055,90.36842346191406
2015-06-10,59.501609802246094,91.47138977050781
2015-06-11,59.78117370605469,91.73043060302734
2015-06-12,59.73699188232422,91.1287841796875
2015-06-15,59.744388580322266,90.71100616455078
2015-06-16,59.89884948730469,91.21237182617188
2015-06-17,59.920902252197266,91.36274719238281
2015-06-18,59.87678909301758,92.26515197753906
2015-06-19,60.04601287841797,91.86412048339844
2015-06-22,59.75912094116211,92.4239730834961
2015-06-23,59.619285583496094,92.51586151123047
2015-06-24,59.729652404785156,91.81397247314453
2015-06-25,59.64871597290039,91.52987670898438
2015-06-26,59.53835678100586,91.47785186767578
2015-06-29,59.84000015258789,89.5645523071289
2015-06-30,59.78117370605469,89.80789947509766
2015-07-01,59.63593673706055,90.39532470703125
2015-07-02,59.78335952758789,90.27782440185547
2015-07-06,59.98979568481445,90.04287719726562
2015-07-07,60.04872131347656,90.53797149658203
2015-07-08,60.21827697753906,89.0274887084961
2015-07-09,60.01923370361328,89.21210479736328
2015-07-10,59.739105224609375,90.29464721679688
2015-07-13,59.599056243896484,91.31839752197266
2015-07-14,59.70961380004883,91.72958374023438
2015-07-15,59.87922286987305,91.61209106445312
2015-07-16,59.87922286987305,92.24988555908203
2015-07-17,59.88658905029297,92.2750473022461
2015-07-20,59.80546951293945,92.28345489501953
2015-07-21,59.91604995727539,91.88066101074219
2015-07-22,59.93816375732422,91.74637603759766
2015-07-23,60.078224182128906,91.21770477294922
2015-07-24,60.11505889892578,90.26105499267578
2015-07-27,60.233055114746094,89.66526794433594
2015-07-28,60.12982940673828,90.73098754882812
2015-07-29,60.078224182128906,91.35198974609375
2015-07-30,60.100311279296875,91.42750549316406
2015-07-31,60.30673599243164,91.33517456054688
2015-08-03,60.44632339477539,91.00794219970703
2015-08-04,60.2395133972168,90.85684204101562
2015-08-05,60.14347839355469,91.1589584350586
2015-08-06,60.180450439453125,90.41210174560547
2015-08-07,60.3060188293457,90.15194702148438
2015-08-10,60.180450439453125,91.27642059326172
2015-08-11,60.409420013427734,90.45406341552734
2015-08-12,60.38726806640625,90.54639434814453
2015-08-13,60.26167678833008,90.42049407958984
2015-08-14,60.2395133972168,90.76457214355469
2015-08-17,60.35032653808594,91.34355926513672
2015-08-18,60.2395133972168,91.10859680175781
2015-08-19,60.45381164550781,90.29464721679688
2015-08-20,60.50546646118164,88.33097839355469
2015-08-21,60.60148239135742,85.78826904296875
2015-08-24,60.58668899536133,82.33930206298828
2015-08-25,60.38726806640625,81.35746765136719
2015-08-26,60.12875747680664,84.31134033203125
2015-08-27,60.2099609375,86.35053253173828
2015-08-28,60.2395133972168,86.41767120361328
2015-08-31,60.15824508666992,85.77151489257812
2015-09-01,60.3048210144043,83.25399780273438
2015-09-02,60.260433197021484,84.82324981689453
2015-09-03,60.3048210144043,84.92394256591797
2015-09-04,60.452842712402344,83.71553039550781
2015-09-08,60.3048210144043,85.83024597167969
2015-09-09,60.28999710083008,84.6553955078125
2015-09-10,60.16419982910156,85.09176635742188
2015-09-11,60.28999710083008,85.47781372070312
2015-09-14,60.3048210144043,85.1505126953125
2015-09-15,60.053165435791016,86.22467041015625
2015-09-16,60.016136169433594,86.9546890258789
2015-09-17,60.356632232666016,86.83723449707031
2015-09-18,60.526859283447266,85.46099090576172
2015-09-21,60.3048210144043,85.80504608154297
2015-09-22,60.41585159301758,84.6553955078125
2015-09-23,60.41585159301758,84.487548828125
2015-09-24,60.438087463378906,84.18545532226562
2015-09-25,60.3270378112793,84.01509094238281
2015-09-28,60.482486724853516,81.76311492919922
2015-09-29,60.526859283447266,81.7462387084961
2015-09-30,60.64532470703125,83.26444244384766
2015-10-01,60.677947998046875,83.43310546875
2015-10-02,60.907901763916016,84.64766693115234
2015-10-05,60.67054748535156,86.20803833007812
2015-10-06,60.75213623046875,85.92970275878906
2015-10-07,60.75213623046875,86.70565032958984
2015-10-08,60.65569305419922,87.4563217163086
2015-10-09,60.64826583862305,87.57440948486328
2015-10-12,60.75213623046875,87.59126281738281
2015-10-13,60.789207458496094,86.95024871826172
2015-10-14,61.01171112060547,86.50323486328125
2015-10-15,60.89307403564453,87.81059265136719
2015-10-16,60.870811462402344,88.14795684814453
2015-10-19,60.870811462402344,88.24913787841797
2015-10-20,60.77439498901367,88.14795684814453
2015-10-21,60.88562774658203,87.4563217163086
2015-10-22,60.989501953125,88.73834228515625
2015-10-23,60.833702087402344,89.6661148071289
2015-10-26,60.90046691894531,89.45528411865234
2015-10-27,60.915313720703125,89.16007995605469
2015-10-28,60.74471664428711,90.33243560791016
2015-10-29,60.52961349487305,90.19750213623047
2015-10-30,60.6630973815918,89.85171508789062
2015-11-02,60.54347610473633,91.03252410888672
2015-11-03,60.439369201660156,91.26025390625
2015-11-04,60.4765739440918,91.04093170166016
2015-11-05,60.36507797241211,90.93974304199219
2015-11-06,60.12725830078125,90.95661926269531
2015-11-09,60.07521438598633,90.04570770263672
2015-11-10,60.14215087890625,90.24811553955078
2015-11-11,60.14956283569336,89.86014556884766
2015-11-12,60.15696716308594,88.51905059814453
2015-11-13,60.268436431884766,87.58283233642578
2015-11-16,60.268436431884766,88.8564453125
2015-11-17,60.335357666015625,88.74678039550781
2015-11-18,60.305660247802734,90.16378021240234
2015-11-19,60.38737106323242,90.04570770263672
2015-11-20,60.37250518798828,90.43364715576172
2015-11-23,60.39480209350586,90.34091186523438
2015-11-24,60.417091369628906,90.5770492553711
2015-11-25,60.42452621459961,90.64453125
2015-11-27,60.45425796508789,90.77949523925781
2015-11-30,60.42452621459961,90.39149475097656
2015-12-01,60.6532096862793,91.2433853149414
2015-12-02,60.578712463378906,90.29026794433594
2015-12-03,60.109527587890625,88.94076538085938
2015-12-04,60.34783935546875,90.5770492553711
2015-12-07,60.4521369934082,89.86854553222656
2015-12-08,60.467010498046875,89.32875061035156
2015-12-09,60.444679260253906,88.56124877929688
2015-12-10,60.43718338012695,88.82270050048828
2015-12-11,60.601051330566406,87.07677459716797
2015-12-14,60.31800079345703,87.38883209228516
2015-12-15,60.251033782958984,88.32505798339844
2015-12-16,60.184017181396484,89.60708618164062
2015-12-17,60.31058883666992,88.29134368896484
2015-12-18,60.444679260253906,86.7900161743164
2015-12-21,60.37763214111328,87.4796371459961
2015-12-22,60.2956657409668,88.26851654052734
2015-12-23,60.303199768066406,89.37122344970703
2015-12-24,60.34800720214844,89.26094055175781
2015-12-28,60.34800720214844,89.06587982177734
2015-12-29,60.1612434387207,90.01592254638672
2015-12-30,60.19861602783203,89.33729553222656
2015-12-31,60.31809616088867,88.47207641601562
2016-01-04,60.288230895996094,87.14881134033203
2016-01-05,60.3629035949707,87.34392547607422
2016-01-06,60.63176727294922,86.17332458496094
2016-01-07,60.6392707824707,84.06121063232422
2016-01-08,60.71389389038086,83.10267639160156
2016-01-11,60.460052490234375,83.05179595947266
2016-01-12,60.61687469482422,83.6201171875
2016-01-13,60.766231536865234,81.4655532836914
2016-01-14,60.69152069091797,82.71248626708984
2016-01-15,60.79613494873047,80.97359466552734
2016-01-19,60.721405029296875,80.88875579833984
2016-01-20,60.78861618041992,80.0914077758789
2016-01-21,60.75131607055664,80.40526580810547
2016-01-22,60.728878021240234,82.11870574951172
2016-01-25,60.728878021240234,80.7699966430664
2016-01-26,60.818546295166016,81.99996948242188
2016-01-27,60.818546295166016,81.06689453125
2016-01-28,60.86334228515625,81.38923645019531
2016-01-29,61.042579650878906,83.40806579589844
2016-02-01,60.918304443359375,83.42504119873047
2016-02-02,61.127906799316406,81.81332397460938
2016-02-03,61.172794342041016,82.3053207397461
2016-02-04,61.21770477294922,82.50044250488281
2016-02-05,61.1578254699707,80.80393981933594
2016-02-08,61.41982650756836,79.54854583740234
2016-02-09,61.4123420715332,79.44676208496094
2016-02-10,61.53955841064453,79.49762725830078
2016-02-11,61.5770149230957,78.51366424560547
2016-02-12,61.37488555908203,80.04052734375
2016-02-16,61.28510665893555,81.49951934814453
2016-02-17,61.27013397216797,82.84820556640625
2016-02-18,61.479671478271484,82.51741027832031
2016-02-19,61.397342681884766,82.53433990478516
2016-02-22,61.4123420715332,83.7388687133789
2016-02-23,61.449737548828125,82.7294692993164
2016-02-24,61.49466323852539,83.15359497070312
2016-02-25,61.58448791503906,84.13751983642578
2016-02-26,61.524593353271484,84.06969451904297
2016-02-29,61.56204605102539,83.39956665039062
2016-03-01,61.35579299926758,85.38446044921875
2016-03-02,61.31827926635742,85.8594970703125
2016-03-03,61.348289489746094,86.28360748291016
2016-03-04,61.31827926635742,86.58048248291016
2016-03-07,61.303287506103516,86.75862884521484
2016-03-08,61.505794525146484,85.68135833740234
2016-03-09,61.400794982910156,86.09699249267578
2016-03-10,61.37077331542969,86.0715560913086
2016-03-11,61.2883415222168,87.53056335449219
2016-03-14,61.42327117919922,87.42871856689453
2016-03-15,61.36324691772461,87.13044738769531
2016-03-16,61.60327911376953,87.6759033203125
2016-03-17,61.73823165893555,88.34912872314453
2016-03-18,61.79074478149414,88.74116516113281
2016-03-21,61.678253173828125,88.82638549804688
2016-03-22,61.66324234008789,88.8008041381836
2016-03-23,61.79826736450195,88.076416015625
2016-03-24,61.72325897216797,88.05085754394531
2016-03-28,61.75326156616211,88.11051177978516
2016-03-29,62.00826644897461,89.09054565429688
2016-03-30,61.985782623291016,89.43143463134766
2016-03-31,62.10575485229492,89.32917785644531
2016-04-01,62.17570114135742,89.89163970947266
2016-04-04,62.17570114135742,89.51667022705078
2016-04-05,62.288421630859375,88.64738464355469
2016-04-06,62.25832748413086,89.6189193725586
2016-04-07,62.46125030517578,88.54513549804688
2016-04-08,62.40859603881836,88.8008041381836
2016-04-11,62.40111541748047,88.55366516113281
2016-04-12,62.303436279296875,89.41439056396484
2016-04-13,62.34096908569336,90.46260070800781
2016-04-14,62.288421630859375,90.42855072021484
2016-04-15,62.43122100830078,90.38593292236328
2016-04-18,62.40859603881836,90.99099731445312
2016-04-19,62.44622802734375,91.24665832519531
2016-04-20,62.27334213256836,91.34040069580078
2016-04-21,62.19817352294922,90.88873291015625
2016-04-22,62.17570114135742,91.0165786743164
2016-04-25,62.100494384765625,90.79499816894531
2016-04-26,62.01033020019531,91.04212951660156
2016-04-27,62.19817352294922,91.26370239257812
2016-04-28,62.31092834472656,90.4455795288086
2016-04-29,62.35603713989258,89.917236328125
2016-05-02,62.24606704711914,90.61602020263672
2016-05-03,62.419281005859375,89.70415496826172
2016-05-04,62.441871643066406,89.17578887939453
2016-05-05,62.5547981262207,89.14169311523438
2016-05-06,62.524658203125,89.46552276611328
2016-05-09,62.56988525390625,89.55924224853516
2016-05-10,62.56988525390625,90.62451934814453
2016-05-11,62.5849723815918,89.79789733886719
2016-05-12,62.59252166748047,89.76380157470703
2016-05-13,62.660255432128906,88.98827362060547
2016-05-16,62.524658203125,89.8746109008789
2016-05-17,62.47956085205078,89.06500244140625
2016-05-18,62.185829162597656,89.05648040771484
2016-05-19,62.253604888916016,88.70703887939453
2016-05-20,62.253604888916016,89.38884735107422
2016-05-23,62.268680572509766,89.27804565429688
2016-05-24,62.2385368347168,90.47115325927734
2016-05-25,62.21593475341797,91.1273422241211
2016-05-26,62.321407318115234,91.11029815673828
2016-05-27,62.29880142211914,91.51935577392578
2016-05-31,62.35155487060547,91.47676086425781
2016-06-01,62.37337875366211,91.72389221191406
2016-06-02,62.49409103393555,92.03071594238281
2016-06-03,62.886497497558594,91.77503967285156
2016-06-06,62.788414001464844,92.25226593017578
2016-06-07,62.79596710205078,92.43122863769531
2016-06-08,62.871421813964844,92.75508117675781
2016-06-09,62.93178939819336,92.56761169433594
2016-06-10,62.99211883544922,91.61310577392578
2016-06-13,63.0072135925293,90.85462951660156
2016-06-14,62.9996452331543,90.6911392211914
2016-06-15,63.14304733276367,90.59695434570312
2016-06-16,63.21097946166992,90.86233520507812
2016-06-17,63.12043380737305,90.56275939941406
2016-06-20,62.97705841064453,91.17904663085938
2016-06-21,62.894073486328125,91.37593841552734
2016-06-22,62.916709899902344,91.17050170898438
2016-06-23,62.80350112915039,92.42878723144531
2016-06-24,63.158172607421875,89.06481170654297
2016-06-27,63.475059509277344,87.29293060302734
2016-06-28,63.55050277709961,88.89360809326172
2016-06-29,63.52787780761719,90.4857177734375
2016-06-30,63.61089324951172,91.72689056396484
2016-07-01,63.78782653808594,91.90664672851562
2016-07-05,64.00706481933594,91.22183990478516
2016-07-06,64.1204605102539,91.77825164794922
2016-07-07,64.01463317871094,91.73545837402344
2016-07-08,64.1809310913086,93.16493225097656
2016-07-11,63.991981506347656,93.55013275146484
2016-07-12,63.73490905761719,94.32907104492188
2016-07-13,63.848297119140625,94.27770233154297
2016-07-14,63.7500114440918,94.73136138916016
2016-07-15,63.54586410522461,94.62866973876953
2016-07-18,63.56854248046875,94.8940200805664
2016-07-19,63.666873931884766,94.7057113647461
2016-07-20,63.59880447387695,95.21073913574219
2016-07-21,63.67438888549805,94.8341064453125
2016-07-22,63.68196105957031,95.28775787353516
2016-07-25,63.6441764831543,95.03952026367188
2016-07-26,63.63661575317383,95.14227294921875
2016-07-27,63.82561111450195,95.03096008300781
2016-07-28,63.78782653808594,95.15082550048828
2016-07-29,63.991981506347656,95.37335968017578
2016-08-01,63.79120635986328,95.24495697021484
2016-08-02,63.730594635009766,94.52595520019531
2016-08-03,63.730594635009766,94.87688446044922
2016-08-04,63.84420394897461,94.98817443847656
2016-08-05,63.6320915222168,95.77566528320312
2016-08-08,63.63973617553711,95.71577453613281
2016-08-09,63.82147979736328,95.80137634277344
2016-08-10,63.90484619140625,95.51888275146484
2016-08-11,63.73817443847656,95.99822235107422
2016-08-12,63.882102966308594,95.90406036376953
2016-08-15,63.77604293823242,96.25504302978516
2016-08-16,63.745750427246094,95.70721435546875
2016-08-17,63.84420394897461,95.8270492553711
2016-08-18,63.912410736083984,96.12661743164062
2016-08-19,63.78361129760742,95.98965454101562
2016-08-22,63.87452697753906,96.0153579711914
2016-08-23,63.90484619140625,96.27214813232422
2016-08-24,63.89726638793945,95.73287200927734
2016-08-25,63.82909393310547,95.67293548583984
2016-08-26,63.6700325012207,95.4760971069336
2016-08-29,63.88970184326172,95.99822235107422
2016-08-30,63.83666229248047,95.84414672851562
2016-08-31,63.79120635986328,95.57026672363281
2016-09-01,63.87924575805664,95.62162017822266
2016-09-02,63.78819274902344,96.10948944091797
2016-09-06,63.97791290283203,96.38343811035156
2016-09-07,63.98550033569336,96.5118408203125
2016-09-08,63.74263000488281,96.26356506347656
2016-09-09,63.461788177490234,93.86685180664062
2016-09-12,63.484527587890625,95.17649841308594
2016-09-13,63.30240249633789,93.68757629394531
2016-09-14,63.385868072509766,93.69617462158203
2016-09-15,63.43903350830078,94.6595458984375
2016-09-16,63.492149353027344,94.28108215332031
2016-09-19,63.446632385253906,94.41870880126953
2016-09-20,63.461788177490234,94.37568664550781
2016-09-21,63.64397048950195,95.45948791503906
2016-09-22,63.77293395996094,96.15621185302734
2016-09-23,63.75779724121094,95.60572052001953
2016-09-26,63.86405563354492,94.84877014160156
2016-09-27,63.939964294433594,95.39069366455078
2016-09-28,63.939964294433594,95.94979858398438
2016-09-29,63.94753646850586,95.01219940185547
2016-09-30,63.86405563354492,95.76052856445312
2016-10-03,63.79638671875,95.46808624267578
2016-10-04,63.58344650268555,95.03800201416016
2016-10-05,63.476985931396484,95.40786743164062
2016-10-06,63.454193115234375,95.44229888916016
2016-10-07,63.50741195678711,95.0810317993164
2016-10-10,63.43895721435547,95.59713745117188
2016-10-11,63.34010314941406,94.32408142089844
2016-10-12,63.37812805175781,94.43590545654297
2016-10-13,63.454193115234375,94.10047912597656
2016-10-14,63.32490921020508,94.07466888427734
2016-10-17,63.461795806884766,93.80799865722656
2016-10-18,63.54541778564453,94.35847473144531
2016-10-19,63.59107971191406,94.6595458984375
2016-10-20,63.55307388305664,94.47891235351562
2016-10-21,63.60625457763672,94.44451141357422
2016-10-24,63.51500701904297,94.91755676269531
2016-10-25,63.51500701904297,94.5133056640625
2016-10-26,63.40092849731445,94.22948455810547
2016-10-27,63.22602462768555,93.91120910644531
2016-10-28,63.195613861083984,93.6015625
2016-10-31,63.2640380859375,93.66177368164062
2016-11-01,63.24348068237305,92.96503448486328
2016-11-02,63.3044548034668,92.31993865966797
2016-11-03,63.266334533691406,91.91566467285156
2016-11-04,63.38066864013672,91.85546112060547
2016-11-07,63.29679870605469,93.8853988647461
2016-11-08,63.18252182006836,94.28970336914062
2016-11-09,62.557708740234375,95.45948791503906
2016-11-10,62.291046142578125,95.7949447631836
2016-11-11,62.176692962646484,95.82936096191406
2016-11-14,61.94049835205078,96.07878112792969
2016-11-15,62.024330139160156,96.8271255493164
2016-11-16,62.15388488769531,96.68949127197266
2016-11-17,61.902427673339844,97.17980194091797
2016-11-18,61.75001907348633,96.99915313720703
2016-11-21,61.74238204956055,97.73027038574219
2016-11-22,61.79573059082031,98.01412963867188
2016-11-23,61.63569641113281,98.15174102783203
2016-11-25,61.658565521240234,98.53022003173828
2016-11-28,61.803375244140625,97.9625015258789
2016-11-29,61.849063873291016,98.10014343261719
2016-11-30,61.63569641113281,97.86793518066406
2016-12-01,61.40668869018555,97.4636459350586
2016-12-02,61.628089904785156,97.4636459350586
2016-12-05,61.704444885253906,98.14314270019531
2016-12-06,61.696815490722656,98.6420669555664
2016-12-07,61.841854095458984,99.86347198486328
2016-12-08,61.719722747802734,100.2247314453125
2016-12-09,61.536468505859375,100.76659393310547
2016-12-12,61.46773910522461,100.5085678100586
2016-12-13,61.536468505859375,101.09344482421875
2016-12-14,61.22346496582031,100.18171691894531
2016-12-15,61.1318359375,100.5946044921875
2016-12-16,61.18526077270508,100.43975830078125
2016-12-19,61.345584869384766,100.72359466552734
2016-12-20,61.35320281982422,101.15376281738281
2016-12-21,61.44482421875,100.8681411743164
2016-12-22,61.40274429321289,100.6084976196289
2016-12-23,61.43339538574219,100.76429748535156
2016-12-27,61.387428283691406,101.01527404785156
2016-12-28,61.54051971435547,100.17571258544922
2016-12-29,61.708892822265625,100.18440246582031
2016-12-30,61.839080810546875,99.81221771240234
2017-01-03,61.84672546386719,100.57384490966797
2017-01-04,61.89262771606445,101.34420013427734
2017-01-05,62.20646286010742,101.14511108398438
2017-01-06,61.9615364074707,101.4653549194336
2017-01-09,62.11457824707031,101.07587432861328
2017-01-10,62.09929275512695,101.15376281738281
2017-01-11,62.12990188598633,101.4740219116211
2017-01-12,62.14525604248047,101.2056884765625
2017-01-13,62.04570770263672,101.4566879272461
2017-01-17,62.23706817626953,101.00662994384766
2017-01-18,61.91558074951172,101.24031829833984
2017-01-19,61.80845260620117,100.84217834472656
2017-01-20,61.8543701171875,101.18840789794922
2017-01-23,62.02273178100586,100.92008972167969
2017-01-24,61.930904388427734,101.70769500732422
2017-01-25,61.74721908569336,102.5818862915039
2017-01-26,61.770145416259766,102.4347152709961
2017-01-27,61.839080810546875,102.27031707763672
2017-01-30,61.82372283935547,101.5779037475586
2017-01-31,61.953857421875,101.6644287109375
2017-02-01,61.84495544433594,101.65576934814453
2017-02-02,61.8833122253418,101.7249984741211
2017-02-03,61.898624420166016,102.4953384399414
2017-02-06,62.090396881103516,102.25299072265625
2017-02-07,62.19010925292969,102.24433135986328
2017-02-08,62.35882568359375,102.35686492919922
2017-02-09,62.19010925292969,103.03196716308594
2017-02-10,62.174781799316406,103.46473693847656
2017-02-13,62.10572814941406,103.98403930664062
2017-02-14,61.9753532409668,104.36483764648438
2017-02-15,61.87565231323242,104.93609619140625
2017-02-16,61.99068832397461,104.84088134765625
2017-02-17,62.136409759521484,104.99668884277344
2017-02-21,62.12873458862305,105.619873046875
2017-02-22,62.1671142578125,105.48139190673828
2017-02-23,62.28213882446289,105.40351867675781
2017-02-24,62.51226043701172,105.57661437988281
2017-02-27,62.38188934326172,105.81029510498047
2017-02-28,62.33583068847656,105.42080688476562
2017-03-01,62.080692291259766,106.84025573730469
2017-03-02,61.96541976928711,106.1565170288086
2017-03-03,62.01155471801758,106.24305725097656
2017-03-06,61.97309875488281,105.8276138305664
2017-03-07,61.85783386230469,105.49005889892578
2017-03-08,61.71179962158203,105.19576263427734
2017-03-09,61.5196533203125,105.24771881103516
2017-03-10,61.64265060424805,105.62852478027344
2017-03-13,61.5196533203125,105.70643615722656
2017-03-14,61.511993408203125,105.32559204101562
2017-03-15,61.896244049072266,106.27767181396484
2017-03-16,61.804039001464844,106.14784240722656
2017-03-17,61.92695999145508,106.0872802734375
2017-03-20,62.049957275390625,105.83625793457031
2017-03-21,62.19596862792969,104.35620880126953
2017-03-22,62.28049850463867,104.49470520019531
2017-03-23,62.249759674072266,104.46006774902344
2017-03-24,62.23439407348633,104.47049713134766
2017-03-27,62.3650016784668,104.34880065917969
2017-03-28,62.249759674072266,105.07913208007812
2017-03-29,62.372737884521484,105.27037048339844
2017-03-30,62.27280044555664,105.66162109375
2017-03-31,62.311248779296875,105.47904968261719
2017-04-03,62.537681579589844,105.21820068359375
2017-04-04,62.46834945678711,105.27037048339844
2017-04-05,62.52229309082031,104.8443603515625
2017-04-06,62.54534912109375,105.17474365234375
2017-04-07,62.40671920776367,105.09647369384766
2017-04-10,62.46834945678711,105.22691345214844
2017-04-11,62.6685676574707,105.19214630126953
2017-04-12,62.814937591552734,104.653076171875
2017-04-13,62.9073600769043,103.94017028808594
2017-04-17,62.86881637573242,104.8443603515625
2017-04-18,63.09217071533203,104.6183090209961
2017-04-19,62.976646423339844,104.5313720703125
2017-04-20,62.891944885253906,105.39208221435547
2017-04-21,62.9073600769043,105.05301666259766
2017-04-24,62.82264709472656,106.16587829589844
2017-04-25,62.630104064941406,106.8266372680664
2017-04-26,62.69171905517578,106.85275268554688
2017-04-27,62.73787307739258,106.95703887939453
2017-04-28,62.807228088378906,106.60060119628906
2017-05-01,62.689918518066406,106.87881469726562
2017-05-02,62.797977447509766,106.87881469726562
2017-05-03,62.728492736816406,106.61798858642578
2017-05-04,62.659053802490234,106.69622802734375
2017-05-05,62.6976432800293,107.22659301757812
2017-05-08,62.589569091796875,107.06139373779297
2017-05-09,62.55872344970703,107.02662658691406
2017-05-10,62.55101013183594,107.26140594482422
2017-05-11,62.59731674194336,106.9483871459961
2017-05-12,62.78253173828125,106.73970794677734
2017-05-15,62.767120361328125,107.31354522705078
2017-05-16,62.8288459777832,107.25269317626953
2017-05-17,63.168399810791016,105.32254028320312
2017-05-18,63.114376068115234,105.63554382324219
2017-05-19,63.1529655456543,106.3919448852539
2017-05-22,63.09893035888672,106.95703887939453
2017-05-23,62.96778106689453,107.13965606689453
2017-05-24,63.09893035888672,107.45263671875
2017-05-25,63.09893035888672,107.90473175048828
2017-05-26,63.12980270385742,107.88734436035156
2017-05-30,63.2224235534668,107.71346282958984
2017-05-31,63.253318786621094,107.67870330810547
2017-06-01,63.27031326293945,108.67855072021484
2017-06-02,63.47914505004883,109.0350341796875
2017-06-05,63.37860870361328,108.89590454101562
2017-06-06,63.49458312988281,108.61766815185547
2017-06-07,63.4095573425293,108.7393798828125
2017-06-08,63.36311721801758,108.93067169189453
2017-06-09,63.30896759033203,108.8437271118164
2017-06-12,63.29349899291992,108.82633209228516
2017-06-13,63.30896759033203,109.36537170410156
2017-06-14,63.54100036621094,109.2088851928711
2017-06-15,63.471351623535156,108.96546173095703
2017-06-16,63.54100036621094,108.89590454101562
2017-06-19,63.448204040527344,109.7826919555664
2017-06-20,63.54100036621094,109.0350341796875
2017-06-21,63.571903228759766,108.90836334228516
2017-06-22,63.59516906738281,108.95201110839844
2017-06-23,63.61061096191406,109.2228012084961
2017-06-26,63.680206298828125,109.30140686035156
2017-06-27,63.463626861572266,108.40174102783203
2017-06-28,63.463626861572266,109.4236831665039
2017-06-29,63.332237243652344,108.55025482177734
2017-06-30,63.28580093383789,108.69872283935547
2017-07-03,63.292781829833984,108.96076202392578
2017-07-05,63.33161926269531,109.08306121826172
2017-07-06,63.18406677246094,108.00873565673828
2017-07-07,63.16852951049805,108.75985717773438
2017-07-10,63.19960403442383,108.8384780883789
2017-07-11,63.26173782348633,108.8122787475586
2017-07-12,63.409305572509766,109.58960723876953
2017-07-13,63.385982513427734,109.76434326171875
2017-07-14,63.409305572509766,110.25344848632812
2017-07-17,63.49468994140625,110.25344848632812
2017-07-18,63.64226150512695,110.32331848144531
2017-07-19,63.64996337890625,110.96092987060547
2017-07-20,63.688846588134766,111.03081512451172
2017-07-21,63.75874710083008,110.88231658935547
2017-07-24,63.727638244628906,110.89105224609375
2017-07-25,63.486900329589844,111.25789642333984
2017-07-26,63.64226150512695,111.17928314208984
2017-07-27,63.564605712890625,110.98712158203125
2017-07-28,63.681095123291016,110.80369567871094
2017-07-31,63.67327880859375,110.74256896972656
2017-08-01,63.93222427368164,110.96968841552734
2017-08-02,63.89321517944336,110.86483764648438
2017-08-03,64.02578735351562,110.61152648925781
2017-08-04,63.9244384765625,110.84736633300781
2017-08-07,63.94786834716797,111.06573486328125
2017-08-08,63.86209487915039,110.76002502441406
2017-08-09,63.90880584716797,110.63774871826172
2017-08-10,64.00243377685547,109.01318359375
2017-08-11,64.05699157714844,109.21407318115234
2017-08-14,64.01020812988281,110.33206176757812
2017-08-15,63.90105438232422,110.22723388671875
2017-08-16,63.99464797973633,110.42814636230469
2017-08-17,64.1115951538086,108.67254638671875
2017-08-18,64.08042907714844,108.48910522460938
2017-08-21,64.1115951538086,108.64634704589844
2017-08-22,64.03363800048828,109.73812866210938
2017-08-23,64.22076416015625,109.40621948242188
2017-08-24,64.12722778320312,109.23152160644531
2017-08-25,64.2051773071289,109.49356842041016
2017-08-28,64.23636627197266,109.53724670410156
2017-08-29,64.30656433105469,109.58087921142578
2017-08-30,64.29878997802734,110.15736389160156
2017-08-31,64.35337829589844,110.90853881835938
2017-09-01,64.24708557128906,111.16181945800781
2017-09-05,64.51275634765625,110.30584716796875
2017-09-06,64.40336608886719,110.61152648925781
2017-09-07,64.6065444946289,110.55913543701172
2017-09-08,64.53622436523438,110.48052978515625
2017-09-11,64.3408432006836,111.66838836669922
2017-09-12,64.24708557128906,112.09639739990234
2017-09-13,64.16890716552734,112.1488037109375
2017-09-14,64.20801544189453,112.1138687133789
2017-09-15,64.2157974243164,112.32350158691406
2017-09-18,64.16890716552734,112.59425354003906
2017-09-19,64.12201690673828,112.64665222167969
2017-09-20,64.06735229492188,112.83007049560547
2017-09-21,64.05168914794922,112.51565551757812
2017-09-22,64.11418151855469,112.60597229003906
2017-09-25,64.25485229492188,112.42176818847656
2017-09-26,64.22362518310547,112.44808197021484
2017-09-27,64.02823638916016,113.06214141845703
2017-09-28,64.04386138916016,113.24635314941406
2017-09-29,64.05168914794922,113.6147689819336
2017-10-02,64.026611328125,114.21123504638672
2017-10-03,64.05795288085938,114.43933868408203
2017-10-04,64.05795288085938,114.55335998535156
2017-10-05,64.01095581054688,115.15861511230469
2017-10-06,63.94050979614258,115.07969665527344
2017-10-09,64.00312805175781,114.85160064697266
2017-10-10,64.03445434570312,115.12356567382812
2017-10-11,64.06581115722656,115.28144073486328
2017-10-12,64.12062072753906,115.14105224609375
2017-10-13,64.25372314453125,115.22879791259766
2017-10-16,64.19105529785156,115.30776977539062
2017-10-17,64.1989517211914,115.36039733886719
2017-10-18,64.09711456298828,115.50948333740234
2017-10-19,64.12848663330078,115.53582000732422
2017-10-20,63.9718132019043,116.15863800048828
2017-10-23,64.026611328125,115.66740417480469
2017-10-24,63.91704177856445,115.86914825439453
2017-10-25,63.862186431884766,115.26390075683594
2017-10-26,63.783851623535156,115.41301727294922
2017-10-27,63.92481231689453,116.35161590576172
2017-10-30,64.0735855102539,115.84284210205078
2017-10-31,64.03445434570312,116.0797119140625
2017-11-01,64.07608032226562,116.17618560791016
2017-11-02,64.13880157470703,116.2024917602539
2017-11-03,64.19377136230469,116.50950622558594
2017-11-06,64.2408447265625,116.72881317138672
2017-11-07,64.26444244384766,116.52704620361328
2017-11-08,64.21731567382812,116.72003173828125
2017-11-09,64.15450286865234,116.24634552001953
2017-11-10,63.895565032958984,116.26387786865234
2017-11-13,63.90336990356445,116.32530212402344
2017-11-14,63.98185729980469,116.11479187011719
2017-11-15,64.1309814453125,115.5182876586914
2017-11-16,64.04467010498047,116.57096099853516
2017-11-17,64.10742950439453,116.35161590576172
2017-11-20,64.06820678710938,116.6498794555664
2017-11-21,64.1231689453125,117.4568862915039
2017-11-22,64.25655364990234,117.36917877197266
2017-11-24,64.2408447265625,117.64111328125
2017-11-27,64.21731567382812,117.5182876586914
2017-11-28,64.21731567382812,118.68497467041016
2017-11-29,64.06035614013672,118.68497467041016
2017-11-30,63.9661979675293,119.59721374511719
2017-12-01,64.13763427734375,119.3604507446289
2017-12-04,64.14547729492188,119.2025375366211
2017-12-05,64.2240982055664,118.69371795654297
2017-12-06,64.2948989868164,118.62356567382812
2017-12-07,64.20840454101562,119.09725952148438
2017-12-08,64.18480682373047,119.72004699707031
2017-12-11,64.13763427734375,120.00077056884766
2017-12-12,64.12975311279297,120.1323471069336
2017-12-13,64.31061553955078,120.1498794555664
2017-12-14,64.3342056274414,119.5885238647461
2017-12-15,64.3420639038086,120.65863800048828
2017-12-18,64.23985290527344,121.49198150634766
2017-12-19,64.04326629638672,121.00077056884766
2017-12-20,63.91743087768555,120.99199676513672
2017-12-21,63.9567985534668,121.26792907714844
2017-12-22,63.98822784423828,121.22384643554688
2017-12-26,64.05205535888672,121.12688446044922
2017-12-27,64.24917602539062,121.17096710205078
2017-12-28,64.20978546142578,121.43537902832031
2017-12-29,64.31224822998047,120.98584747314453
2018-01-02,64.13092803955078,121.84088897705078
2018-01-03,64.18608093261719,122.54610443115234
2018-01-04,64.15457916259766,123.01331329345703
2018-01-05,64.06781005859375,123.73611450195312
2018-01-08,64.07571411132812,124.01817321777344
2018-01-09,63.886478424072266,124.24737548828125
2018-01-10,63.894378662109375,124.05345916748047
2018-01-11,63.894378662109375,125.10242462158203
2018-01-12,63.886478424072266,125.83405303955078
2018-01-16,63.93379211425781,125.27872467041016
2018-01-17,63.862823486328125,126.43351745605469
2018-01-18,63.736698150634766,126.2131118774414
2018-01-19,63.602657318115234,126.86539459228516
2018-01-22,63.5553092956543,127.87033081054688
2018-01-23,63.720890045166016,128.18768310546875
2018-01-24,63.64997863769531,128.0642547607422
2018-01-25,63.823463439941406,128.1171417236328
2018-01-26,63.705169677734375,129.4570770263672
2018-01-29,63.6184196472168,128.61082458496094
2018-01-30,63.50017547607422,127.27095794677734
2018-01-31,63.51594924926758,127.31503295898438
2018-02-01,63.3397102355957,127.26211547851562
2018-02-02,63.15008544921875,124.55589294433594
2018-02-05,63.42660140991211,119.65476989746094
2018-02-06,63.221187591552734,121.61175537109375
2018-02-07,63.078983306884766,121.073974609375
2018-02-08,63.031558990478516,116.7193832397461
2018-02-09,62.87355041503906,118.32369995117188
2018-02-12,62.889339447021484,119.90159606933594
2018-02-13,62.944644927978516,120.28063201904297
2018-02-14,62.739192962646484,121.96430969238281
2018-02-15,62.80241775512695,123.45404052734375
2018-02-16,62.936763763427734,123.50695037841797
2018-02-20,62.87355041503906,122.76644134521484
2018-02-21,62.63644027709961,122.19344329833984
2018-02-22,62.715484619140625,122.27283477783203
2018-02-23,62.88144302368164,124.1680679321289
2018-02-26,62.91305160522461,125.47268676757812
2018-02-27,62.77871322631836,123.89479064941406
2018-02-28,62.857704162597656,122.52843475341797
2018-03-01,62.9646110534668,121.073974609375
2018-03-02,62.84585189819336,121.85850524902344
2018-03-05,62.806278228759766,123.23365783691406
2018-03-06,62.83002471923828,123.6832046508789
2018-03-07,62.81418991088867,123.78897094726562
2018-03-08,62.885440826416016,124.25617218017578
2018-03-09,62.806278228759766,126.31889343261719
2018-03-12,62.86959457397461,126.24840545654297
2018-03-13,62.885440826416016,125.46385955810547
2018-03-14,63.02004623413086,124.82919311523438
2018-03-15,63.02797317504883,124.66165161132812
2018-03-16,62.972537994384766,124.87326049804688
2018-03-19,62.92504119873047,123.26892852783203
2018-03-20,62.84585189819336,123.45404052734375
2018-03-21,62.84585189819336,123.34822845458984
2018-03-22,62.94878387451172,120.32658386230469
2018-03-23,62.9646110534668,117.80412292480469
2018-03-26,62.92504119873047,120.91075897216797
2018-03-27,63.13882827758789,118.76889038085938
2018-03-28,63.130916595458984,118.49449920654297
2018-03-29,63.289276123046875,120.12300872802734
2018-04-02,63.28132629394531,117.38813781738281
2018-04-03,63.20989227294922,118.8485107421875
2018-04-04,63.20989227294922,120.18498992919922
2018-04-05,63.122581481933594,121.0257797241211
2018-04-06,63.28132629394531,118.48558044433594
2018-04-09,63.34482955932617,118.88392639160156
2018-04-10,63.23371124267578,120.81340789794922
2018-04-11,63.28132629394531,120.25581359863281
2018-04-12,63.162235260009766,121.22937774658203
2018-04-13,63.20989227294922,120.88422393798828
2018-04-16,63.21780776977539,121.8931884765625
2018-04-17,63.24161911010742,123.17656707763672
2018-04-18,63.03523635864258,123.34471130371094
2018-04-19,62.884456634521484,122.67205047607422
2018-04-20,62.72568130493164,121.69847869873047
2018-04-23,62.693912506103516,121.65422058105469
2018-04-24,62.58279800415039,120.19384002685547
2018-04-25,62.4954948425293,120.32658386230469
2018-04-26,62.62247848510742,121.46832275390625
2018-04-27,62.71772766113281,121.54798126220703
2018-04-30,62.74952697753906,120.66294860839844
2018-05-01,62.65243911743164,120.8487777709961
2018-05-02,62.66039276123047,120.1495590209961
2018-05-03,62.71605682373047,119.82212829589844
2018-05-04,62.755859375,121.3709945678711
2018-05-07,62.72405242919922,121.90200805664062
2018-05-08,62.67627716064453,121.94625091552734
2018-05-09,62.60470199584961,123.09686279296875
2018-05-10,62.73196792602539,124.1678466796875
2018-05-11,62.79561233520508,124.4156494140625
2018-05-14,62.71605682373047,124.47760772705078
2018-05-15,62.42167282104492,123.72528839111328
2018-05-16,62.37397384643555,124.32715606689453
2018-05-17,62.31826400756836,124.36255645751953
2018-05-18,62.48530578613281,124.08818817138672
2018-05-21,62.48530578613281,125.01753234863281
2018-05-22,62.501251220703125,124.55731201171875
2018-05-23,62.69221115112305,124.8847427368164
2018-05-24,62.81950378417969,124.68116760253906
2018-05-25,62.95471954345703,124.4422378540039
2018-05-29,63.392330169677734,123.21198272705078
2018-05-30,63.201393127441406,124.80506896972656
2018-05-31,63.17753219604492,123.9465560913086
2018-06-01,63.216678619384766,125.2387924194336
2018-06-04,63.08076477050781,125.82294464111328
2018-06-05,63.13673400878906,126.0087890625
2018-06-06,62.96092224121094,127.1240234375
2018-06-07,63.12077331542969,126.9381332397461
2018-06-08,63.04080581665039,127.37184143066406
2018-06-11,62.9848518371582,127.55767822265625
2018-06-12,62.976905822753906,127.8232421875
2018-06-13,62.9369010925293,127.34532928466797
2018-06-14,63.072818756103516,127.70820617675781
2018-06-15,63.08076477050781,127.58422088623047
2018-06-18,63.08076477050781,127.442626953125
2018-06-19,63.1846809387207,127.01779174804688
2018-06-20,63.04080581665039,127.30989074707031
2018-06-21,63.072818756103516,126.43367767333984
2018-06-22,63.112754821777344,126.61402893066406
2018-06-25,63.104793548583984,124.8364028930664
2018-06-26,63.20867919921875,125.12088775634766
2018-06-27,63.36054611206055,123.95646667480469
2018-06-28,63.31257247924805,124.72972869873047
2018-06-29,63.29662322998047,124.81858825683594
2018-07-02,63.2573356628418,125.12088775634766
2018-07-03,63.38551330566406,124.80085754394531
2018-07-05,63.473663330078125,125.85857391357422
2018-07-06,63.5457649230957,126.9162826538086
2018-07-09,63.48967742919922,128.0717315673828
2018-07-10,63.449623107910156,128.40066528320312
2018-07-11,63.48166275024414,127.48513793945312
2018-07-12,63.52971649169922,128.533935546875
2018-07-13,63.585819244384766,128.6138916015625
2018-07-16,63.49768829345703,128.4095001220703
2018-07-17,63.473663330078125,128.99612426757812
2018-07-18,63.44163513183594,129.2805633544922
2018-07-19,63.561767578125,128.96949768066406
2018-07-20,63.4175910949707,128.7383575439453
2018-07-23,63.21730041503906,128.94285583496094
2018-07-24,63.31340789794922,129.22726440429688
2018-07-25,63.31340789794922,130.32943725585938
2018-07-26,63.31340789794922,130.11605834960938
2018-07-27,63.29740905761719,129.07614135742188
2018-07-30,63.22527313232422,128.23170471191406
2018-07-31,63.27339172363281,128.96055603027344
2018-08-01,63.23881912231445,128.8094940185547
2018-08-02,63.27098846435547,129.5738983154297
2018-08-03,63.4074592590332,130.00942993164062
2018-08-06,63.463680267333984,130.5960235595703
2018-08-07,63.35126876831055,131.02267456054688
2018-08-08,63.3351936340332,130.8982696533203
2018-08-09,63.45563888549805,130.80935668945312
2018-08-10,63.584171295166016,129.99163818359375
2018-08-13,63.59219741821289,129.49391174316406
2018-08-14,63.55201721191406,130.34715270996094
2018-08-15,63.624290466308594,129.3161163330078
2018-08-16,63.65642166137695,130.32943725585938
2018-08-17,63.728694915771484,130.80935668945312
2018-08-20,63.808998107910156,131.0581817626953
2018-08-21,63.77685546875,131.5470733642578
2018-08-22,63.81702423095703,131.59153747558594
2018-08-23,63.81702423095703,131.3337860107422
2018-08-24,63.84916305541992,132.15151977539062
2018-08-27,63.76883316040039,133.10252380371094
2018-08-28,63.6724739074707,133.18258666992188
2018-08-29,63.6323356628418,133.8847198486328
2018-08-30,63.68048858642578,133.3336181640625
2018-08-31,63.69658660888672,133.386962890625
2018-09-04,63.598365783691406,133.20030212402344
2018-09-05,63.61444854736328,132.76473999023438
2018-09-06,63.71106719970703,132.36483764648438
2018-09-07,63.509822845458984,132.0626220703125
2018-09-10,63.550086975097656,132.3470458984375
2018-09-11,63.41323471069336,132.79144287109375
2018-09-12,63.46153259277344,132.80035400390625
2018-09-13,63.50177764892578,133.4669952392578
2018-09-14,63.39714813232422,133.57362365722656
2018-09-17,63.389076232910156,132.7292022705078
2018-09-18,63.24419021606445,133.44029235839844
2018-09-19,63.14760208129883,133.45803833007812
2018-09-20,63.22808837890625,134.48915100097656
2018-09-21,63.268333435058594,134.3557891845703
2018-09-24,63.187835693359375,133.86697387695312
2018-09-25,63.139549255371094,133.79583740234375
2018-09-26,63.30055236816406,133.2802734375
2018-09-27,63.34883499145508,133.5913848876953
2018-09-28,63.34883499145508,133.64857482910156
2018-10-01,63.230255126953125,133.85394287109375
2018-10-02,63.34320068359375,133.65748596191406
2018-10-03,63.02044677734375,133.8361053466797
2018-10-04,62.85909652709961,132.70188903808594
2018-10-05,62.746177673339844,131.84451293945312
2018-10-08,62.7219352722168,131.74632263183594
2018-10-09,62.84294891357422,131.5141143798828
2018-10-10,62.7945556640625,127.32559204101562
2018-10-11,62.9720458984375,124.61067199707031
2018-10-12,62.95591735839844,126.25389862060547
2018-10-15,62.93981170654297,125.6912841796875
2018-10-16,62.98820114135742,128.45977783203125
2018-10-17,62.875205993652344,128.424072265625
2018-10-18,62.83486557006836,126.56646728515625
2018-10-19,62.80263900756836,126.23609161376953
2018-10-22,62.778438568115234,125.7359390258789
2018-10-23,62.86713790893555,124.99465942382812
2018-10-24,63.03660202026367,121.10980987548828
2018-10-25,62.963993072509766,123.3870849609375
2018-10-26,63.07694625854492,121.252685546875
2018-10-29,63.02044677734375,120.5828857421875
2018-10-30,62.93170928955078,122.46728515625
2018-10-31,62.80263900756836,123.74435424804688
2018-11-01,62.91907501220703,125.14649200439453
2018-11-02,62.684532165527344,124.6374740600586
2018-11-05,62.73306655883789,125.2447509765625
2018-11-06,62.724971771240234,125.95919799804688
2018-11-07,62.78159713745117,128.53118896484375
2018-11-08,62.676475524902344,128.2812042236328
2018-11-09,62.83012771606445,126.96833038330078
2018-11-12,62.927154541015625,124.53028106689453
2018-11-13,62.89480209350586,124.35165405273438
2018-11-14,62.943382263183594,123.44072723388672
2018-11-15,62.9514274597168,124.83390808105469
2018-11-16,63.08891677856445,125.10185241699219
2018-11-19,63.08891677856445,122.93165588378906
2018-11-20,63.04850769042969,120.74360656738281
2018-11-21,63.11322021484375,121.33307647705078
2018-11-23,63.105140686035156,120.6811294555664
2018-11-26,63.05660629272461,122.55652618408203
2018-11-27,63.0970458984375,122.70840454101562
2018-11-28,63.129371643066406,125.56629180908203
2018-11-29,63.177913665771484,125.33402252197266
2018-11-30,63.20217514038086,126.23609161376953
2018-12-03,63.301124572753906,127.70963287353516
2018-12-04,63.455169677734375,123.53899383544922
2018-12-06,63.568687438964844,123.3870849609375
2018-12-07,63.69843292236328,120.47570037841797
2018-12-10,63.76325988769531,120.60968780517578
2018-12-11,63.7713737487793,120.5828857421875
2018-12-12,63.7065315246582,121.27051544189453
2018-12-13,63.75517272949219,120.975830078125
2018-12-14,63.811920166015625,118.88604736328125
2018-12-17,63.93353271484375,116.34970092773438
2018-12-18,64.03087615966797,116.31399536132812
2018-12-19,64.14437103271484,114.52783203125
2018-12-20,64.0551528930664,112.67916107177734
2018-12-21,64.0551528930664,110.2857437133789
2018-12-24,64.06981658935547,107.52880096435547
2018-12-26,63.931636810302734,112.70311737060547
2018-12-27,64.06981658935547,113.71820831298828
2018-12-28,64.22423553466797,113.5744857788086
2018-12-31,64.38682556152344,114.65247344970703
2019-01-02,64.51688385009766,114.74230194091797
2019-01-03,64.76886749267578,112.08326721191406
2019-01-04,64.57378387451172,115.7933120727539
2019-01-07,64.47624206542969,116.96112060546875
2019-01-08,64.39495086669922,118.16486358642578
2019-01-09,64.48438262939453,118.72183990478516
2019-01-10,64.35429382324219,119.3057861328125
2019-01-11,64.48438262939453,119.33270263671875
2019-01-14,64.42745208740234,118.5781021118164
2019-01-15,64.43560028076172,119.87171173095703
2019-01-16,64.45997619628906,120.21305847167969
2019-01-17,64.38682556152344,121.1832504272461
2019-01-18,64.33806610107422,122.75531005859375
2019-01-22,64.45186614990234,121.075439453125
2019-01-23,64.51688385009766,121.20122528076172
2019-01-24,64.65505981445312,121.45272827148438
2019-01-25,64.5818862915039,122.5936050415039
2019-01-28,64.60628509521484,121.69529724121094
2019-01-29,64.73638916015625,121.52462768554688
2019-01-30,64.80135345458984,123.35713958740234
2019-01-31,65.10214233398438,124.44414520263672
2019-02-01,64.9212646484375,124.62383270263672
2019-02-04,64.86418151855469,125.51313018798828
2019-02-05,65.0027084350586,126.03419494628906
2019-02-06,64.9782943725586,125.90838623046875
2019-02-07,65.02717590332031,124.71360778808594
2019-02-08,65.12496948242188,124.83937072753906
2019-02-11,65.10053253173828,125.09991455078125
2019-02-12,65.0923843383789,126.66297149658203
2019-02-13,64.99457550048828,127.0582504272461
2019-02-14,65.10865020751953,126.8337173461914
2019-02-15,65.13307189941406,128.22605895996094
2019-02-19,65.19013977050781,128.4776153564453
2019-02-20,65.16571044921875,128.7470703125
2019-02-21,65.0353012084961,128.30691528320312
2019-02-22,65.18199157714844,129.1513214111328
2019-02-25,65.15756225585938,129.33998107910156
2019-02-26,65.24716186523438,129.09744262695312
2019-02-27,65.11681365966797,129.14231872558594
2019-02-28,65.04347229003906,128.8728485107422
2019-03-01,64.84253692626953,129.7352752685547
2019-03-04,64.95685577392578,129.13333129882812
2019-03-05,65.00588989257812,128.8908233642578
2019-03-06,65.08757019042969,127.91165161132812
2019-03-07,65.27545166015625,126.91450500488281
2019-03-08,65.3570785522461,126.6540298461914
2019-03-11,65.3244400024414,128.51348876953125
2019-03-12,65.47959899902344,128.94471740722656
2019-03-13,65.44694519042969,129.77122497558594
2019-03-14,65.3897933959961,129.66334533691406
2019-03-15,65.51229095458984,130.26527404785156
2019-03-18,65.47146606445312,130.7503204345703
2019-03-19,65.43878936767578,130.72337341308594
2019-03-20,65.72465515136719,130.1844024658203
2019-03-21,65.74095916748047,131.71153259277344
2019-03-22,66.100341796875,128.96270751953125
2019-03-25,66.1820297241211,128.87417602539062
2019-03-26,66.19837951660156,129.86764526367188
2019-03-27,66.32084655761719,129.27162170410156
2019-03-28,66.35356903076172,129.84054565429688
2019-03-29,66.3045654296875,130.69859313964844
2019-04-01,66.04255676269531,132.2158966064453
2019-04-02,66.0752944946289,132.2068634033203
2019-04-03,65.98523712158203,132.5230255126953
2019-04-04,66.05072021484375,132.80296325683594
2019-04-05,66.09986877441406,133.47137451171875
2019-04-08,66.03434753417969,133.58876037597656
2019-04-09,66.1325912475586,132.78494262695312
2019-04-10,66.22268676757812,133.39910888671875
2019-04-11,66.1080322265625,133.39004516601562
2019-04-12,65.98523712158203,134.2842254638672
2019-04-15,66.00161743164062,134.1758270263672
2019-04-16,65.886962890625,134.21194458007812
2019-04-17,65.886962890625,133.7152099609375
2019-04-18,65.97699737548828,133.9139404296875
2019-04-22,65.91152954101562,133.9500274658203
2019-04-23,66.0261459350586,135.2957763671875
2019-04-24,66.1981201171875,135.1151580810547
2019-04-25,66.1817626953125,134.88934326171875
2019-04-26,66.32911682128906,135.62091064453125
2019-04-29,66.18989562988281,135.81964111328125
2019-04-30,66.28815460205078,135.82864379882812
2019-05-01,66.292236328125,134.81707763671875
2019-05-02,66.14453887939453,134.59130859375
2019-05-03,66.26764678955078,136.04539489746094
2019-05-06,66.3497085571289,135.6118621826172
2019-05-07,66.4482192993164,133.27264404296875
2019-05-08,66.39897155761719,133.05589294433594
2019-05-09,66.46466064453125,132.6313934326172
2019-05-10,66.4564208984375,133.24557495117188
2019-05-13,66.59593963623047,129.8766632080078
2019-05-14,66.6369857788086,131.05081176757812
2019-05-15,66.73545837402344,131.82754516601562
2019-05-16,66.6369857788086,133.01976013183594
2019-05-17,66.65339660644531,132.08047485351562
2019-05-20,66.57135772705078,131.1411590576172
2019-05-21,66.53849029541016,132.4236602783203
2019-05-22,66.66162872314453,131.9449462890625
2019-05-23,66.8996353149414,130.26504516601562
2019-05-24,66.8996353149414,130.58116149902344
2019-05-28,67.03919219970703,129.4341583251953
2019-05-29,67.02272033691406,128.5490264892578
2019-05-30,67.20330047607422,128.8019256591797
2019-05-31,67.49878692626953,127.06782531738281
2019-06-03,67.69049835205078,126.81493377685547
2019-06-04,67.57530212402344,129.6599578857422
2019-06-05,67.57530212402344,130.65341186523438
2019-06-06,67.5588607788086,131.38499450683594
2019-06-07,67.73982238769531,132.5771942138672
2019-06-10,67.59996795654297,133.3177947998047
2019-06-11,67.55058288574219,133.19140625
2019-06-12,67.665771484375,133.0107421875
2019-06-13,67.78095245361328,133.62484741210938
2019-06-14,67.7891845703125,133.33584594726562
2019-06-17,67.7891845703125,133.43289184570312
2019-06-18,67.94546508789062,134.8923797607422
2019-06-19,68.17586517333984,135.354736328125
2019-06-20,68.28277587890625,136.59666442871094
2019-06-21,68.09357452392578,136.61477661132812
2019-06-24,68.21700286865234,135.8533172607422
2019-06-25,68.24168395996094,134.5660400390625
2019-06-26,68.08533477783203,134.3122100830078
2019-06-27,68.28277587890625,135.11904907226562
2019-06-28,68.34040069580078,136.06182861328125
2019-07-01,68.33544921875,137.0227508544922
2019-07-02,68.46739196777344,137.33999633789062
2019-07-03,68.59109497070312,138.3734893798828
2019-07-05,68.26947021484375,138.29188537597656
2019-07-08,68.26122283935547,137.5485076904297
2019-07-09,68.1705093383789,137.79327392578125
2019-07-10,68.22825622558594,138.3553466796875
2019-07-11,68.00562286376953,138.5457305908203
2019-07-12,68.06331634521484,139.2528076171875
2019-07-15,68.16227722167969,139.1621551513672
2019-07-16,68.07157897949219,138.80862426757812
2019-07-17,68.2777328491211,137.8929901123047
2019-07-18,68.40142822265625,138.40069580078125
2019-07-19,68.32720184326172,137.6119842529297
2019-07-22,68.40142822265625,137.9383544921875
2019-07-23,68.34368896484375,138.86300659179688
2019-07-24,68.40966796875,139.71514892578125
2019-07-25,68.33544921875,138.9718017578125
2019-07-26,68.33544921875,139.97805786132812
2019-07-29,68.37667083740234,139.64260864257812
2019-07-30,68.36017608642578,139.50662231445312
2019-07-31,68.44263458251953,137.98367309570312
2019-08-01,68.93278503417969,136.70545959472656
2019-08-02,68.99889373779297,135.5994873046875
2019-08-05,69.29643249511719,131.574462890625
2019-08-06,69.47002410888672,133.28782653808594
2019-08-07,69.47002410888672,133.43289184570312
2019-08-08,69.52787017822266,135.97116088867188
2019-08-09,69.40386962890625,135.00115966796875
2019-08-12,69.70973205566406,133.3331756591797
2019-08-13,69.60228729248047,135.2368927001953
2019-08-14,69.85021209716797,131.3297119140625
2019-08-15,70.18911743164062,131.574462890625
2019-08-16,70.11473083496094,133.56881713867188
2019-08-19,69.89153289794922,135.1552734375
2019-08-20,70.0733871459961,134.121826171875
2019-08-21,70.04032897949219,135.25497436523438
2019-08-22,69.9080810546875,135.13714599609375
2019-08-23,70.16431427001953,131.7285919189453
2019-08-26,70.12301635742188,133.06117248535156
2019-08-27,70.36268615722656,132.44473266601562
2019-08-28,70.38748931884766,133.38754272460938
2019-08-29,70.34615325927734,135.1552734375
2019-08-30,70.33788299560547,135.10992431640625
2019-09-03,70.4024658203125,134.23060607910156
2019-09-04,70.53502655029297,135.66294860839844
2019-09-05,70.17057037353516,137.4760284423828
2019-09-06,70.25334930419922,137.50318908691406
2019-09-09,69.9303207397461,137.58480834960938
2019-09-10,69.57412719726562,137.7207489013672
2019-09-11,69.5326919555664,138.8448944091797
2019-09-12,69.40017700195312,139.26187133789062
2019-09-13,69.0025634765625,139.12591552734375
2019-09-16,69.18479919433594,138.84361267089844
2019-09-17,69.3421859741211,139.1805419921875
2019-09-18,69.39191436767578,139.1623077392578
2019-09-19,69.49128723144531,139.0712432861328
2019-09-20,69.73982238769531,138.46107482910156
2019-09-23,69.78949737548828,138.53395080566406
2019-09-24,70.0297622680664,137.24986267089844
2019-09-25,69.69837951660156,138.114990234375
2019-09-26,69.81436920166016,137.69610595703125
2019-09-27,69.888916015625,136.87646484375
2019-09-30,69.93861389160156,137.51400756835938
2019-10-01,70.0066909790039,135.71995544433594
2019-10-02,70.1644287109375,133.5160369873047
2019-10-03,70.3968734741211,134.59979248046875
2019-10-04,70.51305389404297,136.35739135742188
2019-10-07,70.3304672241211,135.82008361816406
2019-10-08,70.3636245727539,133.6253662109375
2019-10-09,70.28064727783203,134.85476684570312
2019-10-10,70.0647964477539,135.71995544433594
2019-10-11,69.80744934082031,137.17701721191406
2019-10-14,69.92366790771484,137.04953002929688
2019-10-15,69.74101257324219,138.3973388671875
2019-10-16,69.81574249267578,138.14236450195312
2019-10-17,69.81574249267578,138.59767150878906
2019-10-18,69.84895324707031,138.04220581054688
2019-10-21,69.68291473388672,138.9437713623047
2019-10-22,69.80744934082031,138.52484130859375
2019-10-23,69.84062194824219,138.80715942382812
2019-10-24,69.84895324707031,139.1896209716797
2019-10-25,69.73271942138672,139.7451934814453
2019-10-28,69.58332061767578,140.59210205078125
2019-10-29,69.59992218017578,140.5647735595703
2019-10-30,69.8240737915039,140.90171813964844
2019-10-31,70.15608215332031,140.40994262695312
2019-11-01,70.09368133544922,141.91262817382812
2019-11-04,69.89403533935547,142.4316864013672
2019-11-05,69.65278625488281,142.30422973632812
2019-11-06,69.80253601074219,142.240478515625
2019-11-07,69.44477844238281,142.72312927246094
2019-11-08,69.37823486328125,143.12380981445312
2019-11-11,69.4198226928711,142.8415069580078
2019-11-12,69.4614028930664,143.08741760253906
2019-11-13,69.58624267578125,143.1511688232422
2019-11-14,69.785888671875,143.296875
2019-11-15,69.76095581054688,144.3896942138672
2019-11-18,69.86077880859375,144.47164916992188
2019-11-19,69.9356689453125,144.5172119140625
2019-11-20,70.12703704833984,144.06182861328125
2019-11-21,70.01053619384766,143.69757080078125
2019-11-22,70.05213165283203,144.01626586914062
2019-11-25,70.1186752319336,145.38233947753906
2019-11-26,70.23515319824219,145.69198608398438
2019-11-27,70.12703704833984,146.38409423828125
2019-11-29,70.12703704833984,145.72842407226562
2019-12-02,69.94354248046875,144.4079132080078
2019-12-03,70.31875610351562,143.55181884765625
2019-12-04,70.17698669433594,144.4807891845703
2019-12-05,70.10198974609375,144.69020080566406
2019-12-06,70.01029205322266,145.9742431640625
2019-12-09,70.02692413330078,145.50982666015625
2019-12-10,69.9769058227539,145.38233947753906
2019-12-11,70.21039581298828,145.72842407226562
2019-12-12,69.87686157226562,146.92135620117188
2019-12-13,70.19367980957031,146.92135620117188
2019-12-16,70.00189208984375,147.99600219726562
2019-12-17,70.01029205322266,148.05067443847656
2019-12-18,69.91854858398438,148.11439514160156
2019-12-19,69.96858978271484,148.76101684570312
2019-12-20,69.98529052734375,149.52598571777344
2019-12-23,69.94096374511719,149.6170196533203
2019-12-24,70.00782012939453,149.6500244140625
2019-12-26,70.07465362548828,150.3733367919922
2019-12-27,70.17495727539062,150.2360076904297
2019-12-30,70.14989471435547,149.42111206054688
2019-12-31,70.07465362548828,149.8147430419922
2020-01-02,70.1666030883789,151.06004333496094
2020-01-03,70.4172134399414,150.09866333007812
2020-01-06,70.33367919921875,150.61138916015625
2020-01-07,70.27522277832031,150.25425720214844
2020-01-08,70.1666030883789,150.99595642089844
2020-01-09,70.25012969970703,151.93905639648438
2020-01-10,70.36714935302734,151.4995880126953
2020-01-13,70.32535552978516,152.5342254638672
2020-01-14,70.42561340332031,152.4517822265625
2020-01-15,70.53427124023438,152.8272247314453
2020-01-16,70.49248504638672,154.1365966796875
2020-01-17,70.48412322998047,154.52113342285156
2020-01-21,70.65959167480469,154.1915283203125
2020-01-22,70.71809387207031,154.28305053710938
2020-01-23,70.8434066772461,154.45701599121094
2020-01-24,70.95209503173828,152.99205017089844
2020-01-27,71.18601989746094,150.6937713623047
2020-01-28,71.06069946289062,152.149658203125
2020-01-29,71.26123809814453,152.04893493652344
2020-01-30,71.27796173095703,152.41522216796875
2020-01-31,71.4617691040039,149.72325134277344
2020-02-03,71.39733123779297,151.04173278808594
2020-02-04,71.17957305908203,153.42237854003906
2020-02-05,71.06233215332031,154.9331512451172
2020-02-06,71.12932586669922,155.363525390625
2020-02-07,71.34706115722656,154.475341796875
2020-02-10,71.4559326171875,155.61070251464844
2020-02-11,71.33869171142578,156.04107666015625
2020-02-12,71.25497436523438,157.02078247070312
2020-02-13,71.32193756103516,156.95669555664062
2020-02-14,71.39733123779297,157.21304321289062
2020-02-18,71.50616455078125,156.84677124023438
2020-02-19,71.4977798461914,157.6433868408203
2020-02-20,71.67364501953125,157.16726684570312
2020-02-21,71.84949493408203,155.55580139160156
2020-02-24,72.07562255859375,150.43739318847656
2020-02-25,72.13424682617188,145.8409881591797
2020-02-26,72.09233093261719,145.03521728515625
2020-02-27,72.17609405517578,138.6807861328125
2020-02-28,72.65340423583984,137.74684143066406
2020-03-02,72.60559844970703,143.45120239257812
2020-03-03,73.04192352294922,139.75209045410156
2020-03-04,73.02508544921875,145.33740234375
2020-03-05,73.30203247070312,140.4937286376953
2020-03-06,73.80547332763672,137.8841552734375
2020-03-09,73.64606475830078,126.81426239013672
2020-03-10,72.65594482421875,133.10467529296875
2020-03-11,71.27983093261719,126.3656234741211
2020-03-12,67.4032974243164,114.07791137695312
2020-03-13,70.24778747558594,124.46109008789062
2020-03-16,70.98612976074219,110.29637908935547
2020-03-17,69.51779174804688,115.82674407958984
2020-03-18,67.83961486816406,109.15184783935547
2020-03-19,67.79766082763672,109.95755767822266
2020-03-20,68.94719696044922,105.47103118896484
2020-03-23,70.47431945800781,102.46774291992188
2020-03-24,70.54987335205078,112.19169616699219
2020-03-25,71.49801635742188,113.73912811279297
2020-03-26,71.82524871826172,120.64411926269531
2020-03-27,72.21124267578125,116.79779052734375
2020-03-30,72.2867431640625,120.3404541015625
2020-03-31,71.61546325683594,118.61974334716797
2020-04-01,71.98551940917969,113.1446762084961
2020-04-02,72.32186889648438,115.50031280517578
2020-04-03,72.28824615478516,113.53115844726562
2020-04-06,72.5152587890625,121.4722900390625
2020-04-07,72.58255767822266,121.61026763916016
2020-04-08,72.767578125,125.8799057006836
2020-04-09,73.56646728515625,128.2355499267578
2020-04-13,73.33101654052734,126.70803833007812
2020-04-14,73.33101654052734,130.554443359375
2020-04-15,73.69261169433594,127.4902114868164
2020-04-16,73.73469543457031,128.0883331298828
2020-04-17,73.63374328613281,131.71380615234375
2020-04-20,73.51602172851562,129.57899475097656
2020-04-21,73.6085205078125,125.55781555175781
2020-04-22,73.5496597290039,128.3919677734375
2020-04-23,73.66741943359375,128.410400390625
2020-04-24,73.64217376708984,130.3243408203125
2020-04-27,73.38148498535156,132.63400268554688
2020-04-28,73.60009765625,132.2198944091797
2020-04-29,73.65058135986328,135.9650115966797
2020-04-30,73.59170532226562,134.19830322265625
2020-05-01,73.56136322021484,130.489990234375
2020-05-04,73.63722229003906,130.98687744140625
2020-05-05,73.56980895996094,132.2014923095703
2020-05-06,73.24114990234375,131.47454833984375
2020-05-07,73.47711944580078,133.19528198242188
2020-05-08,73.26649475097656,135.6981964111328
2020-05-11,73.0389404296875,135.716552734375
2020-05-12,73.27490997314453,132.8272705078125
2020-05-13,73.35914611816406,130.15870666503906
2020-05-14,73.56136322021484,131.55738830566406
2020-05-15,73.603515625,132.34873962402344
2020-05-18,73.46871185302734,136.73797607421875
2020-05-19,73.56136322021484,135.2841033935547
2020-05-20,73.75517272949219,137.7869873046875
2020-05-21,73.83100128173828,136.9588165283203
2020-05-22,73.85630798339844,137.34524536132812
2020-05-26,73.8141860961914,139.25924682617188
2020-05-27,73.84786987304688,141.4584503173828
2020-05-28,73.87315368652344,140.9707794189453
2020-05-29,74.08377838134766,141.4400634765625
2020-06-01,74.02386474609375,142.3970489501953
2020-06-02,74.08295440673828,143.47364807128906
2020-06-03,73.91410064697266,145.7096405029297
2020-06-04,73.73680877685547,145.2495880126953
2020-06-05,73.72836303710938,148.97628784179688
2020-06-08,73.8043212890625,151.00067138671875
2020-06-09,73.85501098632812,149.62046813964844
2020-06-10,74.16737365722656,148.5069580078125
2020-06-11,74.03231048583984,139.74693298339844
2020-06-12,74.1082763671875,141.67930603027344
2020-06-15,74.26026916503906,143.1975860595703
2020-06-16,74.16737365722656,145.9489288330078
2020-06-17,74.18426513671875,145.2403564453125
2020-06-18,74.2686996459961,145.3599853515625
2020-06-19,74.29401397705078,144.54104614257812
2020-06-22,74.2686996459961,145.54403686523438
2020-06-23,74.23491668701172,146.11451721191406
2020-06-24,74.24337768554688,142.1486053466797
2020-06-25,74.31937408447266,143.86793518066406
2020-06-26,74.45443725585938,140.521728515625
2020-06-29,74.50507354736328,142.58303833007812
2020-06-30,74.5810775756836,144.69058227539062
2020-07-01,74.59967803955078,145.53175354003906
2020-07-02,74.71810150146484,146.11412048339844
2020-07-06,74.69268035888672,148.41575622558594
2020-07-07,74.81111145019531,146.9090576171875
2020-07-08,74.76882934570312,148.11073303222656
2020-07-09,74.97184753417969,147.19558715820312
2020-07-10,74.88724517822266,148.77626037597656
2020-07-13,74.92109680175781,147.16787719726562
2020-07-14,75.01412200927734,149.0998077392578
2020-07-15,75.02255249023438,150.9485321044922
2020-07-16,75.07330322265625,150.2737579345703
2020-07-17,75.1494369506836,150.8468475341797
2020-07-20,75.22557830810547,152.0023193359375
2020-07-21,75.26785278320312,152.4367218017578
2020-07-22,75.36933898925781,153.23171997070312
2020-07-23,75.43701171875,151.55862426757812
2020-07-24,75.42010498046875,150.38465881347656
2020-07-27,75.36933898925781,151.6787872314453
2020-07-28,75.40318298339844,150.56956481933594
2020-07-29,75.52159881591797,152.56614685058594
2020-07-30,75.56389617919922,152.22415161132812
2020-07-31,75.66536712646484,153.00062561035156
2020-08-03,75.63908386230469,154.33168029785156
2020-08-04,75.80010986328125,154.9417724609375
2020-08-05,75.69842529296875,156.0694580078125
2020-08-06,75.81705474853516,156.8274688720703
2020-08-07,75.73234558105469,156.9569091796875
2020-08-10,75.64757537841797,157.39134216308594
2020-08-11,75.38494873046875,156.12496948242188
2020-08-12,75.19005584716797,158.2140655517578
2020-08-13,74.94432067871094,158.0938720703125
2020-08-14,74.85958862304688,158.04763793945312
2020-08-17,74.95281219482422,158.72244262695312
2020-08-18,75.0544662475586,158.96279907226562
2020-08-19,74.9273681640625,158.3434295654297
2020-08-20,75.0544662475586,158.79637145996094
2020-08-21,75.2154769897461,159.19387817382812
2020-08-24,75.13074493408203,160.7190399169922
2020-08-25,74.98664855957031,161.25518798828125
2020-08-26,74.94432067871094,162.71566772460938
2020-08-27,74.67320251464844,163.1038818359375
2020-08-28,74.7325210571289,164.24085998535156
2020-08-31,74.95281219482422,163.8711700439453
2020-09-01,75.15907287597656,165.32240295410156
2020-09-02,75.32032012939453,167.53163146972656
2020-09-03,75.32879638671875,161.70809936523438
2020-09-04,74.88743591308594,160.33079528808594
2020-09-08,74.99778747558594,155.8291778564453
2020-09-09,74.94686126708984,158.8795623779297
2020-09-10,74.9638442993164,156.27288818359375
2020-09-11,75.04023742675781,156.32830810546875
2020-09-14,75.04023742675781,158.7686309814453
2020-09-15,75.0826416015625,159.67454528808594
2020-09-16,75.0656967163086,159.14761352539062
2020-09-17,75.0656967163086,157.83505249023438
2020-09-18,74.98084259033203,156.3005828857422
2020-09-21,75.02325439453125,154.41488647460938
2020-09-22,75.04874420166016,155.94937133789062
2020-09-23,74.87896728515625,152.18719482421875
2020-09-24,74.88743591308594,152.51068115234375
2020-09-25,74.87896728515625,154.96473693847656
2020-09-28,74.94686126708984,157.77703857421875
2020-09-29,74.99778747558594,156.89527893066406
2020-09-30,74.87896728515625,158.07406616210938
2020-10-01,74.95548248291016,159.3920440673828
2020-10-02,74.90443420410156,158.14834594726562
2020-10-05,74.62387084960938,160.99778747558594
2020-10-06,74.72592163085938,159.01150512695312
2020-10-07,74.62387084960938,161.78668212890625
2020-10-08,74.75143432617188,163.20680236816406
2020-10-09,74.7684097290039,164.5804443359375
2020-10-12,74.87895965576172,167.021484375
2020-10-13,74.93846893310547,166.1397247314453
2020-10-14,74.98101806640625,165.0352325439453
2020-10-15,74.93846893310547,165.09092712402344
2020-10-16,74.87895965576172,164.79391479492188
2020-10-19,74.81096649169922,162.43641662597656
2020-10-20,74.68338012695312,163.0025634765625
2020-10-21,74.5984115600586,162.44570922851562
2020-10-22,74.4708251953125,163.59657287597656
2020-10-23,74.56433868408203,164.13490295410156
2020-10-26,74.67488098144531,161.15553283691406
2020-10-27,74.85347747802734,160.50584411621094
2020-10-28,74.75143432617188,155.18753051757812
2020-10-29,74.58987426757812,156.6539764404297
2020-10-30,74.46235656738281,154.9925994873047
2020-11-02,74.56539154052734,156.6075897216797
2020-11-03,74.54837036132812,159.61483764648438
2020-11-04,75.05937957763672,163.0954132080078
2020-11-05,75.13601684570312,166.464599609375
2020-11-06,74.96569061279297,166.38104248046875
2020-11-09,74.61648559570312,168.3580780029297
2020-11-10,74.47173309326172,168.07957458496094
2020-11-11,74.5228271484375,169.4440155029297
2020-11-12,74.76982116699219,167.7732696533203
2020-11-13,74.79535675048828,170.1493682861328
2020-11-16,74.83792114257812,172.22845458984375
2020-11-17,74.96569061279297,171.838623046875
2020-11-18,75.05087280273438,170.01943969726562
2020-11-19,75.20415496826172,170.9661407470703
2020-11-20,75.27229309082031,170.06582641601562
2020-11-23,75.2126693725586,171.45803833007812
2020-11-24,75.13601684570312,174.11257934570312
2020-11-25,75.1019515991211,174.0476531982422
2020-11-27,75.2637939453125,174.66017150878906
2020-11-30,75.3659896850586,173.2865447998047
2020-12-01,75.13819122314453,175.48626708984375
2020-12-02,75.01024627685547,175.63478088378906
2020-12-03,75.15525817871094,175.98748779296875
2020-12-04,74.95904541015625,177.75094604492188
2020-12-07,75.06143951416016,177.5560760498047
2020-12-08,75.08702850341797,178.32640075683594
2020-12-09,74.95904541015625,176.57220458984375
2020-12-10,75.11262512207031,176.83209228515625
2020-12-11,75.2320785522461,176.5164794921875
2020-12-14,75.20647430419922,176.0153045654297
2020-12-15,75.24058532714844,178.4285430908203
2020-12-16,75.16384887695312,178.6791229248047
2020-12-17,75.18087768554688,180.0806427001953
2020-12-18,75.15525817871094,179.57015991210938
2020-12-21,75.16384887695312,179.0503692626953
2020-12-22,75.28325653076172,179.0874786376953
2020-12-23,75.19851684570312,179.39378356933594
2020-12-24,75.32691192626953,179.69387817382812
2020-12-28,75.30120086669922,180.83079528808594
2020-12-29,75.32691192626953,180.075927734375
2020-12-30,75.37825012207031,180.56056213378906
2020-12-31,75.48097229003906,181.3899688720703
2021-01-04,75.37825012207031,178.8085174560547
2021-01-05,75.2498779296875,180.25302124023438
2021-01-06,74.91607666015625,181.87461853027344
2021-01-07,74.76199340820312,184.79147338867188
2021-01-08,74.69351196289062,185.68617248535156
2021-01-11,74.61649322509766,184.5771484375
2021-01-12,74.59934997558594,185.22947692871094
2021-01-13,74.79624938964844,185.4345245361328
2021-01-14,74.70207977294922,185.25747680664062
2021-01-15,74.76199340820312,183.64524841308594
2021-01-19,74.86470794677734,185.32272338867188
2021-01-20,74.85619354248047,187.6618194580078
2021-01-21,74.75345611572266,187.52203369140625
2021-01-22,74.78768157958984,187.21450805664062
2021-01-25,74.9588623046875,187.7456512451172
2021-01-26,74.95028686523438,187.06541442871094
2021-01-27,74.95028686523438,182.573486328125
2021-01-28,74.89038848876953,184.00868225097656
2021-01-29,74.83048248291016,180.7842254638672
2021-02-01,74.85533142089844,183.868896484375
2021-02-02,74.76103973388672,186.5062713623047
2021-02-03,74.63245391845703,186.78582763671875
2021-02-04,74.64961242675781,189.15293884277344
2021-02-05,74.54674530029297,190.21533203125
2021-02-08,74.63245391845703,191.92074584960938
2021-02-09,74.5981674194336,191.9952850341797
2021-02-10,74.71815490722656,191.9114227294922
2021-02-11,74.6410140991211,192.36807250976562
2021-02-12,74.4438705444336,193.365234375
2021-02-16,74.09233856201172,193.02040100097656
2021-02-17,74.24669647216797,192.6196746826172
2021-02-18,74.20381927490234,191.5106658935547
2021-02-19,73.94666290283203,191.94869995117188
2021-02-22,73.74088287353516,190.12210083007812
2021-02-23,73.72376251220703,190.09414672851562
2021-02-24,73.680908203125,192.228271484375
2021-02-25,73.03797149658203,187.20518493652344
2021-02-26,73.6723403930664,186.4596405029297
2021-03-01,73.57699584960938,191.24974060058594
2021-03-02,73.5684585571289,189.45111083984375
2021-03-03,73.33665466308594,186.72059631347656
2021-03-04,73.10484313964844,183.76638793945312
2021-03-05,73.06189727783203,187.08407592773438
2021-03-08,72.72706604003906,186.17076110839844
2021-03-09,72.96743774414062,189.05970764160156
2021-03-10,73.10484313964844,190.41102600097656
2021-03-11,73.11338806152344,192.8992919921875
2021-03-12,72.6755599975586,193.28134155273438
2021-03-15,72.76141357421875,194.6326446533203
2021-03-16,72.75281524658203,193.84983825683594
2021-03-17,72.72706604003906,194.58604431152344
2021-03-18,72.42657470703125,191.04473876953125
2021-03-19,72.48667907714844,191.28700256347656
2021-03-22,72.69275665283203,192.3214569091797
2021-03-23,72.8558578491211,190.13145446777344
2021-03-24,72.96743774414062,188.5564727783203
2021-03-25,72.91594696044922,189.95152282714844
2021-03-26,72.78717041015625,193.05587768554688
2021-03-29,72.69275665283203,192.1488494873047
2021-03-30,72.76998901367188,192.0927734375
2021-03-31,72.73567962646484,193.2615509033203
2021-04-01,72.96971130371094,195.68328857421875
2021-04-05,72.85784149169922,197.96473693847656
2021-04-06,73.11597442626953,198.03956604003906
2021-04-07,73.0299301147461,197.87127685546875
2021-04-08,73.19343566894531,199.0213623046875
2021-04-09,73.09876251220703,200.22755432128906
2021-04-12,73.0815658569336,200.2836456298828
2021-04-13,73.27088165283203,200.84466552734375
2021-04-14,73.21928405761719,200.39585876464844
2021-04-15,73.52900695800781,202.52772521972656
2021-04-16,73.33112335205078,203.0419921875
2021-04-19,73.28811645507812,201.71424865722656
2021-04-20,73.4085464477539,199.86288452148438
2021-04-21,73.48603057861328,202.24722290039062
2021-04-22,73.52043914794922,200.6669921875
2021-04-23,73.52900695800781,203.0980987548828
2021-04-26,73.4774169921875,203.8367462158203
2021-04-27,73.28811645507812,203.74327087402344
2021-04-28,73.32251739501953,203.71524047851562
2021-04-29,73.26227569580078,204.4912872314453
2021-04-30,73.36551666259766,202.9952392578125
2021-05-03,73.38362884521484,203.35055541992188
2021-05-04,73.4784164428711,201.82640075683594
2021-05-05,73.52151489257812,201.78904724121094
2021-05-06,73.55598449707031,202.81759643554688
2021-05-07,73.56462097167969,204.53802490234375
2021-05-10,73.39225769042969,202.1349639892578
2021-05-11,73.24574279785156,200.508056640625
2021-05-12,72.9872055053711,195.9918670654297
2021-05-13,73.13374328613281,198.1517791748047
2021-05-14,73.30606079101562,201.53659057617188
2021-05-17,73.23712158203125,201.10647583007812
2021-05-18,73.1595687866211,199.53561401367188
2021-05-19,73.08201599121094,198.9558868408203
2021-05-20,73.32331848144531,201.11581420898438
2021-05-21,73.34053039550781,201.00363159179688
2021-05-24,73.42669677734375,203.03262329101562
2021-05-25,73.61632537841797,202.4716033935547
2021-05-26,73.59046936035156,203.200927734375
2021-05-27,73.487060546875,203.57496643066406
2021-05-28,73.4784164428711,203.92091369628906
2021-06-01,73.4732437133789,204.00509643554688
2021-06-02,73.5509033203125,204.27622985839844
2021-06-03,73.412841796875,203.36924743652344
2021-06-04,73.706298828125,205.13645935058594
2021-06-07,73.65454864501953,205.30479431152344
2021-06-08,73.79261779785156,205.7255096435547
2021-06-09,73.93938446044922,205.1457977294922
2021-06-10,74.09469604492188,206.0527801513672
2021-06-11,74.07749938964844,206.66055297851562
2021-06-14,73.88755798339844,206.9784698486328
2021-06-15,73.88755798339844,206.4361572265625
2021-06-16,73.680419921875,205.4075927734375
2021-06-17,73.93074798583984,205.21124267578125
2021-06-18,74.16378784179688,202.66796875
2021-06-21,73.90483856201172,205.4637451171875
2021-06-22,74.0084457397461,206.63253784179688
2021-06-23,73.95661163330078,206.54837036132812
2021-06-24,73.99115753173828,207.95050048828125
2021-06-25,73.8530502319336,208.7289581298828
2021-06-28,74.05157470703125,208.9634552001953
2021-06-29,74.0860824584961,208.97283935546875
2021-06-30,74.13789367675781,208.98219299316406
2021-07-01,74.1310043334961,210.11708068847656
2021-07-02,74.26066589355469,211.28005981445312
2021-07-06,74.52862548828125,210.8205108642578
2021-07-07,74.68424987792969,211.1018524169922
2021-07-08,74.7534408569336,209.31979370117188
2021-07-09,74.51997375488281,211.85215759277344
2021-07-12,74.49407958984375,212.44305419921875
2021-07-13,74.26066589355469,211.26129150390625
2021-07-14,74.51136779785156,210.97055053710938
2021-07-15,74.69290924072266,210.22958374023438
2021-07-16,74.62372589111328,208.57888793945312
2021-07-19,75.04734802246094,205.61517333984375
2021-07-20,74.96955871582031,209.16976928710938
2021-07-21,74.72749328613281,211.04556274414062
2021-07-22,74.8917236328125,211.22377014160156
2021-07-23,74.80531311035156,213.3340301513672
2021-07-26,74.76210021972656,213.7654571533203
2021-07-27,74.95225524902344,212.61184692382812
2021-07-28,75.02141571044922,212.9401092529297
2021-07-29,74.8917236328125,213.8779754638672
2021-07-30,75.00413513183594,212.61184692382812
2021-08-02,75.18251037597656,212.3117218017578
2021-08-03,75.1998291015625,213.83114624023438
2021-08-04,75.1998291015625,212.87445068359375
2021-08-05,75.02664947509766,214.39385986328125
2021-08-06,74.67162322998047,214.65647888183594
2021-08-09,74.5331039428711,214.57205200195312
2021-08-10,74.42053985595703,214.71273803710938
2021-08-11,74.47249603271484,215.1348114013672
2021-08-12,74.48113250732422,215.73507690429688
2021-08-13,74.77557373046875,215.8570098876953
2021-08-16,74.84478759765625,215.94142150878906
2021-08-17,74.76688385009766,214.33761596679688
2021-08-18,74.74955749511719,212.19918823242188
2021-08-19,74.91407012939453,212.03973388671875
2021-08-20,74.89673614501953,213.9436798095703
2021-08-23,74.91407012939453,216.01644897460938
2021-08-24,74.76688385009766,216.7854766845703
2021-08-25,74.64567565917969,217.40452575683594
2021-08-26,74.65432739257812,215.9507598876953
2021-08-27,74.87078857421875,218.27671813964844
2021-08-30,74.9573745727539,219.1020965576172
2021-08-31,74.86214447021484,218.68942260742188
2021-09-01,74.8750991821289,219.07395935058594
2021-09-02,74.97921752929688,219.8148956298828
2021-09-03,74.82308959960938,219.73988342285156
2021-09-07,74.6063003540039,218.7926025390625
2021-09-08,74.72771453857422,218.27671813964844
2021-09-09,74.99654388427734,217.5170440673828
2021-09-10,74.81443786621094,215.7913055419922
2021-09-13,74.92720031738281,216.27903747558594
2021-09-14,75.1092758178711,214.97535705566406
2021-09-15,75.0398941040039,216.74798583984375
2021-09-16,74.90115356445312,216.55101013183594
2021-09-17,74.80573272705078,214.81591796875
2021-09-20,75.01386260986328,211.09246826171875
2021-09-21,74.99654388427734,211.0736846923828
2021-09-22,75.07459259033203,213.20272827148438
2021-09-23,74.67567443847656,215.8007049560547
2021-09-24,74.51957702636719,216.0585174560547
2021-09-27,74.4328842163086,215.5880889892578
2021-09-28,74.11198425292969,211.0719451904297
2021-09-29,74.1206283569336,211.21310424804688
2021-09-30,74.10332489013672,208.92681884765625
2021-10-01,74.35517883300781,211.80581665039062
2021-10-04,74.30305480957031,208.6163330078125
2021-10-05,74.12065124511719,210.56390380859375
2021-10-06,74.15544128417969,211.43885803222656
2021-10-07,73.94695281982422,213.47116088867188
2021-10-08,73.76458740234375,213.00071716308594
2021-10-11,73.65166473388672,211.4670867919922
2021-10-12,73.9209213256836,211.3165740966797
2021-10-13,74.12065124511719,212.27626037597656
2021-10-14,74.2509536743164,215.80447387695312
2021-10-15,74.06855010986328,217.0840301513672
2021-10-18,74.02515411376953,217.87437438964844
2021-10-19,73.81669616699219,219.46441650390625
2021-10-20,73.7298355102539,220.32057189941406
2021-10-21,73.62562561035156,220.9227294921875
2021-10-22,73.78195190429688,220.4993438720703
2021-10-25,73.81669616699219,221.8542022705078
2021-10-26,73.96437072753906,221.76953125
2021-10-27,74.23359680175781,220.25473022460938
2021-10-28,74.13807678222656,222.6068572998047
2021-10-29,74.15544128417969,222.89857482910156
2021-11-01,74.0979995727539,224.00872802734375
2021-11-02,74.23716735839844,224.70498657226562
2021-11-03,74.106689453125,226.29505920410156
2021-11-04,74.44598388671875,227.1511688232422
2021-11-05,74.67214965820312,228.02618408203125
2021-11-08,74.50685119628906,228.40257263183594
2021-11-09,74.71565246582031,227.7439422607422
2021-11-10,74.2110595703125,225.50469970703125
2021-11-11,74.08932495117188,225.77757263183594
2021-11-12,74.0979995727539,227.4522705078125
2021-11-15,73.79354858398438,227.4522705078125
2021-11-16,73.74134063720703,228.4307861328125
2021-11-17,73.89793395996094,227.48989868164062
2021-11-18,73.98493194580078,227.84742736816406
2021-11-19,74.14152526855469,227.1982421875
2021-11-22,73.77615356445312,226.10684204101562
2021-11-23,73.48038482666016,226.18211364746094
2021-11-24,73.65437316894531,226.94424438476562
2021-11-26,74.1762924194336,222.032958984375
2021-11-29,74.16761016845703,224.1216583251953
2021-11-30,74.30677795410156,219.6431427001953
2021-12-01,74.35468292236328,216.5477294921875
2021-12-02,74.36339569091797,220.06654357910156
2021-12-03,74.65094757080078,217.51683044433594
2021-12-06,74.45054626464844,220.3111572265625
2021-12-07,74.2850112915039,225.02488708496094
2021-12-08,74.0584716796875,225.9939422607422
2021-12-09,74.09332275390625,223.83937072753906
2021-12-10,74.11945343017578,225.3635711669922
2021-12-13,74.37215423583984,223.31251525878906
2021-12-14,74.25019836425781,221.63778686523438
2021-12-15,74.1543197631836,225.05307006835938
2021-12-16,74.25019836425781,222.5315704345703
2021-12-17,74.38084411621094,221.51547241210938
2021-12-20,74.25888061523438,218.40126037597656
2021-12-21,74.1804428100586,222.68212890625
2021-12-22,74.25888061523438,224.88372802734375
2021-12-23,74.14610290527344,226.43614196777344
2021-12-27,74.18107604980469,229.40956115722656
2021-12-28,74.1723403930664,228.93740844726562
2021-12-29,73.92758178710938,229.06964111328125
2021-12-30,74.09366607666016,228.7013397216797
2021-12-31,74.07618713378906,227.9743194580078
2022-01-03,73.57796478271484,229.41896057128906
2022-01-04,73.56922912597656,228.984619140625
2022-01-05,73.31574249267578,224.01800537109375
2022-01-06,73.237060546875,223.96136474609375
2022-01-07,73.03607177734375,222.94155883789062
2022-01-10,72.97486114501953,222.554443359375
2022-01-11,73.12348937988281,224.77337646484375
2022-01-12,73.09722900390625,225.12274169921875
2022-01-13,73.21961975097656,221.82737731933594
2022-01-14,72.81754302978516,221.9123992919922
2022-01-18,72.3630599975586,217.5972442626953
2022-01-19,72.5378646850586,215.3122100830078
2022-01-20,72.61650848388672,212.80056762695312
2022-01-21,72.88744354248047,208.5892791748047
2022-01-24,72.77387237548828,209.9300994873047
2022-01-25,72.67771911621094,206.99354553222656
2022-01-26,72.27561950683594,206.1909942626953
2022-01-27,72.51163482666016,204.66131591796875
2022-01-28,72.59905242919922,209.7034912109375
2022-01-31,72.54662322998047,214.16024780273438
2022-02-01,72.5177001953125,215.7937469482422
2022-02-02,72.62274932861328,217.21954345703125
2022-02-03,72.31632232666016,212.0546417236328
2022-02-04,71.86984252929688,213.4615020751953
2022-02-07,71.93111419677734,212.92330932617188
2022-02-08,71.69473266601562,214.8778533935547
2022-02-09,71.74726104736328,218.37149047851562
2022-02-10,71.09061431884766,214.6701202392578
2022-02-11,71.5546646118164,210.506103515625
2022-02-14,71.15192413330078,209.73179626464844
2022-02-15,71.0030746459961,213.4615020751953
2022-02-16,71.0993881225586,213.65980529785156
2022-02-17,71.25699615478516,208.8064727783203
2022-02-18,71.3795394897461,207.13522338867188
2022-02-22,71.33576202392578,204.75575256347656
2022-02-23,70.97684478759766,200.98826599121094
2022-02-24,71.13441467285156,204.51025390625
2022-02-25,71.19573211669922,209.06143188476562
2022-02-28,71.72100067138672,208.8348388671875
2022-03-01,72.09716033935547,205.57725524902344
2022-03-02,71.2115249633789,209.47689819335938
2022-03-03,71.5271987915039,207.88113403320312
2022-03-04,71.78150939941406,205.80386352539062
2022-03-07,71.43075561523438,199.45864868164062
2022-03-08,71.09752655029297,198.33497619628906
2022-03-09,70.9046401977539,203.83984375
2022-03-10,70.5275650024414,202.9239501953125
2022-03-11,70.47496032714844,200.1667938232422
2022-03-14,69.82605743408203,198.193359375
2022-03-15,69.94003295898438,202.32907104492188
2022-03-16,70.0452880859375,207.39015197753906
2022-03-17,70.10664367675781,210.1661834716797
2022-03-18,70.30834197998047,212.62112426757812
2022-03-21,69.58928680419922,212.42288208007812
2022-03-22,69.41392517089844,215.02891540527344
2022-03-23,69.72962188720703,212.1002655029297
2022-03-24,69.64189147949219,215.12176513671875
2022-03-25,69.02808380126953,216.04049682617188
2022-03-28,69.22977447509766,217.44232177734375
2022-03-29,69.53665161132812,220.73851013183594
2022-03-30,69.69451141357422,218.9483642578125
2022-03-31,69.74713897705078,215.64273071289062
2022-04-01,69.5959243774414,216.504638671875
2022-04-04,69.648681640625,218.3421630859375
2022-04-05,68.94544219970703,215.15017700195312
2022-04-06,68.73444366455078,212.67808532714844
2022-04-07,68.59378814697266,213.48313903808594
2022-04-08,68.2245864868164,212.8201141357422
2022-04-11,67.90812683105469,209.49554443359375
2022-04-12,68.12789154052734,208.8514862060547
2022-04-13,68.20697784423828,211.5888214111328
2022-04-14,67.74110412597656,209.01251220703125
2022-04-18,67.52130889892578,208.6525421142578
2022-04-19,67.0993881225586,212.32762145996094
2022-04-20,67.52130889892578,212.05291748046875
2022-04-21,67.16092681884766,208.58627319335938
2022-04-22,67.07299041748047,202.9032440185547
2022-04-25,67.49498748779297,204.0114288330078
2022-04-26,67.6707763671875,198.19580078125
2022-04-27,67.4598159790039,198.5841522216797
2022-04-28,67.43339538574219,203.42416381835938
2022-04-29,66.97628784179688,195.95098876953125
2022-05-02,66.63371276855469,197.42857360839844
2022-05-03,66.79225158691406,198.3662567138672
2022-05-04,67.2237777709961,204.18191528320312
2022-05-05,66.55445861816406,196.65188598632812
2022-05-06,66.27261352539062,195.07012939453125
2022-05-09,66.57206726074219,188.15576171875
2022-05-10,66.76583862304688,188.53460693359375
2022-05-11,66.99481201171875,185.1248016357422
2022-05-12,67.12693786621094,185.32371520996094
2022-05-13,66.88027954101562,190.28689575195312
2022-05-16,66.98600006103516,189.34921264648438
2022-05-17,66.5896987915039,193.39361572265625
2022-05-18,66.87151336669922,185.82571411132812
2022-05-19,67.01242065429688,185.00167846679688
2022-05-20,67.21499633789062,185.00167846679688
2022-05-23,66.97720336914062,188.16522216796875
2022-05-24,67.5232162475586,186.2803497314453
2022-05-25,67.79623413085938,188.3546905517578
2022-05-26,67.72577667236328,192.2096710205078
2022-05-27,67.91954040527344,197.07810974121094
2022-05-31,67.53202056884766,195.45846557617188
2022-06-01,67.23025512695312,194.1702880859375
2022-06-02,67.29202270507812,198.12945556640625
2022-06-03,67.19497680664062,194.96591186523438
2022-06-06,66.7978744506836,195.54373168945312
2022-06-07,67.02730560302734,197.6653594970703
2022-06-08,66.75376892089844,195.44900512695312
2022-06-09,66.6655044555664,190.76995849609375
2022-06-10,66.10078430175781,185.1058807373047
2022-06-13,65.03308868408203,177.5474090576172
2022-06-14,64.68009948730469,177.04544067382812
2022-06-15,65.42132568359375,179.62171936035156
2022-06-16,65.56254577636719,173.3514862060547
2022-06-17,65.59781646728516,174.00502014160156
2022-06-21,65.29779052734375,178.21995544433594
2022-06-22,65.83605194091797,178.19154357910156
2022-06-23,66.15371704101562,179.8072052001953
2022-06-24,66.03016662597656,185.61756896972656
2022-06-27,65.71250915527344,185.04696655273438
2022-06-28,65.7478256225586,181.233642578125
2022-06-29,66.12722778320312,180.92929077148438
2022-06-30,66.40961456298828,179.3697509765625
2022-07-01,66.93925476074219,181.2621307373047
2022-07-05,67.05415344238281,181.9088134765625
2022-07-06,66.64746856689453,182.27017211914062
2022-07-07,66.46177673339844,185.2751922607422
2022-07-08,66.24076080322266,185.0850067138672
2022-07-11,66.48829650878906,182.74566650390625
2022-07-12,66.60321807861328,181.1670684814453
2022-07-13,66.81544494628906,180.3777618408203
2022-07-14,66.60321807861328,179.57894897460938
2022-07-15,66.84195709228516,183.06895446777344
2022-07-18,66.63861846923828,181.80418395996094
2022-07-19,66.58558654785156,186.88229370117188
2022-07-20,66.52368927001953,188.39434814453125
2022-07-21,67.07186126708984,190.2582244873047
2022-07-22,67.62003326416016,188.19464111328125
2022-07-25,67.37244415283203,188.45140075683594
2022-07-26,67.39017486572266,186.12156677246094
2022-07-27,67.5758285522461,191.00949096679688
2022-07-28,68.04442596435547,193.50099182128906
2022-07-29,67.99136352539062,196.13514709472656
2022-08-01,68.28638458251953,195.67868041992188
2022-08-02,67.5953598022461,194.62310791015625
2022-08-03,67.93201446533203,197.7517852783203
2022-08-04,68.10035705566406,197.56155395507812
2022-08-05,67.32958221435547,197.49501037597656
2022-08-08,67.63079833984375,197.67568969726562
2022-08-09,67.48021697998047,196.42994689941406
2022-08-10,67.66622924804688,200.9089813232422
2022-08-11,67.2853012084961,200.91847229003906
2022-08-12,67.5953598022461,204.3989715576172
2022-08-15,67.66622924804688,205.19778442382812
2022-08-16,67.57766723632812,205.63522338867188
2022-08-17,67.17898559570312,203.79037475585938
2022-08-18,67.3030014038086,204.32290649414062
2022-08-19,66.87776184082031,201.40345764160156
2022-08-22,66.57657623291016,197.09559631347656
2022-08-23,66.54997253417969,196.7247314453125
2022-08-24,66.38164520263672,197.55209350585938
2022-08-25,66.74488830566406,200.41445922851562
2022-08-26,66.61199951171875,193.77676391601562
2022-08-29,66.31077575683594,192.3598175048828
2022-08-30,66.36395263671875,190.22019958496094
2022-08-31,66.08930206298828,188.822265625
2022-09-01,65.73064422607422,188.93638610839844
2022-09-02,65.89933013916016,187.06298828125
2022-09-06,65.30450439453125,186.30224609375
2022-09-07,65.77501678466797,189.7447052001953
2022-09-08,65.57086944580078,191.24720764160156
2022-09-09,65.54420471191406,194.4234161376953
2022-09-12,65.46431732177734,196.51553344726562
2022-09-13,65.13584899902344,188.07101440429688
2022-09-14,65.21575164794922,188.80323791503906
2022-09-15,65.02041625976562,186.78721618652344
2022-09-16,64.94940185546875,185.0850067138672
2022-09-19,64.90501403808594,186.39735412597656
2022-09-20,64.58541870117188,184.22914123535156
2022-09-21,64.76296997070312,181.08148193359375
2022-09-22,64.09715270996094,179.05593872070312
2022-09-23,63.91958999633789,175.9674530029297
2022-09-26,63.102848052978516,174.03839111328125
2022-09-27,62.82762908935547,173.78054809570312
2022-09-28,63.804176330566406,177.43820190429688
2022-09-29,63.47568130493164,173.75189208984375
2022-09-30,63.324798583984375,171.39303588867188
2022-10-03,63.855072021484375,175.747802734375
2022-10-04,64.01521301269531,181.39187622070312
2022-10-05,63.67708969116211,181.04803466796875
2022-10-06,63.43689727783203,179.3195343017578
2022-10-07,63.107688903808594,174.19117736816406
2022-10-10,62.82300567626953,172.8064422607422
2022-10-11,62.84077453613281,171.69863891601562
2022-10-12,62.911964416503906,171.23069763183594
2022-10-13,62.68954849243164,175.4804229736328
2022-10-14,62.38701629638672,171.34530639648438
2022-10-17,62.520477294921875,175.91973876953125
2022-10-18,62.6628303527832,178.06846618652344
2022-10-19,62.146793365478516,176.5500030517578
2022-10-20,61.7286376953125,175.0220489501953
2022-10-21,61.83538055419922,179.05213928222656
2022-10-24,61.746421813964844,180.98123168945312
2022-10-25,62.33363723754883,184.2568359375
2022-10-26,62.582759857177734,183.12039184570312
2022-10-27,62.911964416503906,182.2609100341797
2022-10-28,62.78739547729492,186.50108337402344
2022-10-31,62.59165573120117,185.2977752685547
2022-11-01,62.656795501708984,184.72474670410156
2022-11-02,62.55867004394531,179.8638458251953
2022-11-03,62.317893981933594,178.14488220214844
2022-11-04,62.335723876953125,180.43687438964844
2022-11-07,62.09492492675781,182.07945251464844
2022-11-08,62.37141036987305,183.034423828125
2022-11-09,62.46058654785156,179.09030151367188
2022-11-10,63.75362777709961,189.2227783203125
2022-11-11,63.75362777709961,191.1519012451172
2022-11-14,63.54854965209961,189.42335510253906
2022-11-15,63.994449615478516,191.3428955078125
2022-11-16,64.36006164550781,189.3947296142578
2022-11-17,64.092529296875,188.60206604003906
2022-11-18,63.98552703857422,189.49020385742188
2022-11-21,63.98552703857422,188.6880340576172
2022-11-22,64.31548309326172,191.1614532470703
2022-11-23,64.70787048339844,192.3265838623047
2022-11-25,64.70787048339844,192.4697723388672
2022-11-28,64.62760162353516,189.34695434570312
2022-11-29,64.3868408203125,189.05091857910156
2022-11-30,64.88622283935547,194.87637329101562
2022-12-01,65.4269790649414,194.99099731445312
2022-12-02,65.69512176513672,194.80953979492188
2022-12-05,65.17671203613281,190.9800262451172
2022-12-06,65.39119720458984,188.11502075195312
2022-12-07,65.96326446533203,187.80946350097656
2022-12-08,65.77555847167969,189.43292236328125
2022-12-09,65.39119720458984,187.8476104736328
2022-12-12,65.39119720458984,190.55026245117188
2022-12-13,65.83812713623047,191.97323608398438
2022-12-14,65.9990234375,190.90359497070312
2022-12-15,66.03477478027344,186.1477508544922
2022-12-16,65.86494445800781,184.01806640625
2022-12-19,65.47169494628906,182.16537475585938
2022-12-20,65.04263305664062,182.54739379882812
2022-12-21,65.19456481933594,185.30734252929688
2022-12-22,65.18563079833984,182.67898559570312
2022-12-23,64.98139953613281,183.68655395507812
2022-12-27,64.47966003417969,182.91888427734375
2022-12-28,64.39005279541016,180.61581420898438
2022-12-29,64.6319580078125,183.93606567382812
2022-12-30,64.36317443847656,183.46588134765625
2023-01-03,64.70362854003906,182.7174072265625
2023-01-04,65.07096862792969,184.33908081054688
2023-01-05,64.9992904663086,182.18003845214844
2023-01-06,65.71601867675781,186.20071411132812
2023-01-09,65.89522552490234,186.27749633789062
2023-01-10,65.63539123535156,187.7456512451172
2023-01-11,65.98480987548828,190.221435546875
2023-01-12,66.49549102783203,191.14268493652344
2023-01-13,66.27152252197266,191.9583282470703
2023-01-17,66.18193054199219,191.69924926757812
2023-01-18,66.7911376953125,188.67649841308594
2023-01-19,66.65675354003906,187.14112854003906
2023-01-20,66.36111450195312,190.73004150390625
2023-01-23,66.19981384277344,193.14820861816406
2023-01-24,66.49549102783203,192.83152770996094
2023-01-25,66.57610321044922,192.92752075195312
2023-01-26,66.45067596435547,194.91387939453125
2023-01-27,66.37903594970703,195.7007598876953
2023-01-30,66.19088745117188,193.08106994628906
2023-01-31,66.49549102783203,196.1709747314453
2023-02-01,66.92295837402344,198.56036376953125
2023-02-02,66.96786499023438,201.5255126953125
2023-02-03,66.37515258789062,199.44320678710938
2023-02-06,65.9620590209961,197.9462432861328
2023-02-07,65.8722152709961,200.44119262695312
2023-02-08,65.98896789550781,198.30125427246094
2023-02-09,65.71957397460938,196.3724822998047
2023-02-10,65.44115447998047,196.72755432128906
2023-02-13,65.62077331542969,199.0689697265625
2023-02-14,65.39623260498047,199.14572143554688
2023-02-15,65.25259399414062,200.0381317138672
2023-02-16,65.0011215209961,197.37046813964844
2023-02-17,65.14482116699219,196.7947235107422
2023-02-21,64.57904052734375,192.71640014648438
2023-02-22,64.72273254394531,192.5532989501953
2023-02-23,64.95622253417969,193.58004760742188
2023-02-24,64.59699249267578,191.42092895507812
2023-02-27,64.70478820800781,192.10227966308594
2023-02-28,64.72273254394531,191.45933532714844
2023-03-01,64.33930969238281,191.919921875
2023-03-02,64.20427703857422,192.21739196777344
2023-03-03,64.69933319091797,195.3457489013672
2023-03-06,64.54629516601562,195.08660888671875
2023-03-07,64.47428894042969,192.17901611328125
2023-03-08,64.4202880859375,192.4285125732422
2023-03-09,64.6363296508789,188.62850952148438
2023-03-10,65.41039276123047,185.45223999023438
2023-03-13,65.93246459960938,184.68455505371094
2023-03-14,65.51842498779297,187.97598266601562
2023-03-15,66.19348907470703,186.52699279785156
2023-03-16,65.87847900390625,189.75123596191406
2023-03-17,66.35553741455078,187.3042755126953
2023-03-20,66.06749725341797,188.93560791015625
2023-03-21,65.887451171875,191.63201904296875
2023-03-22,66.4725341796875,188.206298828125
2023-03-23,66.62555694580078,188.5492706298828
2023-03-24,66.76055908203125,189.73431396484375
2023-03-27,66.06749725341797,190.21607971191406
2023-03-28,65.95044708251953,189.9462890625
2023-03-29,66.02246856689453,192.68251037597656
2023-03-30,66.11248779296875,193.72305297851562
2023-03-31,66.45453643798828,196.64234924316406
2023-04-03,66.7369613647461,197.1626434326172
2023-04-04,67.00765991210938,195.8426971435547
2023-04-05,67.1881103515625,195.1297149658203
2023-04-06,67.17008972167969,195.77520751953125
2023-04-10,66.71891784667969,196.2184295654297
2023-04-11,66.74596405029297,196.42074584960938
2023-04-12,66.81816101074219,195.59217834472656
2023-04-13,66.78205871582031,198.1356964111328
2023-04-14,66.48431396484375,197.5865478515625
2023-04-17,66.12335968017578,198.37657165527344
2023-04-18,66.22261047363281,198.472900390625
2023-04-19,66.13239288330078,198.56927490234375
2023-04-20,66.42112731933594,197.33604431152344
2023-04-21,66.3038330078125,197.5094451904297
2023-04-24,66.56552124023438,197.5865478515625
2023-04-25,66.9986343383789,194.29150390625
2023-04-26,66.76402282714844,193.41473388671875
2023-04-27,66.47528076171875,197.04701232910156
2023-04-28,66.84523010253906,198.76197814941406
2023-05-01,66.15776824951172,198.66561889648438
2023-05-02,66.80904388427734,196.23768615722656
2023-05-03,67.0894546508789,195.09121704101562
2023-05-04,66.99900817871094,193.63632202148438
2023-05-05,66.75476837158203,197.21080017089844
2023-05-08,66.43817901611328,197.42274475097656
2023-05-09,66.36585235595703,196.61343383789062
2023-05-10,66.77288055419922,197.48056030273438
2023-05-11,66.9899673461914,197.22039794921875
2023-05-12,66.6371841430664,196.75794982910156
2023-05-15,66.46533203125,197.59616088867188
2023-05-16,66.30252075195312,196.0642547607422
2023-05-17,66.18492126464844,198.6077880859375
2023-05-18,65.91357421875,200.58290100097656
2023-05-19,65.73265075683594,200.10116577148438
2023-05-22,65.71456146240234,200.44801330566406
2023-05-23,65.75979614257812,198.3284149169922
2023-05-24,65.57889556884766,196.79649353027344
2023-05-25,65.33468627929688,198.1356964111328
2023-05-26,65.41606140136719,200.74668884277344
2023-05-30,65.85025024414062,200.81411743164062
2023-05-31,66.06732940673828,199.60980224609375
2023-06-01,66.2459716796875,201.60414123535156
2023-06-02,65.87418365478516,204.93775939941406
2023-06-05,65.88323974609375,204.39820861816406
2023-06-06,65.97395324707031,205.332763671875
2023-06-07,65.60209655761719,204.92811584472656
2023-06-08,65.9285888671875,205.8916015625
2023-06-09,65.79257202148438,206.1131591796875
2023-06-12,65.9285888671875,207.96299743652344
2023-06-13,65.63839721679688,209.49488830566406
2023-06-14,65.69283294677734,209.49488830566406
2023-06-15,66.10087585449219,212.04808044433594
2023-06-16,65.9557876586914,211.24839782714844
2023-06-20,66.04649353027344,210.20787048339844
2023-06-21,66.15530395507812,209.0517120361328
2023-06-22,65.83790588378906,209.61053466796875
2023-06-23,66.0283432006836,207.87646484375
2023-06-26,66.10993194580078,207.15109252929688
2023-06-27,65.9830093383789,209.67532348632812
2023-06-28,66.19159698486328,209.84939575195312
2023-06-29,65.69283294677734,210.855224609375
2023-06-30,65.91951751708984,213.0409393310547
2023-07-03,65.73223876953125,213.6792755126953
2023-07-05,65.45948028564453,213.03128051757812
2023-07-06,65.04127502441406,211.13568115234375
2023-07-07,65.00489807128906,210.8745880126953
2023-07-10,65.23218536376953,211.79335021972656
2023-07-11,65.36856079101562,213.45684814453125
2023-07-12,65.88679504394531,215.09129333496094
2023-07-13,66.28682708740234,216.9095001220703
2023-07-14,65.9776840209961,216.59036254882812
2023-07-17,66.05044555664062,217.4124298095703
2023-07-18,66.13226318359375,219.14358520507812
2023-07-19,66.28682708740234,219.7141876220703
2023-07-20,65.9776840209961,218.12811279296875
2023-07-21,66.02317810058594,218.10877990722656
2023-07-24,65.9140625,218.88247680664062
2023-07-25,65.8413314819336,219.43373107910156
2023-07-26,66.05953979492188,219.59814453125
2023-07-27,65.49586486816406,217.90562438964844
2023-07-28,65.72313690185547,220.1784210205078
2023-07-31,65.8413314819336,220.84579467773438
2023-08-01,65.43383026123047,220.24612426757812
2023-08-02,65.22417449951172,217.12228393554688
2023-08-03,64.82306671142578,216.49363708496094
2023-08-04,65.36090850830078,215.57484436035156
2023-08-07,65.2606430053711,217.22866821289062
2023-08-08,65.4976577758789,216.2228240966797
2023-08-09,65.5158920288086,214.6754150390625
2023-08-10,65.1512451171875,214.71409606933594
2023-08-11,64.94158172607422,214.51101684570312
2023-08-14,64.85955047607422,215.57484436035156
2023-08-15,64.71368408203125,213.1280059814453
2023-08-16,64.5313720703125,211.3677978515625
2023-08-17,64.46757507324219,209.63662719726562
2023-08-18,64.60430908203125,209.87843322753906
2023-08-21,64.29434967041016,211.0873565673828
2023-08-22,64.37640380859375,210.5264129638672
2023-08-23,64.95984649658203,212.8282012939453
2023-08-24,64.80484008789062,209.9751434326172
2023-08-25,64.80484008789062,211.406494140625
2023-08-28,64.92337799072266,212.76048278808594
2023-08-29,65.32447052001953,215.85531616210938
2023-08-30,65.29710388183594,216.81280517578125
2023-08-31,65.406494140625,216.58067321777344
2023-09-01,65.09204864501953,217.29635620117188
2023-09-05,64.73554229736328,216.00039672851562
2023-09-06,64.66244506835938,214.6464080810547
2023-09-07,64.88182067871094,213.911376953125
2023-09-08,64.90009307861328,214.14346313476562
2023-09-11,64.799560546875,215.4878387451172
2023-09-12,64.84526062011719,214.44329833984375
2023-09-13,64.94580841064453,214.47232055664062
2023-09-14,64.83612823486328,216.3098602294922
2023-09-15,64.70812225341797,213.76629638671875
2023-09-18,64.77212524414062,213.78564453125
2023-09-19,64.63502502441406,213.24404907226562
2023-09-20,64.55274200439453,211.3581085205078
2023-09-21,64.15054321289062,207.81321716308594
2023-09-22,64.4156265258789,207.37640380859375
2023-09-25,63.9403076171875,208.211181640625
2023-09-26,63.8763313293457,205.2117919921875
2023-09-27,63.64779281616211,205.42532348632812
2023-09-28,63.81229782104492,206.78427124023438
2023-09-29,63.7849006652832,206.18247985839844
2023-10-02,63.34677505493164,205.9106903076172
2023-10-03,62.83348083496094,202.92095947265625
2023-10-04,63.245948791503906,204.38670349121094
2023-10-05,63.29179000854492,204.2799072265625
2023-10-06,63.044288635253906,206.71633911132812
2023-10-09,63.685916900634766,208.01705932617188
2023-10-10,63.62175750732422,209.30807495117188
2023-10-11,63.915077209472656,210.13311767578125
2023-10-12,63.36511993408203,208.4441680908203
2023-10-13,63.658424377441406,207.26962280273438
2023-10-16,63.32843780517578,209.67691040039062
2023-10-17,62.91596603393555,209.9486846923828
2023-10-18,62.64098358154297,206.84251403808594
2023-10-19,62.366004943847656,204.89144897460938
2023-10-20,62.59515380859375,202.35797119140625
2023-10-23,62.83348083496094,201.80467224121094
2023-10-24,63.044288635253906,203.3286590576172
2023-10-25,62.56764221191406,200.30982971191406
2023-10-26,62.98931121826172,198.2325897216797
2023-10-27,62.98931121826172,197.16481018066406
2023-10-30,62.83348083496094,199.4362335205078
2023-10-31,62.815128326416016,200.72723388671875
2023-11-01,63.42467498779297,202.73654174804688
2023-11-02,63.79240798950195,206.764892578125
2023-11-03,64.16931915283203,209.09449768066406
2023-11-06,63.893524169921875,209.181884765625
2023-11-07,64.21527099609375,209.80308532714844
2023-11-08,64.41752624511719,209.77398681640625
2023-11-09,63.93949508666992,207.98794555664062
2023-11-10,64.05900573730469,211.08444213867188
2023-11-13,64.04061126708984,210.9582061767578
2023-11-14,64.82205963134766,215.6369171142578
2023-11-15,64.46350860595703,216.17079162597656
2023-11-16,64.84961700439453,216.02517700195312
2023-11-17,64.9415512084961,216.56875610351562
2023-11-20,65.03348541259766,218.19949340820312
2023-11-21,65.12542724609375,217.60739135742188
2023-11-22,65.18058776855469,218.53924560546875
2023-11-24,64.86801147460938,218.77220153808594
2023-11-27,65.2633285522461,218.49070739746094
2023-11-28,65.53910064697266,218.62660217285156
2023-11-29,65.8792724609375,218.7236785888672
2023-11-30,65.66783142089844,219.6263885498047
2023-12-01,66.2034683227539,221.48040771484375
2023-12-04,65.93611145019531,220.68443298339844
2023-12-05,66.3602066040039,220.25735473632812
2023-12-06,66.5538101196289,219.32550048828125
2023-12-07,66.53535461425781,221.08242797851562
2023-12-08,66.21269989013672,222.1404571533203
2023-12-11,66.22191619873047,223.0529022216797
2023-12-12,66.41552734375,223.8973846435547
2023-12-13,67.26367950439453,227.37245178222656
2023-12-14,67.77073669433594,228.72171020507812
2023-12-15,67.66934204101562,228.41107177734375
2023-12-18,67.53103637695312,229.4011688232422
2023-12-19,67.66010284423828,231.0804443359375
2023-12-20,67.88135528564453,227.63450622558594
2023-12-21,67.87215423583984,230.15159606933594
2023-12-22,67.82684326171875,230.67800903320312
2023-12-26,67.8915786743164,231.81857299804688
2023-12-27,68.32613372802734,232.2572479248047
2023-12-28,68.15968322753906,232.14028930664062
2023-12-29,68.00251770019531,231.253173828125
