Date,BND,VTI
2010-01-04,49.132347106933594,43.220069885253906
2010-01-05,49.27595901489258,43.3859748840332
2010-01-06,49.25722122192383,43.44632339477539
2010-01-07,49.2197380065918,43.627296447753906
2010-01-08,49.269718170166016,43.77059555053711
2010-01-11,49.28843307495117,43.8309211730957
2010-01-12,49.47575759887695,43.37843704223633
2010-01-13,49.363365173339844,43.785667419433594
2010-01-14,49.48201370239258,43.86107635498047
2010-01-15,49.51323318481445,43.36335754394531
2010-01-19,49.488250732421875,43.936500549316406
2010-01-20,49.6069450378418,43.529273986816406
2010-01-21,49.66312026977539,42.72987747192383
2010-01-22,49.64437484741211,41.78718948364258
2010-01-25,49.5756721496582,41.968177795410156
2010-01-26,49.69435119628906,41.77964401245117
2010-01-27,49.625640869140625,41.98326873779297
2010-01-28,49.64437484741211,41.485530853271484
2010-01-29,49.70679473876953,40.99534225463867
2010-02-01,49.67428207397461,41.621273040771484
2010-02-02,49.7055778503418,42.15671920776367
2010-02-03,49.67428207397461,41.945556640625
2010-02-04,49.76820755004883,40.64088821411133
2010-02-05,49.84965515136719,40.70876693725586
2010-02-08,49.855892181396484,40.39202117919922
2010-02-09,49.7557258605957,40.927452087402344
2010-02-10,49.642906188964844,40.867130279541016
2010-02-11,49.56150817871094,41.304534912109375
2010-02-12,49.63039779663086,41.304534912109375
2010-02-16,49.693031311035156,41.998355865478516
2010-02-17,49.58027648925781,42.23212814331055
2010-02-18,49.51134490966797,42.473472595214844
2010-02-19,49.51134490966797,42.6242790222168
2010-02-22,49.49258804321289,42.556419372558594
2010-02-23,49.68049621582031,42.04359817504883
2010-02-24,49.74314880371094,42.420658111572266
2010-02-25,49.81206512451172,42.40558624267578
2010-02-26,49.86846923828125,42.40558624267578
2010-03-01,49.921234130859375,42.91086959838867
2010-03-02,49.958900451660156,43.046630859375
2010-03-03,49.9651985168457,43.09939956665039
2010-03-04,50.00288009643555,43.2125244140625
2010-03-05,49.9275016784668,43.8987922668457
2010-03-08,49.84581756591797,43.90633773803711
2010-03-09,49.877220153808594,43.9968376159668
2010-03-10,49.83954620361328,44.230621337890625
2010-03-11,49.833274841308594,44.39651870727539
2010-03-12,49.85211944580078,44.39651870727539
2010-03-15,49.921234130859375,44.381431579589844
2010-03-16,50.00916290283203,44.74344253540039
2010-03-17,50.021724700927734,45.030029296875
2010-03-18,49.933780670166016,44.97721481323242
2010-03-19,49.97145462036133,44.68310546875
2010-03-22,50.021724700927734,44.99985122680664
2010-03-23,50.021724700927734,45.31658935546875
2010-03-24,49.770408630371094,45.052642822265625
2010-03-25,49.61335754394531,44.97389602661133
2010-03-26,49.7202033996582,44.96632385253906
2010-03-29,49.61335754394531,45.231327056884766
2010-03-30,49.7138671875,45.2540283203125
2010-03-31,49.757896423339844,45.117740631103516
2010-04-01,49.74211502075195,45.44330978393555
2010-04-05,49.45219039916992,45.88245391845703
2010-04-06,49.49003601074219,46.01118469238281
2010-04-07,49.679073333740234,45.768890380859375
2010-04-08,49.65388107299805,45.87488555908203
2010-04-09,49.74842071533203,46.18531036376953
2010-04-12,49.798805236816406,46.29130935668945
2010-04-13,49.8996467590332,46.33673858642578
2010-04-14,49.86186218261719,46.904598236083984
2010-04-15,49.93747329711914,46.96516036987305
2010-04-16,50.04459762573242,46.23073959350586
2010-04-19,49.98157501220703,46.351890563964844
2010-04-20,50.0319938659668,46.791019439697266
2010-04-21,50.069820404052734,46.753150939941406
2010-04-22,50.03831481933594,46.98031997680664
2010-04-23,50.000492095947266,47.298309326171875
2010-04-26,49.97531509399414,47.13172912597656
2010-04-27,50.15803146362305,45.99602508544922
2010-04-28,50.12652587890625,46.29889678955078
2010-04-29,50.14545822143555,46.904598236083984
2010-04-30,50.29038619995117,46.10203170776367
2010-05-03,50.26321029663086,46.7228889465332
2010-05-04,50.40857696533203,45.5871696472168
2010-05-05,50.43386459350586,45.216182708740234
2010-05-06,50.629798889160156,43.69432830810547
2010-05-07,50.50341796875,42.86907196044922
2010-05-10,50.446510314941406,44.83760070800781
2010-05-11,50.51603698730469,44.79975128173828
2010-05-12,50.376953125,45.51902770996094
2010-05-13,50.4717903137207,44.97389602661133
2010-05-14,50.64248275756836,44.16374969482422
2010-05-17,50.648780822753906,44.19404220581055
2010-05-18,50.83842086791992,43.56563186645508
2010-05-19,50.85102844238281,43.25518798828125
2010-05-20,50.93952560424805,41.57436752319336
2010-05-21,51.00905227661133,42.18007278442383
2010-05-24,51.002769470214844,41.65006637573242
2010-05-25,51.01540756225586,41.65006637573242
2010-05-26,50.95215606689453,41.475929260253906
2010-05-27,50.75621795654297,42.92964172363281
2010-05-28,50.85739517211914,42.46776580810547
2010-06-01,50.89790725708008,41.58949661254883
2010-06-02,50.85355758666992,42.67219924926758
2010-06-03,50.796531677246094,42.899356842041016
2010-06-04,50.935970306396484,41.392635345458984
2010-06-07,51.0944709777832,40.71876525878906
2010-06-08,51.07545471191406,41.06708526611328
2010-06-09,51.07545471191406,40.87779235839844
2010-06-10,50.86627197265625,42.13462448120117
2010-06-11,50.948673248291016,42.39206314086914
2010-06-14,50.96133041381836,42.399627685546875
2010-06-15,50.872562408447266,43.35363006591797
2010-06-16,50.9930534362793,43.308189392089844
2010-06-17,51.13253402709961,43.3839111328125
2010-06-18,51.11350631713867,43.41419219970703
2010-06-21,51.126190185546875,43.24763107299805
2010-06-22,51.246612548828125,42.50563049316406
2010-06-23,51.3734245300293,42.33906555175781
2010-06-24,51.303707122802734,41.668792724609375
2010-06-25,51.36711883544922,41.8818244934082
2010-06-28,51.462188720703125,41.74488830566406
2010-06-29,51.582679748535156,40.428707122802734
2010-06-30,51.59535598754883,39.98743438720703
2010-07-01,51.620140075683594,39.81245422363281
2010-07-02,51.58835220336914,39.622283935546875
2010-07-06,51.71552658081055,39.743995666503906
2010-07-07,51.65192794799805,41.037349700927734
2010-07-08,51.61377716064453,41.44057083129883
2010-07-09,51.55657196044922,41.760101318359375
2010-07-12,51.57560348510742,41.775325775146484
2010-07-13,51.48662185668945,42.46003341674805
2010-07-14,51.620140075683594,42.45242691040039
2010-07-15,51.67100143432617,42.490455627441406
2010-07-16,51.84270095825195,41.257957458496094
2010-07-19,51.78544616699219,41.493812561035156
2010-07-20,51.77906036376953,41.973121643066406
2010-07-21,51.963470458984375,41.44816589355469
2010-07-22,51.906272888183594,42.36874008178711
2010-07-23,51.81720733642578,42.80238723754883
2010-07-26,51.84270095825195,43.327335357666016
2010-07-27,51.81720733642578,43.274078369140625
2010-07-28,51.906272888183594,42.96975326538086
2010-07-29,51.963470458984375,42.749141693115234
2010-07-30,52.0397834777832,42.79477310180664
2010-08-02,52.02827072143555,43.71534729003906
2010-08-03,52.16856002807617,43.4794921875
2010-08-04,52.0665283203125,43.82185745239258
2010-08-05,52.1494026184082,43.730560302734375
2010-08-06,52.302486419677734,43.570804595947266
2010-08-09,52.238670349121094,43.79903030395508
2010-08-10,52.3470573425293,43.52515411376953
2010-08-11,52.385337829589844,42.239402770996094
2010-08-12,52.28974533081055,42.003543853759766
2010-08-13,52.436336517333984,41.843772888183594
2010-08-16,52.63400650024414,41.805755615234375
2010-08-17,52.557498931884766,42.399166107177734
2010-08-18,52.5256233215332,42.49807357788086
2010-08-19,52.64676284790039,41.75248718261719
2010-08-20,52.57662582397461,41.607948303222656
2010-08-23,52.6085090637207,41.387298583984375
2010-08-24,52.79342269897461,40.79388427734375
2010-08-25,52.72324752807617,40.9232177734375
2010-08-26,52.767879486083984,40.67215347290039
2010-08-27,52.5256233215332,41.372093200683594
2010-08-30,52.761531829833984,40.771060943603516
2010-08-31,52.850791931152344,40.77867126464844
2010-09-01,52.682029724121094,41.973121643066406
2010-09-02,52.5797004699707,42.414390563964844
2010-09-03,52.48380661010742,42.97737503051758
2010-09-07,52.707603454589844,42.5132942199707
2010-09-08,52.56053161621094,42.73391342163086
2010-09-09,52.362335205078125,42.946937561035156
2010-09-10,52.298423767089844,43.129520416259766
2010-09-13,52.43268966674805,43.677310943603516
2010-09-14,52.50937271118164,43.66969680786133
2010-09-15,52.45824432373047,43.81425476074219
2010-09-16,52.37513732910156,43.79903030395508
2010-09-17,52.42626190185547,43.82185745239258
2010-09-20,52.46465301513672,44.544612884521484
2010-09-21,52.65643310546875,44.43809509277344
2010-09-22,52.701168060302734,44.20223617553711
2010-09-23,52.71397018432617,43.82185745239258
2010-09-24,52.592506408691406,44.75255584716797
2010-09-27,52.816280364990234,44.56135177612305
2010-09-28,52.93138122558594,44.81372833251953
2010-09-29,52.873802185058594,44.73724365234375
2010-09-30,52.84822082519531,44.63782501220703
2010-10-01,52.805294036865234,44.836669921875
2010-10-04,52.93990707397461,44.43899154663086
2010-10-05,52.95269775390625,45.36433029174805
2010-10-06,53.07455062866211,45.31844711303711
2010-10-07,53.16429138183594,45.25727462768555
2010-10-08,53.10014724731445,45.56316375732422
2010-10-11,53.0809440612793,45.63199996948242
2010-10-12,53.0296745300293,45.792579650878906
2010-10-13,53.11299133300781,46.15202331542969
2010-10-14,52.9078254699707,46.02964782714844
2010-10-15,52.78603744506836,46.06790542602539
2010-10-18,52.98478698730469,46.32025909423828
2010-10-19,53.061702728271484,45.64728927612305
2010-10-20,53.04246139526367,46.10612487792969
2010-10-21,52.99761199951172,46.1826057434082
2010-10-22,52.96556854248047,46.32025909423828
2010-10-25,52.99761199951172,46.47320556640625
2010-10-26,52.85019302368164,46.46556091308594
2010-10-27,52.741172790527344,46.373802185058594
2010-10-28,52.92066192626953,46.373802185058594
2010-10-29,53.016841888427734,46.434967041015625
2010-11-01,53.015533447265625,46.442626953125
2010-11-02,53.10554122924805,46.809688568115234
2010-11-03,53.16341018676758,47.0008659362793
2010-11-04,53.33055114746094,47.91856002807617
2010-11-05,53.10554122924805,48.1326904296875
2010-11-08,53.118404388427734,48.07151412963867
2010-11-09,52.84840393066406,47.69677734375
2010-11-10,52.829166412353516,47.903282165527344
2010-11-11,52.84840393066406,47.77326202392578
2010-11-12,52.610557556152344,47.16912078857422
2010-11-15,52.35985565185547,47.10029220581055
2010-11-16,52.53343200683594,46.35084533691406
2010-11-17,52.54629898071289,46.42732238769531
2010-11-18,52.54629898071289,47.07734680175781
2010-11-19,52.55910873413086,47.268531799316406
2010-11-22,52.713417053222656,47.276187896728516
2010-11-23,52.72626495361328,46.603214263916016
2010-11-24,52.47555923461914,47.3526611328125
2010-11-26,52.59769821166992,47.031471252441406
2010-11-29,52.636287689208984,46.962650299072266
2010-11-30,52.6555290222168,46.672035217285156
2010-12-01,52.333274841308594,47.67384719848633
2010-12-02,52.28812026977539,48.28562927246094
2010-12-03,52.3719367980957,48.43859100341797
2010-12-06,52.5460205078125,48.42329788208008
2010-12-07,52.16571044921875,48.4768180847168
2010-12-08,51.894962310791016,48.614479064941406
2010-12-09,51.94009017944336,48.79037094116211
2010-12-10,51.77249526977539,49.103904724121094
2010-12-13,51.9078369140625,49.11921310424805
2010-12-14,51.57911682128906,49.13450241088867
2010-12-15,51.417964935302734,48.920379638671875
2010-12-16,51.53401184082031,49.21097183227539
2010-12-17,51.84987258911133,49.30274963378906
2010-12-20,51.88206481933594,49.432762145996094
2010-12-21,51.94009017944336,49.73101043701172
2010-12-22,51.88206481933594,49.9201545715332
2010-12-23,51.824073791503906,49.85092544555664
2010-12-27,51.96881866455078,49.881675720214844
2010-12-28,51.63124084472656,49.92782211303711
2010-12-29,51.93638610839844,50.00470733642578
2010-12-30,51.942874908447266,49.94319534301758
2010-12-31,52.1181755065918,49.9201545715332
2011-01-03,52.05324935913086,50.435245513916016
2011-01-04,52.05974578857422,50.33530044555664
2011-01-05,51.832515716552734,50.6120719909668
2011-01-06,51.877952575683594,50.49674606323242
2011-01-07,52.072750091552734,50.38142776489258
2011-01-10,52.19609069824219,50.41987228393555
2011-01-11,52.09222412109375,50.6197624206543
2011-01-12,52.05974578857422,51.07337188720703
2011-01-13,52.22209930419922,50.99650192260742
2011-01-14,52.15065383911133,51.32709503173828
2011-01-18,52.09874725341797,51.457786560058594
2011-01-19,52.16362762451172,50.84273147583008
2011-01-20,51.96881866455078,50.6889533996582
2011-01-21,52.072750091552734,50.773529052734375
2011-01-24,52.06624221801758,51.05799865722656
2011-01-25,52.20261001586914,51.0887565612793
2011-01-26,52.02080535888672,51.38090133666992
2011-01-27,52.12468719482422,51.53466033935547
2011-01-28,52.23505401611328,50.6120719909668
2011-01-31,52.16362762451172,50.94267654418945
2011-02-01,52.06272506713867,51.78070068359375
2011-02-02,52.00410079956055,51.71919250488281
2011-02-03,51.82830810546875,51.83451843261719
2011-02-04,51.65250015258789,51.9806022644043
2011-02-07,51.65904235839844,52.32655715942383
2011-02-08,51.496238708496094,52.587974548339844
2011-02-09,51.619972229003906,52.44956588745117
2011-02-10,51.45717239379883,52.51108932495117
2011-02-11,51.632965087890625,52.8570556640625
2011-02-14,51.69158172607422,52.99544906616211
2011-02-15,51.76318359375,52.82630157470703
2011-02-16,51.78274154663086,53.17229080200195
2011-02-17,51.860870361328125,53.364479064941406
2011-02-18,51.860870361328125,53.46443557739258
2011-02-22,52.05620574951172,52.318878173828125
2011-02-23,52.049678802490234,51.88066101074219
2011-02-24,52.10178756713867,51.88835144042969
2011-02-25,52.24502182006836,52.541839599609375
2011-02-28,52.31663513183594,52.82630157470703
2011-03-01,52.29182052612305,51.934452056884766
2011-03-02,52.187374114990234,52.042091369628906
2011-03-03,51.97850799560547,52.98775863647461
2011-03-04,52.154720306396484,52.63410568237305
2011-03-07,52.148231506347656,52.15740966796875
2011-03-08,52.10251235961914,52.62641525268555
2011-03-09,52.19391632080078,52.549530029296875
2011-03-10,52.43544006347656,51.54235076904297
2011-03-11,52.44196319580078,51.88835144042969
2011-03-14,52.49420928955078,51.573123931884766
2011-03-15,52.526885986328125,51.0272331237793
2011-03-16,52.774925231933594,50.143089294433594
2011-03-17,52.696598052978516,50.719696044921875
2011-03-18,52.690067291259766,50.95805358886719
2011-03-21,52.53988265991211,51.75762176513672
2011-03-22,52.52030563354492,51.588470458984375
2011-03-23,52.50075149536133,51.711509704589844
2011-03-24,52.41587829589844,52.203556060791016
2011-03-25,52.344078063964844,52.39116668701172
2011-03-28,52.29836654663086,52.26762390136719
2011-03-29,52.206966400146484,52.653648376464844
2011-03-30,52.29836654663086,53.047401428222656
2011-03-31,52.239620208740234,53.047401428222656
2011-04-01,52.30376434326172,53.30217742919922
2011-04-04,52.369258880615234,53.34849166870117
2011-04-05,52.251399993896484,53.37936782836914
2011-04-06,52.172821044921875,53.518367767333984
2011-04-07,52.15971755981445,53.36396026611328
2011-04-08,52.12702178955078,53.140045166015625
2011-04-11,52.13355255126953,52.94704818725586
2011-04-12,52.31684112548828,52.49924087524414
2011-04-13,52.4150505065918,52.530128479003906
2011-04-14,52.38888931274414,52.561012268066406
2011-04-15,52.552547454833984,52.815792083740234
2011-04-18,52.611488342285156,52.182708740234375
2011-04-19,52.69660568237305,52.48379898071289
2011-04-20,52.62455368041992,53.248138427734375
2011-04-21,52.66383743286133,53.51062774658203
2011-04-25,52.69660568237305,53.456581115722656
2011-04-26,52.86027526855469,53.927547454833984
2011-04-27,52.834075927734375,54.28266525268555
2011-04-28,52.932281494140625,54.444828033447266
2011-04-29,53.00432205200195,54.583778381347656
2011-05-02,53.019405364990234,54.49113082885742
2011-05-03,53.078460693359375,54.19002151489258
2011-05-04,53.144134521484375,53.78855895996094
2011-05-05,53.2623291015625,53.35618591308594
2011-05-06,53.30168914794922,53.58782958984375
2011-05-09,53.3476448059082,53.87348556518555
2011-05-10,53.20979309082031,54.35216522216797
2011-05-11,53.27547836303711,53.79628372192383
2011-05-12,53.22293472290039,54.05105972290039
2011-05-13,53.30168914794922,53.55696105957031
2011-05-16,53.426429748535156,53.18636703491211
2011-05-17,53.511775970458984,53.140045166015625
2011-05-18,53.36076354980469,53.64959716796875
2011-05-19,53.34109878540039,53.780853271484375
2011-05-20,53.38705825805664,53.37936782836914
2011-05-23,53.41986083984375,52.699989318847656
2011-05-24,53.45268630981445,52.64594268798828
2011-05-25,53.472381591796875,52.86213302612305
2011-05-26,53.544586181640625,53.17865753173828
2011-05-27,53.56426239013672,53.42570877075195
2011-05-31,53.62993621826172,54.00474166870117
2011-06-01,53.889339447021484,52.77716827392578
2011-06-02,53.67208480834961,52.67681884765625
2011-06-03,53.76423645019531,52.13639831542969
2011-06-06,53.731346130371094,51.53418731689453
2011-06-07,53.79719543457031,51.51102066040039
2011-06-08,53.90248107910156,51.24080276489258
2011-06-09,53.777400970458984,51.603675842285156
2011-06-10,53.84321212768555,50.870235443115234
2011-06-13,53.790565490722656,50.86249542236328
2011-06-14,53.56676483154297,51.56508255004883
2011-06-15,53.78398895263672,50.646339416503906
2011-06-16,53.81690979003906,50.73125457763672
2011-06-17,53.86958312988281,50.89338302612305
2011-06-20,53.80370330810547,51.13270950317383
2011-06-21,53.81690979003906,51.9124755859375
2011-06-22,53.830074310302734,51.626827239990234
2011-06-23,53.96171569824219,51.54191207885742
2011-06-24,54.0143928527832,50.95498275756836
2011-06-27,53.856346130371094,51.38916015625
2011-06-28,53.65890884399414,52.10245895385742
2011-06-29,53.540401458740234,52.55992126464844
2011-06-30,53.42848587036133,53.03289031982422
2011-07-01,53.45293426513672,53.79270553588867
2011-07-05,53.631168365478516,53.78495407104492
2011-07-06,53.664127349853516,53.89349365234375
2011-07-07,53.55195617675781,54.474998474121094
2011-07-08,53.82918167114258,54.087345123291016
2011-07-11,53.98756790161133,53.087158203125
2011-07-12,54.04039001464844,52.854549407958984
2011-07-13,54.113006591796875,53.056129455566406
2011-07-14,53.90837097167969,52.60645294189453
2011-07-15,54.00740432739258,52.93983840942383
2011-07-18,53.93477249145508,52.45137023925781
2011-07-19,54.07999801635742,53.33525848388672
2011-07-20,53.994197845458984,53.30425262451172
2011-07-21,53.875389099121094,53.95551300048828
2011-07-22,54.02061080932617,54.0485725402832
2011-07-25,53.84236526489258,53.69968032836914
2011-07-26,53.974388122558594,53.47483825683594
2011-07-27,53.862178802490234,52.29631423950195
2011-07-28,54.02061080932617,52.11798095703125
2011-07-29,54.2978630065918,51.83110809326172
2011-08-01,54.470619201660156,51.5985107421875
2011-08-02,54.70223617553711,50.23391342163086
2011-08-03,54.74193572998047,50.5130500793457
2011-08-04,55.0728759765625,47.977684020996094
2011-08-05,54.71544647216797,47.77611541748047
2011-08-08,54.97358322143555,44.465431213378906
2011-08-09,55.16550064086914,46.690643310546875
2011-08-10,55.60234451293945,44.705806732177734
2011-08-11,55.06622314453125,46.75267791748047
2011-08-12,55.244903564453125,47.062801361083984
2011-08-15,55.15230178833008,48.08626174926758
2011-08-16,55.31776809692383,47.628807067871094
2011-08-17,55.41703414916992,47.636539459228516
2011-08-18,55.5361442565918,45.51213455200195
2011-08-19,55.58912658691406,44.69804000854492
2011-08-22,55.463340759277344,44.705806732177734
2011-08-23,55.29789733886719,46.240943908691406
2011-08-24,54.98019027709961,46.89999008178711
2011-08-25,55.13240432739258,46.11689376831055
2011-08-26,55.198638916015625,46.88447189331055
2011-08-29,55.06622314453125,48.34984588623047
2011-08-30,55.27138900756836,48.48167419433594
2011-08-31,55.198638916015625,48.67551040649414
2011-09-01,55.432830810546875,48.12500762939453
2011-09-02,55.58546829223633,46.80693817138672
2011-09-06,55.66505432128906,46.512325286865234
2011-09-07,55.53899383544922,47.90015411376953
2011-09-08,55.61195755004883,47.32642364501953
2011-09-09,55.658447265625,46.0936393737793
2011-09-12,55.4925537109375,46.419273376464844
2011-09-13,55.432830810546875,46.88447189331055
2011-09-14,55.55226516723633,47.55125427246094
2011-09-15,55.446102142333984,48.38086700439453
2011-09-16,55.42618179321289,48.61348342895508
2011-09-19,55.598731994628906,48.10175323486328
2011-09-20,55.67171859741211,47.93117904663086
2011-09-21,55.824337005615234,46.37275314331055
2011-09-22,55.95703125,44.946144104003906
2011-09-23,55.77124786376953,45.2080192565918
2011-09-26,55.598731994628906,46.275875091552734
2011-09-27,55.48594284057617,46.860469818115234
2011-09-28,55.36648178100586,45.79262161254883
2011-09-29,55.35983657836914,46.12778091430664
2011-09-30,55.565547943115234,44.989776611328125
2011-10-03,55.88090133666992,43.50102996826172
2011-10-04,55.66133499145508,44.592281341552734
2011-10-05,55.421871185302734,45.50421142578125
2011-10-06,55.38858413696289,46.38499069213867
2011-10-07,55.26882553100586,45.964107513427734
2011-10-10,55.189022064208984,47.54637145996094
2011-10-11,55.16242218017578,47.58534622192383
2011-10-12,55.14910125732422,48.037445068359375
2011-10-13,55.21562194824219,47.975074768066406
2011-10-14,55.115867614746094,48.84806442260742
2011-10-17,55.308780670166016,47.8581657409668
2011-10-18,55.2488899230957,48.824676513671875
2011-10-19,55.39528274536133,48.177734375
2011-10-20,55.368656158447266,48.395973205566406
2011-10-21,55.28215408325195,49.30793380737305
2011-10-24,55.322059631347656,50.13414764404297
2011-10-25,55.60813903808594,49.11308288574219
2011-10-26,55.46841812133789,49.643089294433594
2011-10-27,55.1823616027832,51.35788345336914
2011-10-28,55.38196563720703,51.40464401245117
2011-10-31,55.62806701660156,50.102962493896484
2011-11-01,56.04158401489258,48.770118713378906
2011-11-02,56.00823974609375,49.57293701171875
2011-11-03,55.8681640625,50.539459228515625
2011-11-04,55.948211669921875,50.266658782958984
2011-11-07,55.96155548095703,50.52387237548828
2011-11-08,55.78817367553711,51.131839752197266
2011-11-09,55.85480499267578,49.183223724365234
2011-11-10,55.78817367553711,49.61970901489258
2011-11-11,55.748130798339844,50.601810455322266
2011-11-14,55.75480270385742,50.102962493896484
2011-11-15,55.72148513793945,50.406944274902344
2011-11-16,55.82815170288086,49.56515884399414
2011-11-17,55.80149841308594,48.75453186035156
2011-11-18,55.768131256103516,48.684364318847656
2011-11-21,55.75480270385742,47.780216217041016
2011-11-22,55.81484603881836,47.554176330566406
2011-11-23,55.874820709228516,46.494136810302734
2011-11-25,55.79479217529297,46.34601974487305
2011-11-28,55.79479217529297,47.74124526977539
2011-11-29,55.714813232421875,47.88933563232422
2011-11-30,55.594730377197266,49.9159049987793
2011-12-01,55.57670211791992,49.9159049987793
2011-12-02,55.7572021484375,49.89252853393555
2011-12-05,55.76387405395508,50.4381217956543
2011-12-06,55.69035720825195,50.461517333984375
2011-12-07,55.76387405395508,50.594032287597656
2011-12-08,55.890865325927734,49.4482421875
2011-12-09,55.7572021484375,50.32901382446289
2011-12-12,55.8173828125,49.55736541748047
2011-12-13,55.95774459838867,49.0273323059082
2011-12-14,56.06473922729492,48.46614456176758
2011-12-15,56.038002014160156,48.64541244506836
2011-12-16,56.191776275634766,48.80908203125
2011-12-19,56.17169189453125,48.24007797241211
2011-12-20,56.05806350708008,49.752227783203125
2011-12-21,55.904293060302734,49.847076416015625
2011-12-22,56.01121139526367,50.36443328857422
2011-12-23,56.08260726928711,50.748538970947266
2011-12-27,55.947940826416016,50.75636291503906
2011-12-28,56.16341781616211,50.13709259033203
2011-12-29,56.21055603027344,50.630950927734375
2011-12-30,56.25095748901367,50.40364456176758
2012-01-03,56.07583999633789,51.11695861816406
2012-01-04,56.10280990600586,51.14047622680664
2012-01-05,56.08260726928711,51.36780548095703
2012-01-06,56.11624526977539,51.250221252441406
2012-01-09,56.16341781616211,51.36780548095703
2012-01-10,56.13650894165039,51.877323150634766
2012-01-11,56.27113342285156,51.97139358520508
2012-01-12,56.19035720825195,52.0968132019043
2012-01-13,56.35866928100586,51.85382080078125
2012-01-17,56.31159210205078,51.97139358520508
2012-01-18,56.29805374145508,52.598487854003906
2012-01-19,56.2442512512207,52.91990280151367
2012-01-20,56.13650894165039,52.93556213378906
2012-01-23,56.06919860839844,52.95124053955078
2012-01-24,56.08260726928711,52.94340515136719
2012-01-25,56.2442512512207,53.429420471191406
2012-01-26,56.3923454284668,53.15504837036133
2012-01-27,56.49332809448242,53.19426345825195
2012-01-30,56.560672760009766,52.982601165771484
2012-01-31,56.60781478881836,52.959110260009766
2012-02-01,56.54978942871094,53.570518493652344
2012-02-02,56.637516021728516,53.66457748413086
2012-02-03,56.563270568847656,54.46414566040039
2012-02-06,56.59028625488281,54.43278503417969
2012-02-07,56.51604080200195,54.55820846557617
2012-02-08,56.44852828979492,54.675804138183594
2012-02-09,56.455257415771484,54.76201629638672
2012-02-10,56.49576950073242,54.330848693847656
2012-02-13,56.48902130126953,54.746334075927734
2012-02-14,56.563270568847656,54.667938232421875
2012-02-15,56.48902130126953,54.43278503417969
2012-02-16,56.49576950073242,55.08340072631836
2012-02-17,56.367557525634766,55.16179656982422
2012-02-21,56.333805084228516,55.13825607299805
2012-02-22,56.52277374267578,54.965816497802734
2012-02-23,56.54978942871094,55.27153015136719
2012-02-24,56.59028625488281,55.349918365478516
2012-02-27,56.691505432128906,55.39696502685547
2012-02-28,56.68476867675781,55.553749084472656
2012-02-29,56.63075637817383,55.19314956665039
2012-03-01,56.539459228515625,55.61643600463867
2012-03-02,56.65447235107422,55.34209060668945
2012-03-05,56.539459228515625,55.09123229980469
2012-03-06,56.63416290283203,54.2054557800293
2012-03-07,56.6476936340332,54.675804138183594
2012-03-08,56.559749603271484,55.24019241333008
2012-03-09,56.50558853149414,55.51454162597656
2012-03-12,56.546226501464844,55.4753532409668
2012-03-13,56.37704849243164,56.50223922729492
2012-03-14,56.04554748535156,56.38467025756836
2012-03-15,56.05908203125,56.7138786315918
2012-03-16,56.05231475830078,56.80010986328125
2012-03-19,55.90346908569336,57.01176452636719
2012-03-20,55.91701126098633,56.81580352783203
2012-03-21,56.07939910888672,56.753074645996094
2012-03-22,56.16055679321289,56.298423767089844
2012-03-23,56.26205062866211,56.52574920654297
2012-03-26,56.25531005859375,57.3114128112793
2012-03-27,56.35000228881836,57.12245559692383
2012-03-28,56.336463928222656,56.839073181152344
2012-03-29,56.45824432373047,56.73673629760742
2012-03-30,56.34324645996094,56.886314392089844
2012-04-02,56.340538024902344,57.36652755737305
2012-04-03,56.13010787963867,57.17757034301758
2012-04-04,56.28620910644531,56.53992462158203
2012-04-05,56.39482498168945,56.500553131103516
2012-04-09,56.59169006347656,55.83926773071289
2012-04-10,56.75457763671875,54.7922477722168
2012-04-11,56.67317199707031,55.248836517333984
2012-04-12,56.679908752441406,56.08332443237305
2012-04-13,56.82250213623047,55.39841842651367
2012-04-16,56.82250213623047,55.343318939208984
2012-04-17,56.81569290161133,56.18566131591797
2012-04-18,56.85643005371094,55.988868713378906
2012-04-19,56.84286117553711,55.666072845458984
2012-04-20,56.83604431152344,55.7526741027832
2012-04-23,56.903926849365234,55.27244186401367
2012-04-24,56.83604431152344,55.453521728515625
2012-04-25,56.82250213623047,56.27223205566406
2012-04-26,56.89715576171875,56.68162536621094
2012-04-27,56.93107604980469,56.81543731689453
2012-04-30,56.96500015258789,56.524173736572266
2012-05-01,56.88337326049805,56.886314392089844
2012-05-02,56.97184371948242,56.76033020019531
2012-05-03,57.046661376953125,56.26438522338867
2012-05-04,57.10787582397461,55.32755661010742
2012-05-07,57.08750915527344,55.36692428588867
2012-05-08,57.14191818237305,55.162235260009766
2012-05-09,57.10787582397461,54.831600189208984
2012-05-10,57.07384490966797,54.973289489746094
2012-05-11,57.114688873291016,54.82372283935547
2012-05-14,57.21676254272461,54.20180130004883
2012-05-15,57.23038101196289,53.910526275634766
2012-05-16,57.196327209472656,53.65861129760742
2012-05-17,57.24395751953125,52.72966003417969
2012-05-18,57.20994186401367,52.28880310058594
2012-05-21,57.21676254272461,53.257102966308594
2012-05-22,57.121517181396484,53.27285385131836
2012-05-23,57.16233825683594,53.36732482910156
2012-05-24,57.101070404052734,53.469661712646484
2012-05-25,57.16910171508789,53.34370803833008
2012-05-29,57.16910171508789,53.98927688598633
2012-05-30,57.38683319091797,53.13903045654297
2012-05-31,57.49570846557617,53.00519943237305
2012-06-01,57.69751739501953,51.64326095581055
2012-06-04,57.55434799194336,51.59602355957031
2012-06-05,57.43843460083008,51.98964309692383
2012-06-06,57.32935333251953,53.2020149230957
2012-06-07,57.34975814819336,53.13903045654297
2012-06-08,57.3838996887207,53.60348892211914
2012-06-11,57.43159103393555,52.8556022644043
2012-06-12,57.34298324584961,53.4302978515625
2012-06-13,57.4656982421875,53.03668212890625
2012-06-14,57.43159103393555,53.58775329589844
2012-06-15,57.561134338378906,54.13881301879883
2012-06-18,57.56796646118164,54.296260833740234
2012-06-19,57.49292755126953,54.87096405029297
2012-06-20,57.3838996887207,54.76860046386719
2012-06-21,57.47931671142578,53.53262710571289
2012-06-22,57.36344528198242,53.96562957763672
2012-06-25,57.513427734375,53.08417510986328
2012-06-26,57.45207977294922,53.33739471435547
2012-06-27,57.513427734375,53.8516960144043
2012-06-28,57.57477569580078,53.74091339111328
2012-06-29,57.53384780883789,55.14931869506836
2012-07-02,57.654842376708984,55.299652099609375
2012-07-03,57.57283020019531,55.75065994262695
2012-07-05,57.73682403564453,55.521202087402344
2012-07-06,57.7914924621582,54.99898147583008
2012-07-09,57.9008674621582,54.86447525024414
2012-07-10,57.95549774169922,54.37390899658203
2012-07-11,57.87350082397461,54.334346771240234
2012-07-12,57.98284912109375,54.12071990966797
2012-07-13,57.989688873291016,54.96733856201172
2012-07-16,58.0238037109375,54.832820892333984
2012-07-17,58.003318786621094,55.19679641723633
2012-07-18,58.0990104675293,55.5924072265625
2012-07-19,58.085330963134766,55.687355041503906
2012-07-20,58.19470977783203,55.18097686767578
2012-07-23,58.22203063964844,54.571693420410156
2012-07-24,58.29033660888672,54.08115768432617
2012-07-25,58.33134841918945,54.08904266357422
2012-07-26,58.29033660888672,54.91193389892578
2012-07-27,58.071712493896484,55.99595260620117
2012-07-30,58.180973052978516,55.9405632019043
2012-07-31,58.24250030517578,55.63198471069336
2012-08-01,58.17198181152344,55.41041946411133
2012-08-02,58.28156661987305,55.030635833740234
2012-08-03,58.069271087646484,56.146263122558594
2012-08-06,58.12406539916992,56.2886962890625
2012-08-07,57.97333908081055,56.62894058227539
2012-08-08,57.95964813232422,56.70016098022461
2012-08-09,57.9254035949707,56.74761199951172
2012-08-10,57.99391174316406,56.858394622802734
2012-08-13,58.00077438354492,56.81092834472656
2012-08-14,57.85694122314453,56.795108795166016
2012-08-15,57.651485443115234,56.92167663574219
2012-08-16,57.58982849121094,57.35688400268555
2012-08-17,57.68573760986328,57.4676513671875
2012-08-20,57.65831756591797,57.459739685058594
2012-08-21,57.76105880737305,57.34104919433594
2012-08-22,57.99391174316406,57.26982879638672
2012-08-23,58.02131271362305,56.842567443847656
2012-08-24,58.02131271362305,57.16697311401367
2012-08-27,58.11030960083008,57.15907287597656
2012-08-28,58.13087463378906,57.15117645263672
2012-08-29,58.08293914794922,57.222373962402344
2012-08-30,58.13087463378906,56.795108795166016
2012-08-31,58.336360931396484,57.13534927368164
2012-09-04,58.29790496826172,57.09577178955078
2012-09-05,58.29790496826172,57.09577178955078
2012-09-06,58.16061782836914,58.23514938354492
2012-09-07,58.16061782836914,58.519981384277344
2012-09-10,58.174373626708984,58.17185592651367
2012-09-11,58.09885025024414,58.29844665527344
2012-09-12,58.01652145385742,58.54374313354492
2012-09-13,58.133174896240234,59.4219970703125
2012-09-14,57.84495544433594,59.738494873046875
2012-09-17,57.92729187011719,59.49322509765625
2012-09-18,57.995880126953125,59.39037322998047
2012-09-19,58.071441650390625,59.43782424926758
2012-09-20,58.08511734008789,59.35869216918945
2012-09-21,58.146888732910156,59.37452697753906
2012-09-24,58.20869445800781,59.2425422668457
2012-09-25,58.325347900390625,58.63827896118164
2012-09-26,58.42145919799805,58.24868392944336
2012-09-27,58.387149810791016,58.82908248901367
2012-09-28,58.44208526611328,58.55876159667969
2012-10-01,58.48603820800781,58.66215133666992
2012-10-02,58.48603820800781,58.74958801269531
2012-10-03,58.46544647216797,58.964263916015625
2012-10-04,58.369144439697266,59.40951156616211
2012-10-05,58.30723571777344,59.393611907958984
2012-10-08,58.38287353515625,59.16305160522461
2012-10-09,58.279727935791016,58.566734313964844
2012-10-10,58.369144439697266,58.224822998046875
2012-10-11,58.41727066040039,58.312294006347656
2012-10-12,58.45854568481445,58.05785369873047
2012-10-15,58.437889099121094,58.5349006652832
2012-10-16,58.321006774902344,59.13919448852539
2012-10-17,58.17659378051758,59.4174690246582
2012-10-18,58.1490364074707,59.298187255859375
2012-10-19,58.23845291137695,58.272525787353516
2012-10-22,58.15592575073242,58.272525787353516
2012-10-23,58.286590576171875,57.5330696105957
2012-10-24,58.25907897949219,57.37407684326172
2012-10-25,58.162784576416016,57.5330696105957
2012-10-26,58.286590576171875,57.46949768066406
2012-10-31,58.38287353515625,57.50130081176758
2012-11-01,58.293495178222656,58.224822998046875
2012-11-02,58.31417465209961,57.62055206298828
2012-11-05,58.403499603271484,57.803443908691406
2012-11-06,58.21786117553711,58.240745544433594
2012-11-07,58.355384826660156,56.936763763427734
2012-11-08,58.4448127746582,56.213233947753906
2012-11-09,58.38975524902344,56.26889419555664
2012-11-12,58.479190826416016,56.30069351196289
2012-11-13,58.472293853759766,56.08601760864258
2012-11-14,58.45854568481445,55.29888153076172
2012-11-15,58.45167922973633,55.15576934814453
2012-11-16,58.42415237426758,55.45790481567383
2012-11-19,58.42415237426758,56.60281753540039
2012-11-20,58.33473587036133,56.66644287109375
2012-11-21,58.27286148071289,56.80954360961914
2012-11-23,58.286590576171875,57.54897689819336
2012-11-26,58.27286148071289,57.4774284362793
2012-11-27,58.38975524902344,57.175296783447266
2012-11-28,58.42415237426758,57.62850570678711
2012-11-29,58.45854568481445,57.962440490722656
2012-11-30,58.41727066040039,57.946537017822266
2012-12-03,58.46347427368164,57.692100524902344
2012-12-04,58.51166534423828,57.612613677978516
2012-12-05,58.553043365478516,57.7238883972168
2012-12-06,58.553043365478516,57.90678024291992
2012-12-07,58.44276428222656,58.073753356933594
2012-12-10,58.47720718383789,58.14529800415039
2012-12-11,58.42898941040039,58.51106643676758
2012-12-12,58.33940887451172,58.5349006652832
2012-12-13,58.22227096557617,58.20096969604492
2012-12-14,58.25674057006836,57.95449447631836
2012-12-17,58.153343200683594,58.67802810668945
2012-12-18,58.02241897583008,59.36183547973633
2012-12-19,58.146446228027344,58.99608612060547
2012-12-20,58.160247802734375,59.32046127319336
2012-12-21,58.242942810058594,58.81584167480469
2012-12-24,57.85013198852539,58.6156005859375
2012-12-26,57.898345947265625,58.335269927978516
2012-12-27,57.94659423828125,58.28721618652344
2012-12-28,57.960418701171875,57.6544303894043
2012-12-31,57.905277252197266,58.695682525634766
2013-01-02,57.81566619873047,60.185516357421875
2013-01-03,57.64340591430664,60.09739685058594
2013-01-04,57.73301315307617,60.401771545410156
2013-01-07,57.69167709350586,60.24158477783203
2013-01-08,57.746803283691406,60.08140563964844
2013-01-09,57.72609329223633,60.26560974121094
2013-01-10,57.72609329223633,60.68214416503906
2013-01-11,57.76742935180664,60.69013595581055
2013-01-14,57.76742935180664,60.626068115234375
2013-01-15,57.843231201171875,60.73817825317383
2013-01-16,57.83638381958008,60.69013595581055
2013-01-17,57.73992156982422,61.10663604736328
2013-01-18,57.8294792175293,61.27486038208008
2013-01-22,57.77434158325195,61.59525680541992
2013-01-23,57.86390686035156,61.667320251464844
2013-01-24,57.781272888183594,61.73941421508789
2013-01-25,57.59517288208008,62.0838508605957
2013-01-28,57.52621841430664,62.02779006958008
2013-01-29,57.464271545410156,62.23604965209961
2013-01-30,57.40222930908203,61.987735748291016
2013-01-31,57.505592346191406,61.8755989074707
2013-02-01,57.34402847290039,62.4763069152832
2013-02-04,57.54425048828125,61.81951141357422
2013-02-05,57.44761657714844,62.40422058105469
2013-02-06,57.585670471191406,62.51637649536133
2013-02-07,57.59260559082031,62.40422058105469
2013-02-08,57.57880401611328,62.780696868896484
2013-02-11,57.509735107421875,62.748653411865234
2013-02-12,57.5235481262207,62.85276412963867
2013-02-13,57.44761657714844,62.94087600708008
2013-02-14,57.53047561645508,63.02098083496094
2013-02-15,57.48210906982422,62.94886779785156
2013-02-19,57.461421966552734,63.389404296875
2013-02-20,57.50281524658203,62.548404693603516
2013-02-21,57.55807876586914,62.123878479003906
2013-02-22,57.585670471191406,62.7245979309082
2013-02-25,57.77216339111328,61.57121658325195
2013-02-26,57.79973602294922,61.96369934082031
2013-02-27,57.785919189453125,62.7245979309082
2013-02-28,57.8135871887207,62.6685676574707
2013-03-01,57.84539794921875,62.812721252441406
2013-03-04,57.831520080566406,63.10108947753906
2013-03-05,57.79697036743164,63.73385238647461
2013-03-06,57.70011520385742,63.82999038696289
2013-03-07,57.61708068847656,63.982173919677734
2013-03-08,57.45800018310547,64.29454040527344
2013-03-11,57.430320739746094,64.478759765625
2013-03-12,57.540992736816406,64.36664581298828
2013-03-13,57.47182083129883,64.48678588867188
2013-03-14,57.492591857910156,64.84720611572266
2013-03-15,57.561763763427734,64.77513885498047
2013-03-18,57.672401428222656,64.42269897460938
2013-03-19,57.706993103027344,64.24647521972656
2013-03-20,57.65167236328125,64.72708129882812
2013-03-21,57.66550827026367,64.20645141601562
2013-03-22,57.72087478637695,64.60391998291016
2013-03-25,57.71392822265625,64.38665771484375
2013-03-26,57.73469924926758,64.86945343017578
2013-03-27,57.8522834777832,64.91773986816406
2013-03-28,57.859222412109375,65.14301300048828
2013-04-01,57.91197967529297,64.7970199584961
2013-04-02,57.918907165527344,64.99015808105469
2013-04-03,57.953617095947266,64.28206634521484
2013-04-04,58.12027359008789,64.56367492675781
2013-04-05,58.279937744140625,64.33837890625
2013-04-08,58.2521858215332,64.73268127441406
2013-04-09,58.189693450927734,64.91773986816406
2013-04-10,58.0786018371582,65.75453186035156
2013-04-11,58.10637664794922,66.00398254394531
2013-04-12,58.24524688720703,65.7706298828125
2013-04-15,58.3077278137207,64.16942596435547
2013-04-16,58.293846130371094,65.11888885498047
2013-04-17,58.32160186767578,64.14527130126953
2013-04-18,58.35633087158203,63.74298858642578
2013-04-19,58.3077278137207,64.35448455810547
2013-04-22,58.384071350097656,64.62806701660156
2013-04-23,58.37018585205078,65.32806396484375
2013-04-24,58.35633087158203,65.42461395263672
2013-04-25,58.32160186767578,65.69019317626953
2013-04-26,58.397945404052734,65.56950378417969
2013-04-29,58.446571350097656,65.9878921508789
2013-04-30,58.446571350097656,66.18904113769531
2013-05-01,58.5453987121582,65.51313781738281
2013-05-02,58.55926513671875,66.19707489013672
2013-05-03,58.28103256225586,66.81665802001953
2013-05-06,58.274078369140625,67.07412719726562
2013-05-07,58.218448638916016,67.44425964355469
2013-05-08,58.274078369140625,67.75808715820312
2013-05-09,58.18362808227539,67.53278350830078
2013-05-10,58.03755187988281,67.83049774169922
2013-05-13,57.974945068359375,67.84658813476562
2013-05-14,57.86362075805664,68.54661560058594
2013-05-15,57.933189392089844,68.84430694580078
2013-05-16,58.01670837402344,68.56272888183594
2013-05-17,57.89144515991211,69.26274108886719
2013-05-20,57.87757110595703,69.25472259521484
2013-05-21,57.933189392089844,69.36737823486328
2013-05-22,57.7384147644043,68.68340301513672
2013-05-23,57.731449127197266,68.5546646118164
2013-05-24,57.7384147644043,68.46611785888672
2013-05-28,57.41845703125,68.90873718261719
2013-05-29,57.46710205078125,68.4420166015625
2013-05-30,57.41845703125,68.72362518310547
2013-05-31,57.321083068847656,67.8063735961914
2013-06-03,57.26875686645508,68.07994079589844
2013-06-04,57.247825622558594,67.75003814697266
2013-06-05,57.226959228515625,66.79254150390625
2013-06-06,57.3035888671875,67.42011260986328
2013-06-07,57.15721893310547,68.2569580078125
2013-06-10,57.0108528137207,68.2811050415039
2013-06-11,57.03875732421875,67.58909606933594
2013-06-12,56.92721176147461,67.01780700683594
2013-06-13,57.17817687988281,68.05579376220703
2013-06-14,57.240867614746094,67.6695785522461
2013-06-17,57.19900894165039,68.1443099975586
2013-06-18,57.15023422241211,68.65927124023438
2013-06-19,56.81570053100586,67.7822036743164
2013-06-20,56.299903869628906,66.10052490234375
2013-06-21,56.06985855102539,66.2695083618164
2013-06-24,55.79800033569336,65.41742706298828
2013-06-25,55.93044662475586,66.0722427368164
2013-06-26,56.125614166259766,66.68666076660156
2013-06-27,56.34864044189453,67.1797866821289
2013-06-28,56.37654495239258,66.83216094970703
2013-07-01,56.47221374511719,67.38998413085938
2013-07-02,56.486228942871094,67.31720733642578
2013-07-03,56.44427490234375,67.41424560546875
2013-07-05,55.815677642822266,68.13372039794922
2013-07-08,56.06711959838867,68.49750518798828
2013-07-09,56.12997055053711,68.98257446289062
2013-07-10,55.990291595458984,69.0149154663086
2013-07-11,56.36745834350586,70.01737213134766
2013-07-12,56.290618896484375,70.08201599121094
2013-07-15,56.44427490234375,70.34883117675781
2013-07-16,56.528099060058594,70.03350067138672
2013-07-17,56.65383529663086,70.2598648071289
2013-07-18,56.563053131103516,70.656005859375
2013-07-19,56.709716796875,70.76110076904297
2013-07-22,56.74464797973633,70.91468811035156
2013-07-23,56.730655670166016,70.78534698486328
2013-07-24,56.549095153808594,70.50240325927734
2013-07-25,56.528099060058594,70.76110076904297
2013-07-26,56.57004928588867,70.76918029785156
2013-07-29,56.563053131103516,70.52665710449219
2013-07-30,56.528099060058594,70.59940338134766
2013-07-31,56.59098434448242,70.67216491699219
2013-08-01,56.3151969909668,71.56951141357422
2013-08-02,56.497188568115234,71.60182189941406
2013-08-05,56.51820755004883,71.60994720458984
2013-08-06,56.48319625854492,71.14106750488281
2013-08-07,56.56717300415039,70.8581314086914
2013-08-08,56.595176696777344,71.14915466308594
2013-08-09,56.66517639160156,70.97129821777344
2013-08-12,56.56018829345703,70.92280578613281
2013-08-13,56.36422348022461,71.07638549804688
2013-08-14,56.336185455322266,70.70450592041016
2013-08-15,56.133209228515625,69.65357208251953
2013-08-16,55.98625183105469,69.42719268798828
2013-08-19,55.825252532958984,68.95830535888672
2013-08-20,55.98625183105469,69.4110336303711
2013-08-21,55.7692756652832,69.00682067871094
2013-08-22,55.825252532958984,69.62124633789062
2013-08-23,55.98625183105469,69.9122543334961
2013-08-26,56.08427047729492,69.73440551757812
2013-08-27,56.22419738769531,68.49750518798828
2013-08-28,56.1262321472168,68.74813842773438
2013-08-29,56.18220901489258,68.93407440185547
2013-08-30,56.105228424072266,68.52985382080078
2013-09-03,55.97968292236328,68.87744140625
2013-09-04,55.9095344543457,69.49187469482422
2013-09-05,55.52378463745117,69.57270050048828
2013-09-06,55.73419952392578,69.62928009033203
2013-09-09,55.87447738647461,70.4134750366211
2013-09-10,55.755218505859375,70.96319580078125
2013-09-11,55.9095344543457,71.14915466308594
2013-09-12,55.8955192565918,70.93087005615234
2013-09-13,55.9866943359375,71.07638549804688
2013-09-16,56.056861877441406,71.48868560791016
2013-09-17,56.10594177246094,71.86863708496094
2013-09-18,56.55484390258789,72.7093734741211
2013-09-19,56.4917106628418,72.59624481201172
2013-09-20,56.484683990478516,72.11114501953125
2013-09-23,56.52677917480469,71.78540802001953
2013-09-24,56.64599609375,71.67167663574219
2013-09-25,56.7652587890625,71.54169464111328
2013-09-26,56.68111038208008,71.81792449951172
2013-09-27,56.69513702392578,71.53359985351562
2013-09-30,56.73017883300781,71.20056915283203
2013-10-01,56.66132354736328,71.81792449951172
2013-10-02,56.72457504272461,71.69605255126953
2013-10-03,56.75266647338867,71.08678436279297
2013-10-04,56.68944549560547,71.60672760009766
2013-10-07,56.731605529785156,70.9649887084961
2013-10-08,56.710506439208984,70.02267456054688
2013-10-09,56.67536926269531,69.97393035888672
2013-10-10,56.68944549560547,71.54984283447266
2013-10-11,56.710506439208984,72.05347442626953
2013-10-14,56.59808349609375,72.37027740478516
2013-10-15,56.58397674560547,71.81792449951172
2013-10-16,56.82294464111328,72.8251953125
2013-10-17,57.01979446411133,73.36134338378906
2013-10-18,57.08306121826172,73.88121795654297
2013-10-21,57.01276779174805,73.8405990600586
2013-10-22,57.195518493652344,74.26303100585938
2013-10-23,57.2236328125,73.91373443603516
2013-10-24,57.2236328125,74.19801330566406
2013-10-25,57.28691482543945,74.4660873413086
2013-10-28,57.23770523071289,74.52295684814453
2013-10-29,57.279884338378906,74.8966293334961
2013-10-30,57.216575622558594,74.4579849243164
2013-10-31,57.216575622558594,74.23863220214844
2013-11-01,57.06233596801758,74.33612060546875
2013-11-04,57.09756088256836,74.67731475830078
2013-11-05,56.928466796875,74.4579849243164
2013-11-06,57.02711868286133,74.65293884277344
2013-11-07,57.13984298706055,73.6618881225586
2013-11-08,56.76643753051758,74.6447982788086
2013-11-11,56.71711349487305,74.69355773925781
2013-11-12,56.688934326171875,74.579833984375
2013-11-13,56.84391403198242,75.21343994140625
2013-11-14,57.00597381591797,75.57087707519531
2013-11-15,57.02711868286133,75.90392303466797
2013-11-18,57.132774353027344,75.5464859008789
2013-11-19,57.02009963989258,75.3271713256836
2013-11-20,56.86509704589844,75.09160614013672
2013-11-21,56.86509704589844,75.76583099365234
2013-11-22,56.99187469482422,76.13948059082031
2013-11-25,57.034156799316406,76.0582504272461
2013-11-26,57.04121017456055,76.13136291503906
2013-11-27,57.02009963989258,76.35069274902344
2013-11-29,57.04823303222656,76.2450942993164
2013-12-02,56.83294677734375,76.08265686035156
2013-12-03,56.88936996459961,75.79017639160156
2013-12-04,56.804691314697266,75.6845932006836
2013-12-05,56.705867767333984,75.46527862548828
2013-12-06,56.79055404663086,76.2450942993164
2013-12-09,56.847023010253906,76.41567993164062
2013-12-10,56.9670524597168,76.16388702392578
2013-12-11,56.86822509765625,75.22154998779297
2013-12-12,56.71994400024414,75.08346557617188
2013-12-13,56.78347396850586,75.10784149169922
2013-12-16,56.804691314697266,75.63584899902344
2013-12-17,56.91057586669922,75.40839385986328
2013-12-18,56.88936996459961,76.62686920166016
2013-12-19,56.78347396850586,76.5212631225586
2013-12-20,56.88936996459961,77.03083038330078
2013-12-23,56.818763732910156,77.4881591796875
2013-12-24,56.69915008544922,77.70046997070312
2013-12-26,56.6141357421875,78.06796264648438
2013-12-27,56.6141357421875,78.01895141601562
2013-12-30,56.706207275390625,78.0434341430664
2013-12-31,56.6849365234375,78.32925415039062
2014-01-02,56.73452377319336,77.64329528808594
2014-01-03,56.74158477783203,77.62698364257812
2014-01-06,56.791202545166016,77.42281341552734
2014-01-07,56.86201477050781,77.92094421386719
2014-01-08,56.677886962890625,77.97811126708984
2014-01-09,56.784088134765625,78.0434341430664
2014-01-10,57.060264587402344,78.263916015625
2014-01-13,57.13815689086914,77.27584838867188
2014-01-14,57.053165435791016,78.12509155273438
2014-01-15,57.01776123046875,78.5170669555664
2014-01-16,57.14525604248047,78.45993041992188
2014-01-17,57.2089729309082,78.15774536132812
2014-01-21,57.2089729309082,78.41907501220703
2014-01-22,57.10982894897461,78.56607818603516
2014-01-23,57.265594482421875,77.88827514648438
2014-01-24,57.41432571411133,76.20606994628906
2014-01-27,57.30810546875,75.71611022949219
2014-01-28,57.357669830322266,76.24689483642578
2014-01-29,57.485137939453125,75.46298217773438
2014-01-30,57.485137939453125,76.34490966796875
2014-01-31,57.563018798828125,75.8467788696289
2014-02-03,57.748226165771484,74.0665283203125
2014-02-04,57.65597152709961,74.6300277709961
2014-02-05,57.53534698486328,74.51570892333984
2014-02-06,57.51405715942383,75.42214965820312
2014-02-07,57.585018157958984,76.3938980102539
2014-02-10,57.62046432495117,76.48371887207031
2014-02-11,57.499908447265625,77.35749816894531
2014-02-12,57.40049743652344,77.46365356445312
2014-02-13,57.54243087768555,77.93728637695312
2014-02-14,57.52112579345703,78.31293487548828
2014-02-18,57.59922790527344,78.54159545898438
2014-02-19,57.54952621459961,78.01895141601562
2014-02-20,57.54243087768555,78.54159545898438
2014-02-21,57.585018157958984,78.47624206542969
2014-02-24,57.57080841064453,78.92538452148438
2014-02-25,57.68437194824219,78.89271545410156
2014-02-26,57.80498504638672,78.97440338134766
2014-02-27,57.87598419189453,79.3908462524414
2014-02-28,57.833370208740234,79.53783416748047
2014-03-03,57.9556770324707,78.95804595947266
2014-03-04,57.75658416748047,80.19931030273438
2014-03-05,57.8348388671875,80.21566009521484
2014-03-06,57.69258117675781,80.36264038085938
2014-03-07,57.521881103515625,80.33812713623047
2014-03-10,57.55751037597656,80.28095245361328
2014-03-11,57.55038070678711,79.83183288574219
2014-03-12,57.67121887207031,79.88897705078125
2014-03-13,57.84189987182617,78.9662094116211
2014-03-14,57.80635070800781,78.86824035644531
2014-03-17,57.72816848754883,79.49700164794922
2014-03-18,57.7921142578125,80.17481231689453
2014-03-19,57.521881103515625,79.71748352050781
2014-03-20,57.472137451171875,80.11762237548828
2014-03-21,57.63569641113281,79.82363891601562
2014-03-24,57.642784118652344,79.35820770263672
2014-03-25,57.62858963012695,79.63951110839844
2014-03-26,57.78501892089844,78.97515869140625
2014-03-27,57.84189987182617,78.81114959716797
2014-03-28,57.7352294921875,79.1637954711914
2014-03-31,57.7352294921875,79.9429702758789
2014-04-01,57.671085357666016,80.5663070678711
2014-04-02,57.55707931518555,80.82056427001953
2014-04-03,57.60691833496094,80.59913635253906
2014-04-04,57.77799987792969,79.49186706542969
2014-04-07,57.884925842285156,78.54046630859375
2014-04-08,57.92770767211914,78.88494110107422
2014-04-09,57.913429260253906,79.82814025878906
2014-04-10,58.091617584228516,78.07296752929688
2014-04-11,58.12726974487305,77.30197143554688
2014-04-14,58.12015151977539,77.826904296875
2014-04-15,58.14866638183594,78.36000061035156
2014-04-16,58.1130256652832,79.18017578125
2014-04-17,57.963356018066406,79.33602905273438
2014-04-21,57.97760772705078,79.65594482421875
2014-04-22,57.97760772705078,80.06602478027344
2014-04-23,58.07028579711914,79.86095428466797
2014-04-24,58.08454132080078,79.96758270263672
2014-04-25,58.10588455200195,79.18841552734375
2014-04-28,58.041744232177734,79.30322265625
2014-04-29,58.07028579711914,79.69691467285156
2014-04-30,58.19855499267578,79.99219512939453
2014-05-01,58.34000015258789,80.01680755615234
2014-05-02,58.40428161621094,79.9511947631836
2014-05-05,58.34000015258789,80.08238220214844
2014-05-06,58.397178649902344,79.34423065185547
2014-05-07,58.425750732421875,79.71331024169922
2014-05-08,58.45426940917969,79.50006866455078
2014-05-09,58.38282775878906,79.69691467285156
2014-05-12,58.32570266723633,80.59913635253906
2014-05-13,58.432857513427734,80.54991149902344
2014-05-14,58.5828971862793,80.10699462890625
2014-05-15,58.69004440307617,79.36885833740234
2014-05-16,58.69004440307617,79.70513916015625
2014-05-19,58.66861343383789,80.07420349121094
2014-05-20,58.69718933105469,79.47550964355469
2014-05-21,58.64717102050781,80.09061431884766
2014-05-22,58.61142349243164,80.36128234863281
2014-05-23,58.66861343383789,80.779541015625
2014-05-27,58.725738525390625,81.31268310546875
2014-05-28,58.918617248535156,81.22244262695312
2014-05-29,58.86863327026367,81.65717315673828
2014-05-30,58.81147384643555,81.6735610961914
2014-06-02,58.66755294799805,81.77198028564453
2014-06-03,58.52439498901367,81.73917388916016
2014-06-04,58.53152084350586,81.91141510009766
2014-06-05,58.595985412597656,82.57575225830078
2014-06-06,58.58879852294922,83.00223541259766
2014-06-09,58.5387077331543,83.14166259765625
2014-06-10,58.42414093017578,83.12528228759766
2014-06-11,58.44561767578125,82.84642028808594
2014-06-12,58.595985412597656,82.25592041015625
2014-06-13,58.581634521484375,82.52654266357422
2014-06-16,58.567317962646484,82.5921630859375
2014-06-17,58.43132019042969,82.88741302490234
2014-06-18,58.581634521484375,83.5025634765625
2014-06-19,58.53152084350586,83.60098266601562
2014-06-20,58.567317962646484,83.79783630371094
2014-06-23,58.54588317871094,83.77325439453125
2014-06-24,58.65326690673828,83.18849182128906
2014-06-25,58.73198699951172,83.6085205078125
2014-06-26,58.81072235107422,83.55908966064453
2014-06-27,58.81072235107422,83.78147888183594
2014-06-30,58.860877990722656,83.81439971923828
2014-07-01,58.74748992919922,84.41559600830078
2014-07-02,58.589698791503906,84.36616516113281
2014-07-03,58.51795196533203,84.81092071533203
2014-07-07,58.589698791503906,84.36616516113281
2014-07-08,58.69732666015625,83.72383880615234
2014-07-09,58.75468826293945,84.08617401123047
2014-07-10,58.76899337768555,83.71559143066406
2014-07-11,58.85511016845703,83.78970336914062
2014-07-14,58.76899337768555,84.19322204589844
2014-07-15,58.72600555419922,83.97913360595703
2014-07-16,58.74748992919922,84.19322204589844
2014-07-17,58.90536117553711,83.22145080566406
2014-07-18,58.90536117553711,84.11913299560547
2014-07-21,58.90536117553711,83.92144012451172
2014-07-22,58.98426818847656,84.3497085571289
2014-07-23,58.95554733276367,84.54737854003906
2014-07-24,58.84076690673828,84.56387329101562
2014-07-25,58.9483757019043,84.11913299560547
2014-07-28,58.93400955200195,84.09441375732422
2014-07-29,58.98426818847656,83.78970336914062
2014-07-30,58.761878967285156,83.84733581542969
2014-07-31,58.69732666015625,82.14256286621094
2014-08-01,58.89279556274414,81.9366455078125
2014-08-04,58.971927642822266,82.49669647216797
2014-08-05,58.89279556274414,81.77197265625
2014-08-06,58.957557678222656,81.78841400146484
2014-08-07,59.086944580078125,81.36015319824219
2014-08-08,59.043819427490234,82.29901885986328
2014-08-11,59.072566986083984,82.59552764892578
2014-08-12,59.02223205566406,82.4472427368164
2014-08-13,59.13009262084961,83.03202819824219
2014-08-14,59.18759536743164,83.39439392089844
2014-08-15,59.29542922973633,83.40261840820312
2014-08-18,59.17321014404297,84.15206146240234
2014-08-19,59.16603088378906,84.57209014892578
2014-08-20,59.079742431640625,84.76973724365234
2014-08-21,59.14444351196289,84.95915985107422
2014-08-22,59.14444351196289,84.83562469482422
2014-08-25,59.16603088378906,85.28033447265625
2014-08-26,59.19479751586914,85.43682098388672
2014-08-27,59.288211822509766,85.38742065429688
2014-08-28,59.36730194091797,85.29679870605469
2014-08-29,59.36730194091797,85.55213928222656
2014-09-02,59.164859771728516,85.61801147460938
2014-09-03,59.2657470703125,85.52743530273438
2014-09-04,59.164859771728516,85.34623718261719
2014-09-05,59.14325714111328,85.74154663085938
2014-09-08,59.100032806396484,85.56861114501953
2014-09-09,58.99913024902344,84.96739959716797
2014-09-10,58.89109802246094,85.28855895996094
2014-09-11,58.84787368774414,85.44503021240234
2014-09-12,58.75416564941406,84.89326477050781
2014-09-15,58.782997131347656,84.67090606689453
2014-09-16,58.76140594482422,85.27213287353516
2014-09-17,58.6893310546875,85.36268615722656
2014-09-18,58.696571350097656,85.79920959472656
2014-09-19,58.81901550292969,85.63446807861328
2014-09-22,58.89109802246094,84.84388732910156
2014-09-23,58.91992950439453,84.30030822753906
2014-09-24,58.883872985839844,84.9580307006836
2014-09-25,59.02798843383789,83.62600708007812
2014-09-26,58.9703483581543,84.30445098876953
2014-09-29,59.0423583984375,84.15552520751953
2014-09-30,59.02798843383789,83.7584228515625
2014-10-01,59.2813720703125,82.65806579589844
2014-10-02,59.23805618286133,82.69943237304688
2014-10-03,59.202003479003906,83.62600708007812
2014-10-06,59.339107513427734,83.46057891845703
2014-10-07,59.4907341003418,82.1699447631836
2014-10-08,59.64948654174805,83.5350112915039
2014-10-09,59.555694580078125,81.8141860961914
2014-10-10,59.606239318847656,80.79657745361328
2014-10-13,59.779476165771484,79.50595092773438
2014-10-14,59.858882904052734,79.754150390625
2014-10-15,59.99601364135742,79.3073959350586
2014-10-16,59.89492416381836,79.48111724853516
2014-10-17,59.85167694091797,80.34986114501953
2014-10-20,59.90216827392578,81.15232849121094
2014-10-21,59.815582275390625,82.75733184814453
2014-10-22,59.801109313964844,82.1120376586914
2014-10-23,59.62062072753906,83.10479736328125
2014-10-24,59.671199798583984,83.68395233154297
2014-10-27,59.64948654174805,83.56812286376953
2014-10-28,59.61339569091797,84.65190124511719
2014-10-29,59.512351989746094,84.5278091430664
2014-10-30,59.555694580078125,85.04906463623047
2014-10-31,59.454586029052734,86.05836486816406
2014-11-03,59.427818298339844,86.1080093383789
2014-11-04,59.41334915161133,85.79360961914062
2014-11-05,59.48569107055664,86.19902801513672
2014-11-06,59.3482780456543,86.62096405029297
2014-11-07,59.550785064697266,86.68714141845703
2014-11-10,59.427818298339844,86.95187377929688
2014-11-11,59.456787109375,87.03460693359375
2014-11-12,59.44952392578125,87.01807403564453
2014-11-13,59.4929313659668,87.00152587890625
2014-11-14,59.507415771484375,87.00978088378906
2014-11-17,59.507415771484375,87.00152587890625
2014-11-18,59.594242095947266,87.51447296142578
2014-11-19,59.44228744506836,87.29108428955078
2014-11-20,59.514671325683594,87.53926849365234
2014-11-21,59.64488220214844,88.00259399414062
2014-11-24,59.65210723876953,88.3252182006836
2014-11-25,59.7606086730957,88.30870056152344
2014-11-26,59.847434997558594,88.50725555419922
2014-11-28,59.94869613647461,88.19285583496094
2014-12-01,59.85878372192383,87.4482650756836
2014-12-02,59.728370666503906,87.99431610107422
2014-12-03,59.7138557434082,88.39142608642578
2014-12-04,59.81529235839844,88.28385925292969
2014-12-05,59.641353607177734,88.482421875
2014-12-08,59.76459884643555,87.85367584228516
2014-12-09,59.78635787963867,87.90330505371094
2014-12-10,59.94580078125,86.46375274658203
2014-12-11,59.887821197509766,86.86087799072266
2014-12-12,60.090736389160156,85.49578094482422
2014-12-15,59.982032775878906,84.87528228759766
2014-12-16,60.1197624206543,84.24653625488281
2014-12-17,59.974796295166016,86.05011749267578
2014-12-18,59.88056182861328,88.08531951904297
2014-12-19,60.01101303100586,88.4493408203125
2014-12-22,59.982032775878906,88.79945373535156
2014-12-23,59.720672607421875,88.99909210205078
2014-12-24,59.74246597290039,89.0240478515625
2014-12-26,59.793460845947266,89.2901840209961
2014-12-29,59.89539337158203,89.48146057128906
2014-12-30,59.93906784057617,89.04066467285156
2014-12-31,59.98275375366211,88.1590805053711
2015-01-02,60.18667984008789,88.0925521850586
2015-01-05,60.3614387512207,86.57887268066406
2015-01-06,60.53620529174805,85.73055267333984
2015-01-07,60.57262420654297,86.75352478027344
2015-01-08,60.47796630859375,88.2838363647461
2015-01-09,60.579925537109375,87.55194091796875
2015-01-12,60.660003662109375,86.92816925048828
2015-01-13,60.71822738647461,86.72856140136719
2015-01-14,60.856590270996094,86.25450897216797
2015-01-15,61.12605667114258,85.38121795654297
2015-01-16,60.94403839111328,86.51231384277344
2015-01-20,60.87843704223633,86.63709259033203
2015-01-21,60.76197052001953,87.02798461914062
2015-01-22,60.77649688720703,88.35037994384766
2015-01-23,60.97317123413086,87.95115661621094
2015-01-26,60.90031051635742,88.3171157836914
2015-01-27,60.93675231933594,87.28581237792969
2015-01-28,61.15520477294922,86.10480499267578
2015-01-29,61.08966064453125,86.92816925048828
2015-01-30,61.424625396728516,85.74717712402344
2015-02-02,61.35164260864258,86.71194458007812
2015-02-03,61.161930084228516,88.04264068603516
2015-02-04,61.18384552001953,87.73491668701172
2015-02-05,61.05247497558594,88.69965362548828
2015-02-06,60.658451080322266,88.43356323242188
2015-02-09,60.636531829833984,87.99273681640625
2015-02-10,60.52710723876953,88.89098358154297
2015-02-11,60.52710723876953,88.93254089355469
2015-02-12,60.55630111694336,89.78917694091797
2015-02-13,60.41766357421875,90.21334838867188
2015-02-17,60.176856994628906,90.35472869873047
2015-02-18,60.3447151184082,90.40467071533203
2015-02-19,60.2935791015625,90.37969207763672
2015-02-20,60.30821228027344,90.88700103759766
2015-02-23,60.4322624206543,90.87871551513672
2015-02-24,60.68035888671875,91.0866470336914
2015-02-25,60.73871612548828,91.0533676147461
2015-02-26,60.5709228515625,90.99515533447266
2015-02-27,60.62196731567383,90.6707763671875
2015-03-02,60.42604064941406,91.22803497314453
2015-03-03,60.352901458740234,90.853759765625
2015-03-04,60.352901458740234,90.48780059814453
2015-03-05,60.38948059082031,90.62920379638672
2015-03-06,60.0385627746582,89.37334442138672
2015-03-09,60.11164855957031,89.70601654052734
2015-03-10,60.34565734863281,88.342041015625
2015-03-11,60.411376953125,88.2755355834961
2015-03-12,60.455291748046875,89.38166809082031
2015-03-13,60.39680099487305,88.88264465332031
2015-03-16,60.51374816894531,89.99713897705078
2015-03-17,60.56496047973633,89.82245635986328
2015-03-18,60.93781661987305,90.853759765625
2015-03-19,60.75499725341797,90.52938842773438
2015-03-20,60.9158935546875,91.2862319946289
2015-03-23,60.945125579833984,91.12822723388672
2015-03-24,61.04751205444336,90.64584350585938
2015-03-25,60.952430725097656,89.23202514648438
2015-03-26,60.75499725341797,89.05655670166016
2015-03-27,60.81354904174805,89.2988510131836
2015-03-30,60.88663101196289,90.43525695800781
2015-03-31,60.952430725097656,89.61638641357422
2015-04-01,61.19497299194336,89.44926452636719
2015-04-02,61.114356994628906,89.73336791992188
2015-04-06,61.16565704345703,90.3516845703125
2015-04-07,61.20231246948242,90.05087280273438
2015-04-08,61.158355712890625,90.43525695800781
2015-04-09,61.02643585205078,90.75277709960938
2015-04-10,60.99713897705078,91.1789321899414
2015-04-13,61.011817932128906,90.81962585449219
2015-04-14,61.121734619140625,90.95331573486328
2015-04-15,61.180328369140625,91.41292572021484
2015-04-16,61.16565704345703,91.37113189697266
2015-04-17,61.26824188232422,90.30995178222656
2015-04-20,61.20231246948242,91.04523468017578
2015-04-21,61.12906265258789,91.0201644897461
2015-04-22,60.9018669128418,91.40453338623047
2015-04-23,61.01908493041992,91.68865966796875
2015-04-24,61.114356994628906,91.78890991210938
2015-04-27,61.070457458496094,91.31261444091797
2015-04-28,60.8798942565918,91.55494689941406
2015-04-29,60.68939208984375,91.15388488769531
2015-04-30,60.75532531738281,90.16788482666016
2015-05-01,60.57103729248047,90.9950942993164
2015-05-04,60.48291015625,91.31261444091797
2015-05-05,60.387489318847656,90.22636413574219
2015-05-06,60.218624114990234,89.97570037841797
2015-05-07,60.34343338012695,90.31826782226562
2015-05-08,60.504966735839844,91.4546890258789
2015-05-11,60.18928146362305,91.07032012939453
2015-05-12,60.1158447265625,90.80292510986328
2015-05-13,60.08647155761719,90.85305786132812
2015-05-14,60.20392608642578,91.75547790527344
2015-05-15,60.44621276855469,91.86412048339844
2015-05-18,60.22594451904297,92.20671844482422
2015-05-19,60.09379196166992,92.16492462158203
2015-05-20,60.09379196166992,92.1064224243164
2015-05-21,60.28470993041992,92.34042358398438
2015-05-22,60.247989654541016,92.16492462158203
2015-05-26,60.39482879638672,91.20399475097656
2015-05-27,60.424171447753906,92.03958892822266
2015-05-28,60.4315185546875,91.95603942871094
2015-05-29,60.453514099121094,91.33769989013672
2015-06-01,60.251983642578125,91.56329345703125
2015-06-02,60.08277893066406,91.49644470214844
2015-06-03,59.81796646118164,91.81398010253906
2015-06-04,59.96510696411133,91.07865142822266
2015-06-05,59.72966766357422,91.00345611572266
2015-06-08,59.80317306518555,90.4436264038086
2015-06-09,59.626686096191406,90.36840057373047
2015-06-10,59.501583099365234,91.47138214111328
2015-06-11,59.7811393737793,91.73040771484375
2015-06-12,59.737030029296875,91.1288070678711
2015-06-15,59.744361877441406,90.71099853515625
2015-06-16,59.898887634277344,91.21236419677734
2015-06-17,59.920936584472656,91.36275482177734
2015-06-18,59.87677001953125,92.26518249511719
2015-06-19,60.04598617553711,91.86412048339844
2015-06-22,59.75906753540039,92.4239273071289
2015-06-23,59.619285583496094,92.51586151123047
2015-06-24,59.72966766357422,91.81398010253906
2015-06-25,59.64870071411133,91.52985382080078
2015-06-26,59.538360595703125,91.47785186767578
2015-06-29,59.839988708496094,89.56455993652344
2015-06-30,59.7811393737793,89.80791473388672
2015-07-01,59.63591384887695,90.39530944824219
2015-07-02,59.78337478637695,90.27784729003906
2015-07-06,59.989768981933594,90.0428466796875
2015-07-07,60.04869842529297,90.53797912597656
2015-07-08,60.218265533447266,89.02748107910156
2015-07-09,60.01923751831055,89.21208953857422
2015-07-10,59.73914337158203,90.29461669921875
2015-07-13,59.599056243896484,91.31840515136719
2015-07-14,59.70967483520508,91.72960662841797
2015-07-15,59.879173278808594,91.61213684082031
2015-07-16,59.879173278808594,92.24988555908203
2015-07-17,59.88655471801758,92.27507019042969
2015-07-20,59.80546569824219,92.28345489501953
2015-07-21,59.91606140136719,91.88064575195312
2015-07-22,59.93821716308594,91.74639892578125
2015-07-23,60.07819366455078,91.21773529052734
2015-07-24,60.115089416503906,90.26105499267578
2015-07-27,60.233001708984375,89.66522216796875
2015-07-28,60.12983703613281,90.73098754882812
2015-07-29,60.07819366455078,91.3519515991211
2015-07-30,60.100345611572266,91.42749786376953
2015-07-31,60.30674362182617,91.3351821899414
2015-08-03,60.44632339477539,91.0079345703125
2015-08-04,60.23951721191406,90.85690307617188
2015-08-05,60.14347457885742,91.15894317626953
2015-08-06,60.18046951293945,90.4121322631836
2015-08-07,60.30600357055664,90.15196990966797
2015-08-10,60.18046951293945,91.27644348144531
2015-08-11,60.409427642822266,90.45405578613281
2015-08-12,60.38730239868164,90.54637908935547
2015-08-13,60.26166534423828,90.42048645019531
2015-08-14,60.23951721191406,90.76454162597656
2015-08-17,60.35035705566406,91.34357452392578
2015-08-18,60.23951721191406,91.1086196899414
2015-08-19,60.45368194580078,90.29461669921875
2015-08-20,60.50541687011719,88.33097839355469
2015-08-21,60.60146713256836,85.78826904296875
2015-08-24,60.58672332763672,82.33928680419922
2015-08-25,60.38730239868164,81.3574447631836
2015-08-26,60.12870788574219,84.31133270263672
2015-08-27,60.20994567871094,86.35050964355469
2015-08-28,60.23951721191406,86.41765594482422
2015-08-31,60.15825653076172,85.77146911621094
2015-09-01,60.30484390258789,83.25399780273438
2015-09-02,60.26042556762695,84.82322692871094
2015-09-03,60.30484390258789,84.92393493652344
2015-09-04,60.4528923034668,83.71553039550781
2015-09-08,60.30484390258789,85.83025360107422
2015-09-09,60.29002380371094,84.6554183959961
2015-09-10,60.16416931152344,85.0917739868164
2015-09-11,60.29002380371094,85.47779083251953
2015-09-14,60.30484390258789,85.1505126953125
2015-09-15,60.05319595336914,86.22465515136719
2015-09-16,60.0161018371582,86.95472717285156
2015-09-17,60.35668182373047,86.83724975585938
2015-09-18,60.526885986328125,85.46099090576172
2015-09-21,60.30484390258789,85.80509185791016
2015-09-22,60.4158821105957,84.6554183959961
2015-09-23,60.4158821105957,84.48756408691406
2015-09-24,60.43802261352539,84.1854476928711
2015-09-25,60.327049255371094,84.01506042480469
2015-09-28,60.48247146606445,81.76309967041016
2015-09-29,60.526885986328125,81.7462387084961
2015-09-30,60.64532470703125,83.2644271850586
2015-10-01,60.677947998046875,83.43309020996094
2015-10-02,60.9078483581543,84.64767456054688
2015-10-05,60.6705322265625,86.2080078125
2015-10-06,60.75212478637695,85.92970275878906
2015-10-07,60.75212478637695,86.7056655883789
2015-10-08,60.655738830566406,87.456298828125
2015-10-09,60.64826965332031,87.57439422607422
2015-10-12,60.75212478637695,87.5912857055664
2015-10-13,60.78923797607422,86.95024871826172
2015-10-14,61.01176834106445,86.50322723388672
2015-10-15,60.893043518066406,87.81056213378906
2015-10-16,60.87082290649414,88.14794921875
2015-10-19,60.87082290649414,88.24916076660156
2015-10-20,60.77438735961914,88.14794921875
2015-10-21,60.88565444946289,87.456298828125
2015-10-22,60.989501953125,88.73834228515625
2015-10-23,60.83372116088867,89.6661376953125
2015-10-26,60.90046691894531,89.45527648925781
2015-10-27,60.91529846191406,89.16007995605469
2015-10-28,60.74473571777344,90.33245849609375
2015-10-29,60.529624938964844,90.19752502441406
2015-10-30,60.66314697265625,89.8516845703125
2015-11-02,60.543453216552734,91.03250885009766
2015-11-03,60.4394416809082,91.26021575927734
2015-11-04,60.476566314697266,91.04093170166016
2015-11-05,60.3651008605957,90.93975830078125
2015-11-06,60.12724304199219,90.95660400390625
2015-11-09,60.075199127197266,90.04566955566406
2015-11-10,60.14210891723633,90.24810791015625
2015-11-11,60.14955520629883,89.86011505126953
2015-11-12,60.156982421875,88.51907348632812
2015-11-13,60.26844787597656,87.58283996582031
2015-11-16,60.26844787597656,88.8564224243164
2015-11-17,60.33534622192383,88.74679565429688
2015-11-18,60.30563735961914,90.16378784179688
2015-11-19,60.38740158081055,90.04566955566406
2015-11-20,60.372528076171875,90.43368530273438
2015-11-23,60.39482116699219,90.34090423583984
2015-11-24,60.41708755493164,90.5770263671875
2015-11-25,60.424564361572266,90.6445541381836
2015-11-27,60.45427703857422,90.77949523925781
2015-11-30,60.424564361572266,90.39151763916016
2015-12-01,60.6531867980957,91.24337005615234
2015-12-02,60.57870864868164,90.29029083251953
2015-12-03,60.10950469970703,88.94080352783203
2015-12-04,60.347835540771484,90.5770263671875
2015-12-07,60.45211410522461,89.86857604980469
2015-12-08,60.466983795166016,89.3287582397461
2015-12-09,60.444618225097656,88.56122589111328
2015-12-10,60.43718719482422,88.82270050048828
2015-12-11,60.601051330566406,87.07674407958984
2015-12-14,60.31804275512695,87.3888168334961
2015-12-15,60.25102233886719,88.3250732421875
2015-12-16,60.18397521972656,89.60710144042969
2015-12-17,60.310569763183594,88.29132843017578
2015-12-18,60.444618225097656,86.78999328613281
2015-12-21,60.37762451171875,87.47962188720703
2015-12-22,60.295692443847656,88.26851654052734
2015-12-23,60.30320739746094,89.37122344970703
2015-12-24,60.34798049926758,89.2609634399414
2015-12-28,60.34798049926758,89.06585693359375
2015-12-29,60.16130065917969,90.01590728759766
2015-12-30,60.198585510253906,89.3372802734375
2015-12-31,60.318084716796875,88.47207641601562
2016-01-04,60.288246154785156,87.1488037109375
2016-01-05,60.36289978027344,87.34393310546875
2016-01-06,60.631813049316406,86.17332458496094
2016-01-07,60.63924026489258,84.06121826171875
2016-01-08,60.713966369628906,83.10267639160156
2016-01-11,60.46002197265625,83.05181121826172
2016-01-12,60.616851806640625,83.62008666992188
2016-01-13,60.766292572021484,81.46556854248047
2016-01-14,60.691532135009766,82.71248626708984
2016-01-15,60.796142578125,80.97357940673828
2016-01-19,60.72148513793945,80.88876342773438
2016-01-20,60.7886962890625,80.09140014648438
2016-01-21,60.75129318237305,80.40525817871094
2016-01-22,60.728885650634766,82.11870574951172
2016-01-25,60.728885650634766,80.77001190185547
2016-01-26,60.81852722167969,81.99996185302734
2016-01-27,60.81852722167969,81.06690979003906
2016-01-28,60.863304138183594,81.38922882080078
2016-01-29,61.04258728027344,83.40807342529297
2016-02-01,60.91831588745117,83.42499542236328
2016-02-02,61.1279296875,81.81336212158203
2016-02-03,61.17281723022461,82.30534362792969
2016-02-04,61.217735290527344,82.50041961669922
2016-02-05,61.15785217285156,80.8039321899414
2016-02-08,61.4198112487793,79.54853057861328
2016-02-09,61.412322998046875,79.44674682617188
2016-02-10,61.5395622253418,79.49765014648438
2016-02-11,61.576995849609375,78.51367950439453
2016-02-12,61.37490463256836,80.04051971435547
2016-02-16,61.285125732421875,81.49950408935547
2016-02-17,61.27009201049805,82.84821319580078
2016-02-18,61.479671478271484,82.51738739013672
2016-02-19,61.39734649658203,82.53434753417969
2016-02-22,61.412322998046875,83.73885345458984
2016-02-23,61.44976806640625,82.72946166992188
2016-02-24,61.49466323852539,83.15360260009766
2016-02-25,61.5844612121582,84.1375503540039
2016-02-26,61.524620056152344,84.0696792602539
2016-02-29,61.56202697753906,83.3995590209961
2016-03-01,61.35576248168945,85.38448333740234
2016-03-02,61.31828689575195,85.85945892333984
2016-03-03,61.348304748535156,86.28361511230469
2016-03-04,61.31828689575195,86.58050537109375
2016-03-07,61.30328369140625,86.75862884521484
2016-03-08,61.50577926635742,85.68135833740234
2016-03-09,61.40078353881836,86.09700012207031
2016-03-10,61.37074661254883,86.07152557373047
2016-03-11,61.288299560546875,87.53055572509766
2016-03-14,61.42327880859375,87.42872619628906
2016-03-15,61.363258361816406,87.13043975830078
2016-03-16,61.603248596191406,87.67587280273438
2016-03-17,61.738250732421875,88.34912109375
2016-03-18,61.79075622558594,88.74114227294922
2016-03-21,61.678287506103516,88.82638549804688
2016-03-22,61.66326141357422,88.80078887939453
2016-03-23,61.798274993896484,88.0764389038086
2016-03-24,61.72328186035156,88.05084228515625
2016-03-28,61.753265380859375,88.11048889160156
2016-03-29,62.00823974609375,89.09053802490234
2016-03-30,61.98573684692383,89.43144989013672
2016-03-31,62.10577392578125,89.32918548583984
2016-04-01,62.1756591796875,89.89165496826172
2016-04-04,62.1756591796875,89.51663970947266
2016-04-05,62.288429260253906,88.64738464355469
2016-04-06,62.25831604003906,89.61894226074219
2016-04-07,62.46123123168945,88.54515075683594
2016-04-08,62.40866470336914,88.80078887939453
2016-04-11,62.40110397338867,88.55367279052734
2016-04-12,62.30341720581055,89.4144287109375
2016-04-13,62.34097671508789,90.4626235961914
2016-04-14,62.288429260253906,90.42855072021484
2016-04-15,62.431156158447266,90.38594055175781
2016-04-18,62.40866470336914,90.990966796875
2016-04-19,62.44619369506836,91.24667358398438
2016-04-20,62.27337646484375,91.34039306640625
2016-04-21,62.19817352294922,90.88871765136719
2016-04-22,62.1756591796875,91.0165786743164
2016-04-25,62.100486755371094,90.79500579833984
2016-04-26,62.010276794433594,91.04214477539062
2016-04-27,62.19817352294922,91.2636947631836
2016-04-28,62.310909271240234,90.44558715820312
2016-04-29,62.356021881103516,89.9172134399414
2016-05-02,62.24608612060547,90.61602020263672
2016-05-03,62.41926956176758,89.70415496826172
2016-05-04,62.441871643066406,89.17579650878906
2016-05-05,62.5548095703125,89.14168548583984
2016-05-06,62.52469253540039,89.46554565429688
2016-05-09,62.56986618041992,89.55926513671875
2016-05-10,62.56986618041992,90.62455749511719
2016-05-11,62.58494567871094,89.79789733886719
2016-05-12,62.59244918823242,89.76380157470703
2016-05-13,62.66025161743164,88.98828125
2016-05-16,62.52469253540039,89.8746109008789
2016-05-17,62.47951889038086,89.06500244140625
2016-05-18,62.18582534790039,89.05646514892578
2016-05-19,62.253604888916016,88.7070541381836
2016-05-20,62.253604888916016,89.38883972167969
2016-05-23,62.26869583129883,89.27803802490234
2016-05-24,62.238548278808594,90.47112274169922
2016-05-25,62.2159538269043,91.1273422241211
2016-05-26,62.32135772705078,91.11029052734375
2016-05-27,62.298805236816406,91.51936340332031
2016-05-31,62.35151290893555,91.47676849365234
2016-06-01,62.373374938964844,91.72390747070312
2016-06-02,62.49415588378906,92.03070068359375
2016-06-03,62.88650131225586,91.77503967285156
2016-06-06,62.78841018676758,92.25225830078125
2016-06-07,62.79595184326172,92.43122863769531
2016-06-08,62.871437072753906,92.75509643554688
2016-06-09,62.931800842285156,92.56758880615234
2016-06-10,62.99216842651367,91.61312103271484
2016-06-13,63.00724411010742,90.85465240478516
2016-06-14,62.99970626831055,90.6911392211914
2016-06-15,63.143035888671875,90.59698486328125
2016-06-16,63.21095657348633,90.86235809326172
2016-06-17,63.12039566040039,90.56275939941406
2016-06-20,62.977054595947266,91.1790542602539
2016-06-21,62.89403533935547,91.37594604492188
2016-06-22,62.91666030883789,91.17052459716797
2016-06-23,62.80352020263672,92.42880249023438
2016-06-24,63.15816116333008,89.06478118896484
2016-06-27,63.47507858276367,87.29292297363281
2016-06-28,63.550537109375,88.89359283447266
2016-06-29,63.52786636352539,90.4857177734375
2016-06-30,63.61088562011719,91.72691345214844
2016-07-01,63.78780746459961,91.90664672851562
2016-07-05,64.00706481933594,91.22186279296875
2016-07-06,64.1204833984375,91.77825927734375
2016-07-07,64.01461791992188,91.73545837402344
2016-07-08,64.1809310913086,93.16494750976562
2016-07-11,63.991981506347656,93.55010986328125
2016-07-12,63.73488235473633,94.32906341552734
2016-07-13,63.84829330444336,94.27771759033203
2016-07-14,63.75002670288086,94.73137664794922
2016-07-15,63.54587173461914,94.62866973876953
2016-07-18,63.56856155395508,94.89400482177734
2016-07-19,63.66687774658203,94.7057113647461
2016-07-20,63.59880065917969,95.21075439453125
2016-07-21,63.67439651489258,94.8340835571289
2016-07-22,63.681941986083984,95.28775024414062
2016-07-25,63.64418029785156,95.0395278930664
2016-07-26,63.6365852355957,95.14225769042969
2016-07-27,63.82559585571289,95.03099060058594
2016-07-28,63.78780746459961,95.15080261230469
2016-07-29,63.991981506347656,95.37336730957031
2016-08-01,63.79119873046875,95.2449722290039
2016-08-02,63.73060607910156,94.52593231201172
2016-08-03,63.73060607910156,94.87688446044922
2016-08-04,63.844215393066406,94.98817443847656
2016-08-05,63.632083892822266,95.77568054199219
2016-08-08,63.639671325683594,95.71574401855469
2016-08-09,63.821502685546875,95.80133819580078
2016-08-10,63.90483474731445,95.51885986328125
2016-08-11,63.7381706237793,95.99822998046875
2016-08-12,63.88206481933594,95.90408325195312
2016-08-15,63.776058197021484,96.25504302978516
2016-08-16,63.74570846557617,95.70716857910156
2016-08-17,63.844215393066406,95.8270492553711
2016-08-18,63.912410736083984,96.12666320800781
2016-08-19,63.783607482910156,95.98970031738281
2016-08-22,63.874534606933594,96.01535034179688
2016-08-23,63.90483474731445,96.27216339111328
2016-08-24,63.89727020263672,95.73287963867188
2016-08-25,63.82905578613281,95.6729736328125
2016-08-26,63.67000961303711,95.47608947753906
2016-08-29,63.88971710205078,95.99822998046875
2016-08-30,63.83667755126953,95.84416961669922
2016-08-31,63.79119873046875,95.57026672363281
2016-09-01,63.879276275634766,95.6216049194336
2016-09-02,63.788185119628906,96.10951232910156
2016-09-06,63.97793960571289,96.38341522216797
2016-09-07,63.985538482666016,96.51183319091797
2016-09-08,63.742618560791016,96.26358795166016
2016-09-09,63.461814880371094,93.8668441772461
2016-09-12,63.48453140258789,95.17650604248047
2016-09-13,63.302364349365234,93.68760681152344
2016-09-14,63.385894775390625,93.69617462158203
2016-09-15,63.43901824951172,94.6595687866211
2016-09-16,63.49213409423828,94.28108215332031
2016-09-19,63.44661331176758,94.41869354248047
2016-09-20,63.461814880371094,94.37569427490234
2016-09-21,63.64393615722656,95.45947265625
2016-09-22,63.77296829223633,96.1562271118164
2016-09-23,63.75777053833008,95.60570526123047
2016-09-26,63.86406707763672,94.84879302978516
2016-09-27,63.93996047973633,95.39067840576172
2016-09-28,63.93996047973633,95.94978332519531
2016-09-29,63.947566986083984,95.01221466064453
2016-09-30,63.86406707763672,95.76054382324219
2016-10-03,63.79637145996094,95.46808624267578
2016-10-04,63.58345031738281,95.03800964355469
2016-10-05,63.477012634277344,95.40788269042969
2016-10-06,63.454139709472656,95.4422836303711
2016-10-07,63.50741195678711,95.08102416992188
2016-10-10,63.43897247314453,95.59710693359375
2016-10-11,63.340087890625,94.32408905029297
2016-10-12,63.37813186645508,94.4359130859375
2016-10-13,63.454139709472656,94.1004638671875
2016-10-14,63.32484817504883,94.07463073730469
2016-10-17,63.46180725097656,93.80799865722656
2016-10-18,63.54539108276367,94.35848999023438
2016-10-19,63.59104919433594,94.6595687866211
2016-10-20,63.553043365478516,94.47891998291016
2016-10-21,63.60626983642578,94.44451141357422
2016-10-24,63.51496887207031,94.91759490966797
2016-10-25,63.51496887207031,94.5133285522461
2016-10-26,63.400943756103516,94.2294692993164
2016-10-27,63.22601318359375,93.91120910644531
2016-10-28,63.19562911987305,93.60157012939453
2016-10-31,63.26400375366211,93.66177368164062
2016-11-01,63.24346160888672,92.96505737304688
2016-11-02,63.304439544677734,92.31995391845703
2016-11-03,63.26633834838867,91.9156723022461
2016-11-04,63.380638122558594,91.85545349121094
2016-11-07,63.296810150146484,93.8853988647461
2016-11-08,63.18254470825195,94.28968811035156
2016-11-09,62.557716369628906,95.45947265625
2016-11-10,62.29100799560547,95.79492950439453
2016-11-11,62.17670822143555,95.82935333251953
2016-11-14,61.940521240234375,96.07880401611328
2016-11-15,62.02434158325195,96.82713317871094
2016-11-16,62.15385055541992,96.68950653076172
2016-11-17,61.90242004394531,97.17980194091797
2016-11-18,61.75003433227539,96.99915313720703
2016-11-21,61.742374420166016,97.73029327392578
2016-11-22,61.795745849609375,98.0141372680664
2016-11-23,61.63572311401367,98.1517562866211
2016-11-25,61.65859603881836,98.53024291992188
2016-11-28,61.80335235595703,97.96253204345703
2016-11-29,61.84907150268555,98.10015106201172
2016-11-30,61.63572311401367,97.86791229248047
2016-12-01,61.40669631958008,97.463623046875
2016-12-02,61.628082275390625,97.463623046875
2016-12-05,61.704437255859375,98.14315032958984
2016-12-06,61.69679641723633,98.64205169677734
2016-12-07,61.84188461303711,99.86345672607422
2016-12-08,61.71971130371094,100.2247314453125
2016-12-09,61.53646469116211,100.76661682128906
2016-12-12,61.4677619934082,100.50858306884766
2016-12-13,61.53646469116211,101.09349060058594
2016-12-14,61.22346878051758,100.18170928955078
2016-12-15,61.13180923461914,100.59456634521484
2016-12-16,61.185245513916016,100.43975067138672
2016-12-19,61.345611572265625,100.72361755371094
2016-12-20,61.35322952270508,101.15377044677734
2016-12-21,61.4448356628418,100.86814880371094
2016-12-22,61.40275955200195,100.60850524902344
2016-12-23,61.43339920043945,100.7642822265625
2016-12-27,61.387451171875,101.01529693603516
2016-12-28,61.540550231933594,100.17571258544922
2016-12-29,61.708927154541016,100.18439483642578
2016-12-30,61.839027404785156,99.81221771240234
2017-01-03,61.84669876098633,100.5738525390625
2017-01-04,61.892635345458984,101.34419250488281
2017-01-05,62.20646667480469,101.1451187133789
2017-01-06,61.9615364074707,101.4653549194336
2017-01-09,62.1146240234375,101.07588195800781
2017-01-10,62.099300384521484,101.15377044677734
2017-01-11,62.12990951538086,101.4740219116211
2017-01-12,62.145198822021484,101.20569610595703
2017-01-13,62.045692443847656,101.4566879272461
2017-01-17,62.237064361572266,101.0066146850586
2017-01-18,61.915592193603516,101.2403335571289
2017-01-19,61.80845642089844,100.84220886230469
2017-01-20,61.85435104370117,101.18840026855469
2017-01-23,62.02272415161133,100.92008209228516
2017-01-24,61.930908203125,101.70771026611328
2017-01-25,61.7472038269043,102.58191680908203
2017-01-26,61.77016830444336,102.43473052978516
2017-01-27,61.839027404785156,102.27030181884766
2017-01-30,61.8237419128418,101.57789611816406
2017-01-31,61.95387649536133,101.66444396972656
2017-02-01,61.8449592590332,101.6557846069336
2017-02-02,61.883277893066406,101.72502899169922
2017-02-03,61.89864730834961,102.4953384399414
2017-02-06,62.09041213989258,102.25299072265625
2017-02-07,62.19010925292969,102.24434661865234
2017-02-08,62.358848571777344,102.35685729980469
2017-02-09,62.19010925292969,103.03195190429688
2017-02-10,62.17473602294922,103.4647216796875
2017-02-13,62.10576248168945,103.98401641845703
2017-02-14,61.97532653808594,104.36486053466797
2017-02-15,61.87563705444336,104.9361343383789
2017-02-16,61.99067306518555,104.84090423583984
2017-02-17,62.13641357421875,104.99668884277344
2017-02-21,62.12875747680664,105.61986541748047
2017-02-22,62.167076110839844,105.48139190673828
2017-02-23,62.28213119506836,105.40348052978516
2017-02-24,62.51226043701172,105.57659912109375
2017-02-27,62.381832122802734,105.81029510498047
2017-02-28,62.335853576660156,105.42078399658203
2017-03-01,62.0806884765625,106.84026336669922
2017-03-02,61.965396881103516,106.15650177001953
2017-03-03,62.01153564453125,106.24305725097656
2017-03-06,61.973087310791016,105.82759094238281
2017-03-07,61.85781478881836,105.49005126953125
2017-03-08,61.71183395385742,105.19574737548828
2017-03-09,61.519683837890625,105.24768829345703
2017-03-10,61.64262390136719,105.62853240966797
2017-03-13,61.519683837890625,105.70643615722656
2017-03-14,61.51200485229492,105.32559204101562
2017-03-15,61.89625549316406,106.27767944335938
2017-03-16,61.803993225097656,106.14784240722656
2017-03-17,61.927001953125,106.0872573852539
2017-03-20,62.04994583129883,105.83626556396484
2017-03-21,62.19600296020508,104.35623168945312
2017-03-22,62.28053665161133,104.49468994140625
2017-03-23,62.24977111816406,104.46005249023438
2017-03-24,62.2343864440918,104.4704818725586
2017-03-27,62.36503982543945,104.34877014160156
2017-03-28,62.24977111816406,105.07910919189453
2017-03-29,62.37273025512695,105.2703628540039
2017-03-30,62.2728157043457,105.6616439819336
2017-03-31,62.31124496459961,105.47903442382812
2017-04-03,62.53765106201172,105.21820831298828
2017-04-04,62.468345642089844,105.2703628540039
2017-04-05,62.52229690551758,104.8443374633789
2017-04-06,62.545387268066406,105.17473602294922
2017-04-07,62.406742095947266,105.09648132324219
2017-04-10,62.468345642089844,105.22689819335938
2017-04-11,62.66860580444336,105.192138671875
2017-04-12,62.81492233276367,104.65309143066406
2017-04-13,62.907371520996094,103.94014739990234
2017-04-17,62.86885452270508,104.8443374633789
2017-04-18,63.09218978881836,104.61833190917969
2017-04-19,62.97666549682617,104.53135681152344
2017-04-20,62.8919563293457,105.39209747314453
2017-04-21,62.907371520996094,105.05303192138672
2017-04-24,62.822628021240234,106.16590881347656
2017-04-25,62.63008499145508,106.82666778564453
2017-04-26,62.69173049926758,106.85274505615234
2017-04-27,62.73794174194336,106.95706176757812
2017-04-28,62.80721664428711,106.60061645507812
2017-05-01,62.689910888671875,106.87881469726562
2017-05-02,62.797950744628906,106.87881469726562
2017-05-03,62.72848892211914,106.61798095703125
2017-05-04,62.65909194946289,106.69623565673828
2017-05-05,62.69765853881836,107.22657775878906
2017-05-08,62.589603424072266,107.06143188476562
2017-05-09,62.558719635009766,107.026611328125
2017-05-10,62.551002502441406,107.26136779785156
2017-05-11,62.59731674194336,106.9483642578125
2017-05-12,62.78249740600586,106.7397232055664
2017-05-15,62.767093658447266,107.31353759765625
2017-05-16,62.828819274902344,107.25267028808594
2017-05-17,63.16840744018555,105.32254791259766
2017-05-18,63.11440658569336,105.63555908203125
2017-05-19,63.152984619140625,106.3919448852539
2017-05-22,63.09895324707031,106.95706176757812
2017-05-23,62.96773147583008,107.13965606689453
2017-05-24,63.09895324707031,107.45263671875
2017-05-25,63.09895324707031,107.9047622680664
2017-05-26,63.12982177734375,107.88735961914062
2017-05-30,63.22244644165039,107.7134780883789
2017-05-31,63.2533073425293,107.67868041992188
2017-06-01,63.27031707763672,108.67854309082031
2017-06-02,63.479156494140625,109.0350112915039
2017-06-05,63.37862014770508,108.89588928222656
2017-06-06,63.494606018066406,108.6176528930664
2017-06-07,63.4095344543457,108.73941040039062
2017-06-08,63.363136291503906,108.93067169189453
2017-06-09,63.30897521972656,108.84373474121094
2017-06-12,63.29352569580078,108.82633972167969
2017-06-13,63.30897521972656,109.36540222167969
2017-06-14,63.540992736816406,109.2088851928711
2017-06-15,63.47138214111328,108.96546173095703
2017-06-16,63.540992736816406,108.89588928222656
2017-06-19,63.448204040527344,109.78271484375
2017-06-20,63.540992736816406,109.0350112915039
2017-06-21,63.571929931640625,108.90834045410156
2017-06-22,63.59516906738281,108.95204162597656
2017-06-23,63.6105842590332,109.22279357910156
2017-06-26,63.68022537231445,109.30139923095703
2017-06-27,63.463687896728516,108.40178680419922
2017-06-28,63.463687896728516,109.42367553710938
2017-06-29,63.332183837890625,108.55024719238281
2017-06-30,63.28580093383789,108.69874572753906
2017-07-03,63.29279327392578,108.96077728271484
2017-07-05,63.33164978027344,109.08304595947266
2017-07-06,63.184085845947266,108.00872802734375
2017-07-07,63.168521881103516,108.75987243652344
2017-07-10,63.19961929321289,108.8384780883789
2017-07-11,63.261688232421875,108.81228637695312
2017-07-12,63.409271240234375,109.58963775634766
2017-07-13,63.385955810546875,109.76433563232422
2017-07-14,63.409271240234375,110.2534408569336
2017-07-17,63.49468231201172,110.2534408569336
2017-07-18,63.64221954345703,110.32332611083984
2017-07-19,63.650028228759766,110.9609375
2017-07-20,63.688812255859375,111.03082275390625
2017-07-21,63.75873947143555,110.88230895996094
2017-07-24,63.727691650390625,110.89104461669922
2017-07-25,63.48693084716797,111.25790405273438
2017-07-26,63.64221954345703,111.17927551269531
2017-07-27,63.5645866394043,110.98712921142578
2017-07-28,63.68107604980469,110.80371856689453
2017-07-31,63.67329788208008,110.74256896972656
2017-08-01,63.932254791259766,110.96965789794922
2017-08-02,63.89319610595703,110.8648452758789
2017-08-03,64.02581787109375,110.61153411865234
2017-08-04,63.92441177368164,110.84738159179688
2017-08-07,63.947818756103516,111.06571960449219
2017-08-08,63.862037658691406,110.7600326538086
2017-08-09,63.90878677368164,110.63774108886719
2017-08-10,64.00241088867188,109.0131607055664
2017-08-11,64.05702209472656,109.21406555175781
2017-08-14,64.01022338867188,110.3320541381836
2017-08-15,63.90106964111328,110.22722625732422
2017-08-16,63.994606018066406,110.42811584472656
2017-08-17,64.1115493774414,108.67252349853516
2017-08-18,64.08040618896484,108.48912048339844
2017-08-21,64.1115493774414,108.64632415771484
2017-08-22,64.03357696533203,109.73810577392578
2017-08-23,64.2208023071289,109.40621185302734
2017-08-24,64.12718963623047,109.2315444946289
2017-08-25,64.20516967773438,109.49353790283203
2017-08-28,64.23641204833984,109.53722381591797
2017-08-29,64.30654907226562,109.58090209960938
2017-08-30,64.29872131347656,110.15735626220703
2017-08-31,64.35334014892578,110.90853881835938
2017-09-01,64.24703979492188,111.16181182861328
2017-09-05,64.51277923583984,110.30586242675781
2017-09-06,64.40336608886719,110.61153411865234
2017-09-07,64.6065673828125,110.55915069580078
2017-09-08,64.53623962402344,110.48051452636719
2017-09-11,64.3408432006836,111.66840362548828
2017-09-12,64.24703979492188,112.09639739990234
2017-09-13,64.16891479492188,112.14879608154297
2017-09-14,64.20796203613281,112.11384582519531
2017-09-15,64.21578979492188,112.32350158691406
2017-09-18,64.16891479492188,112.59424591064453
2017-09-19,64.12200927734375,112.64666748046875
2017-09-20,64.06730651855469,112.83003997802734
2017-09-21,64.05167388916016,112.51565551757812
2017-09-22,64.11417388916016,112.6059799194336
2017-09-25,64.2549057006836,112.42178344726562
2017-09-26,64.2236328125,112.44808959960938
2017-09-27,64.02822875976562,113.06211853027344
2017-09-28,64.04385375976562,113.24633026123047
2017-09-29,64.05167388916016,113.61475372314453
2017-10-02,64.02664184570312,114.21126556396484
2017-10-03,64.05795288085938,114.43934631347656
2017-10-04,64.05795288085938,114.5533447265625
2017-10-05,64.01094818115234,115.15862274169922
2017-10-06,63.94051742553711,115.07967376708984
2017-10-09,64.003173828125,114.85160827636719
2017-10-10,64.03450012207031,115.12353515625
2017-10-11,64.06578826904297,115.28143310546875
2017-10-12,64.12060546875,115.1410903930664
2017-10-13,64.25371551513672,115.22881317138672
2017-10-16,64.1910629272461,115.30775451660156
2017-10-17,64.19889068603516,115.3603744506836
2017-10-18,64.09708404541016,115.50950622558594
2017-10-19,64.12844848632812,115.53584289550781
2017-10-20,63.97175598144531,116.15863800048828
2017-10-23,64.02664184570312,115.66740417480469
2017-10-24,63.916996002197266,115.86917114257812
2017-10-25,63.862159729003906,115.26387786865234
2017-10-26,63.783905029296875,115.41300964355469
2017-10-27,63.92483139038086,116.35162353515625
2017-10-30,64.07360076904297,115.84284973144531
2017-10-31,64.03450012207031,116.07968139648438
2017-11-01,64.07608795166016,116.1761703491211
2017-11-02,64.13883972167969,116.20249938964844
2017-11-03,64.19375610351562,116.5095443725586
2017-11-06,64.2408447265625,116.72879791259766
2017-11-07,64.26436614990234,116.52703857421875
2017-11-08,64.21734619140625,116.72003173828125
2017-11-09,64.15455627441406,116.24639129638672
2017-11-10,63.89557647705078,116.26393127441406
2017-11-13,63.903404235839844,116.32530975341797
2017-11-14,63.98188781738281,116.1147689819336
2017-11-15,64.13098907470703,115.5182876586914
2017-11-16,64.04466247558594,116.57090759277344
2017-11-17,64.10740661621094,116.35162353515625
2017-11-20,64.0682144165039,116.64986419677734
2017-11-21,64.1231460571289,117.4568862915039
2017-11-22,64.25656127929688,117.36917877197266
2017-11-24,64.2408447265625,117.64110565185547
2017-11-27,64.21734619140625,117.518310546875
2017-11-28,64.21734619140625,118.68497467041016
2017-11-29,64.06036376953125,118.68497467041016
2017-11-30,63.96620559692383,119.59725952148438
2017-12-01,64.1375961303711,119.36039733886719
2017-12-04,64.14544677734375,119.20252990722656
2017-12-05,64.22412109375,118.6937255859375
2017-12-06,64.2948989868164,118.62356567382812
2017-12-07,64.20842742919922,119.09727478027344
2017-12-08,64.1847915649414,119.72007751464844
2017-12-11,64.1375961303711,120.00078582763672
2017-12-12,64.12972259521484,120.13236236572266
2017-12-13,64.31061553955078,120.14990997314453
2017-12-14,64.33425903320312,119.58847045898438
2017-12-15,64.34209442138672,120.65869140625
2017-12-18,64.23981475830078,121.49199676513672
2017-12-19,64.0432357788086,121.00077819824219
2017-12-20,63.91743850708008,120.99198913574219
2017-12-21,63.95674133300781,121.26791381835938
2017-12-22,63.9881706237793,121.22384643554688
2017-12-26,64.05206298828125,121.12686157226562
2017-12-27,64.2491683959961,121.17095947265625
2017-12-28,64.2097396850586,121.43543243408203
2017-12-29,64.3122329711914,120.98583984375
2018-01-02,64.13091278076172,121.84088134765625
2018-01-03,64.18611145019531,122.54611206054688
2018-01-04,64.15455627441406,123.01329040527344
2018-01-05,64.0678482055664,123.73606872558594
2018-01-08,64.07571411132812,124.01820373535156
2018-01-09,63.8864860534668,124.24739837646484
2018-01-10,63.89439010620117,124.05345153808594
2018-01-11,63.89439010620117,125.10247039794922
2018-01-12,63.8864860534668,125.83404541015625
2018-01-16,63.93379211425781,125.2786865234375
2018-01-17,63.86286544799805,126.4334945678711
2018-01-18,63.73664474487305,126.2131118774414
2018-01-19,63.60263442993164,126.86540985107422
2018-01-22,63.555355072021484,127.87033081054688
2018-01-23,63.72092819213867,128.18768310546875
2018-01-24,63.64992141723633,128.06427001953125
2018-01-25,63.82343292236328,128.1171417236328
2018-01-26,63.705142974853516,129.45706176757812
2018-01-29,63.6183967590332,128.6107940673828
2018-01-30,63.500179290771484,127.27098083496094
2018-01-31,63.51592254638672,127.31499481201172
2018-02-01,63.3397102355957,127.2621078491211
2018-02-02,63.15010452270508,124.55593872070312
2018-02-05,63.426639556884766,119.65479278564453
2018-02-06,63.2211799621582,121.61173248291016
2018-02-07,63.078983306884766,121.07398986816406
2018-02-08,63.03156280517578,116.71939086914062
2018-02-09,62.87356185913086,118.32369995117188
2018-02-12,62.88935852050781,119.90159606933594
2018-02-13,62.94465637207031,120.28060913085938
2018-02-14,62.73921585083008,121.96430969238281
2018-02-15,62.80242156982422,123.45401763916016
2018-02-16,62.93674087524414,123.50692749023438
2018-02-20,62.87356185913086,122.76648712158203
2018-02-21,62.636474609375,122.19351959228516
2018-02-22,62.71550369262695,122.2728042602539
2018-02-23,62.881465911865234,124.16807556152344
2018-02-26,62.91304397583008,125.47262573242188
2018-02-27,62.778709411621094,123.89478302001953
2018-02-28,62.85773468017578,122.52845764160156
2018-03-01,62.9646110534668,121.07398986816406
2018-03-02,62.84585952758789,121.85855102539062
2018-03-05,62.80624008178711,123.23368835449219
2018-03-06,62.830020904541016,123.68323516845703
2018-03-07,62.81418228149414,123.78900909423828
2018-03-08,62.88542938232422,124.25619506835938
2018-03-09,62.80624008178711,126.31890106201172
2018-03-12,62.86958694458008,126.2484130859375
2018-03-13,62.88542938232422,125.46388244628906
2018-03-14,63.02009201049805,124.82914733886719
2018-03-15,63.0279541015625,124.66167449951172
2018-03-16,62.97251510620117,124.87325286865234
2018-03-19,62.925052642822266,123.26890563964844
2018-03-20,62.84585952758789,123.45401763916016
2018-03-21,62.84585952758789,123.34823608398438
2018-03-22,62.9488410949707,120.32654571533203
2018-03-23,62.9646110534668,117.80413055419922
2018-03-26,62.925052642822266,120.91077423095703
2018-03-27,63.1388053894043,118.76884460449219
2018-03-28,63.13092803955078,118.49446868896484
2018-03-29,63.28921127319336,120.12301635742188
2018-04-02,63.28131103515625,117.38810729980469
2018-04-03,63.209861755371094,118.8484878540039
2018-04-04,63.209861755371094,120.18499755859375
2018-04-05,63.12255096435547,121.02582550048828
2018-04-06,63.28131103515625,118.48562622070312
2018-04-09,63.344818115234375,118.8839111328125
2018-04-10,63.23371124267578,120.81340026855469
2018-04-11,63.28131103515625,120.25575256347656
2018-04-12,63.162288665771484,121.22938537597656
2018-04-13,63.209861755371094,120.88420867919922
2018-04-16,63.21782684326172,121.89318084716797
2018-04-17,63.24161911010742,123.1765365600586
2018-04-18,63.03525161743164,123.34474182128906
2018-04-19,62.88439178466797,122.67204284667969
2018-04-20,62.72566223144531,121.698486328125
2018-04-23,62.69392013549805,121.65420532226562
2018-04-24,62.58277893066406,120.19385528564453
2018-04-25,62.49545669555664,120.32654571533203
2018-04-26,62.62248229980469,121.46837615966797
2018-04-27,62.71769714355469,121.54800415039062
2018-04-30,62.749446868896484,120.66291809082031
2018-05-01,62.65242004394531,120.84877014160156
2018-05-02,62.660396575927734,120.14956665039062
2018-05-03,62.716068267822266,119.82207489013672
2018-05-04,62.7558708190918,121.37100219726562
2018-05-07,62.724002838134766,121.90203857421875
2018-05-08,62.676326751708984,121.9462890625
2018-05-09,62.60470962524414,123.09687042236328
2018-05-10,62.73198318481445,124.16787719726562
2018-05-11,62.795616149902344,124.4156723022461
2018-05-14,62.716068267822266,124.47765350341797
2018-05-15,62.421695709228516,123.72532653808594
2018-05-16,62.373958587646484,124.32715606689453
2018-05-17,62.31829071044922,124.36255645751953
2018-05-18,62.4853630065918,124.08818817138672
2018-05-21,62.4853630065918,125.01748657226562
2018-05-22,62.5012321472168,124.55728149414062
2018-05-23,62.692203521728516,124.88475799560547
2018-05-24,62.819480895996094,124.68114471435547
2018-05-25,62.95473861694336,124.44222259521484
2018-05-29,63.392337799072266,123.21192169189453
2018-05-30,63.20137023925781,124.8050537109375
2018-05-31,63.1775016784668,123.94656372070312
2018-06-01,63.2166633605957,125.23880004882812
2018-06-04,63.080787658691406,125.82292938232422
2018-06-05,63.136741638183594,126.00880432128906
2018-06-06,62.960899353027344,127.12400817871094
2018-06-07,63.12077331542969,126.93815612792969
2018-06-08,63.040828704833984,127.371826171875
2018-06-11,62.984893798828125,127.55769348144531
2018-06-12,62.97691345214844,127.82320404052734
2018-06-13,62.936920166015625,127.34528350830078
2018-06-14,63.07279586791992,127.70812225341797
2018-06-15,63.080787658691406,127.58417510986328
2018-06-18,63.080787658691406,127.4426498413086
2018-06-19,63.1846923828125,127.01780700683594
2018-06-20,63.040828704833984,127.309814453125
2018-06-21,63.07279586791992,126.43367767333984
2018-06-22,63.112735748291016,126.61407470703125
2018-06-25,63.10478973388672,124.83638763427734
2018-06-26,63.20867919921875,125.12083435058594
2018-06-27,63.36053466796875,123.95645904541016
2018-06-28,63.31258010864258,124.7297134399414
2018-06-29,63.296600341796875,124.818603515625
2018-07-02,63.25734329223633,125.12083435058594
2018-07-03,63.38554763793945,124.8008804321289
2018-07-05,63.4736213684082,125.85861206054688
2018-07-06,63.54574203491211,126.9162368774414
2018-07-09,63.48965835571289,128.07174682617188
2018-07-10,63.44961929321289,128.400634765625
2018-07-11,63.4817008972168,127.48509979248047
2018-07-12,63.52972412109375,128.5338897705078
2018-07-13,63.58582305908203,128.61399841308594
2018-07-16,63.497657775878906,128.4095458984375
2018-07-17,63.4736213684082,128.99612426757812
2018-07-18,63.44160842895508,129.2805938720703
2018-07-19,63.56180953979492,128.9694366455078
2018-07-20,63.41755676269531,128.7383575439453
2018-07-23,63.21728515625,128.9428253173828
2018-07-24,63.313411712646484,129.2272491455078
2018-07-25,63.313411712646484,130.32940673828125
2018-07-26,63.313411712646484,130.1160430908203
2018-07-27,63.2973747253418,129.07611083984375
2018-07-30,63.2253303527832,128.2317352294922
2018-07-31,63.273353576660156,128.96063232421875
2018-08-01,63.238853454589844,128.8094482421875
2018-08-02,63.270965576171875,129.57388305664062
2018-08-03,63.40746307373047,130.0093994140625
2018-08-06,63.46366500854492,130.5960235595703
2018-08-07,63.35127639770508,131.0226593017578
2018-08-08,63.33522033691406,130.8982696533203
2018-08-09,63.455657958984375,130.80935668945312
2018-08-10,63.58412551879883,129.99163818359375
2018-08-13,63.59218215942383,129.493896484375
2018-08-14,63.55204772949219,130.34710693359375
2018-08-15,63.62431335449219,129.3160858154297
2018-08-16,63.65643310546875,130.32940673828125
2018-08-17,63.72865295410156,130.80935668945312
2018-08-20,63.8089599609375,131.05821228027344
2018-08-21,63.77686309814453,131.54705810546875
2018-08-22,63.81703567504883,131.59152221679688
2018-08-23,63.81703567504883,131.333740234375
2018-08-24,63.84912872314453,132.1514892578125
2018-08-27,63.768863677978516,133.10250854492188
2018-08-28,63.672462463378906,133.1825408935547
2018-08-29,63.63233947753906,133.88473510742188
2018-08-30,63.6805305480957,133.3336181640625
2018-08-31,63.696571350097656,133.38699340820312
2018-09-04,63.598350524902344,133.2003173828125
2018-09-05,63.614444732666016,132.7647705078125
2018-09-06,63.71105194091797,132.3648681640625
2018-09-07,63.50980758666992,132.0626220703125
2018-09-10,63.5500373840332,132.34701538085938
2018-09-11,63.41323471069336,132.7914581298828
2018-09-12,63.46152877807617,132.80035400390625
2018-09-13,63.50176239013672,133.46694946289062
2018-09-14,63.39713668823242,133.57363891601562
2018-09-17,63.38908386230469,132.7292938232422
2018-09-18,63.24421310424805,133.44029235839844
2018-09-19,63.147605895996094,133.45806884765625
2018-09-20,63.22808074951172,134.48910522460938
2018-09-21,63.26829528808594,134.35581970214844
2018-09-24,63.18781661987305,133.86695861816406
2018-09-25,63.13957977294922,133.7958526611328
2018-09-26,63.300575256347656,133.28030395507812
2018-09-27,63.34882354736328,133.59141540527344
2018-09-28,63.34882354736328,133.6485595703125
2018-10-01,63.23023986816406,133.8539276123047
2018-10-02,63.34316635131836,133.6574249267578
2018-10-03,63.02046203613281,133.83609008789062
2018-10-04,62.85908508300781,132.701904296875
2018-10-05,62.746131896972656,131.8446044921875
2018-10-08,62.721954345703125,131.74632263183594
2018-10-09,62.84292221069336,131.5140838623047
2018-10-10,62.79457092285156,127.32557678222656
2018-10-11,62.97205352783203,124.61065673828125
2018-10-12,62.9559326171875,126.25390625
2018-10-15,62.9398078918457,125.6912612915039
2018-10-16,62.988182067871094,128.4597930908203
2018-10-17,62.87525177001953,128.424072265625
2018-10-18,62.83488464355469,126.56649017333984
2018-10-19,62.8026008605957,126.23601531982422
2018-10-22,62.77840805053711,125.73593139648438
2018-10-23,62.8671875,124.99468231201172
2018-10-24,63.03657531738281,121.10977935791016
2018-10-25,62.96400833129883,123.38716888427734
2018-10-26,63.07691955566406,121.25270080566406
2018-10-29,63.02046203613281,120.58290100097656
2018-10-30,62.931705474853516,122.4672622680664
2018-10-31,62.8026008605957,123.74437713623047
2018-11-01,62.919071197509766,125.14649963378906
2018-11-02,62.68454360961914,124.63742065429688
2018-11-05,62.733062744140625,125.24473571777344
2018-11-06,62.72496032714844,125.95917510986328
2018-11-07,62.78158950805664,128.53121948242188
2018-11-08,62.67643737792969,128.28118896484375
2018-11-09,62.83012771606445,126.96837615966797
2018-11-12,62.927181243896484,124.53024291992188
2018-11-13,62.89484405517578,124.3516616821289
2018-11-14,62.94334411621094,123.44072723388672
2018-11-15,62.95145797729492,124.83390808105469
2018-11-16,63.08893966674805,125.10186004638672
2018-11-19,63.08893966674805,122.93167114257812
2018-11-20,63.04848861694336,120.74364471435547
2018-11-21,63.11323547363281,121.33305358886719
2018-11-23,63.105133056640625,120.68112182617188
2018-11-26,63.05656051635742,122.55655670166016
2018-11-27,63.097042083740234,122.70838165283203
2018-11-28,63.1294059753418,125.56624603271484
2018-11-29,63.177947998046875,125.33403015136719
2018-11-30,63.202171325683594,126.23601531982422
2018-12-03,63.30112075805664,127.70967102050781
2018-12-04,63.45515060424805,123.53894805908203
2018-12-06,63.56865692138672,123.38716888427734
2018-12-07,63.698402404785156,120.47569274902344
2018-12-10,63.763282775878906,120.6097183227539
2018-12-11,63.77138900756836,120.58290100097656
2018-12-12,63.70649337768555,121.27054595947266
2018-12-13,63.75518035888672,120.97584533691406
2018-12-14,63.81193161010742,118.88602447509766
2018-12-17,63.933570861816406,116.3497314453125
2018-12-18,64.03083038330078,116.31398010253906
2018-12-19,64.14439392089844,114.52783966064453
2018-12-20,64.05517578125,112.67914581298828
2018-12-21,64.05517578125,110.2857437133789
2018-12-24,64.06980895996094,107.52879333496094
2018-12-26,63.931671142578125,112.70308685302734
2018-12-27,64.06980895996094,113.71819305419922
2018-12-28,64.2242202758789,113.57449340820312
2018-12-31,64.38680267333984,114.6524658203125
2019-01-02,64.5168685913086,114.74230194091797
2019-01-03,64.76884460449219,112.08325958251953
2019-01-04,64.57374572753906,115.79331970214844
2019-01-07,64.47620391845703,116.96114349365234
2019-01-08,64.39492797851562,118.16485595703125
2019-01-09,64.48438262939453,118.72185516357422
2019-01-10,64.35430145263672,119.30574035644531
2019-01-11,64.48438262939453,119.33270263671875
2019-01-14,64.42744445800781,118.57811737060547
2019-01-15,64.43558502197266,119.87169647216797
2019-01-16,64.45997619628906,120.21305847167969
2019-01-17,64.38680267333984,121.18323516845703
2019-01-18,64.33805084228516,122.75531768798828
2019-01-22,64.45185089111328,121.07543182373047
2019-01-23,64.5168685913086,121.20121765136719
2019-01-24,64.65506744384766,121.45276641845703
2019-01-25,64.58192443847656,122.59362030029297
2019-01-28,64.60630798339844,121.6952896118164
2019-01-29,64.7363510131836,121.52462005615234
2019-01-30,64.8013916015625,123.35716247558594
2019-01-31,65.1021499633789,124.44413757324219
2019-02-01,64.92123413085938,124.62381744384766
2019-02-04,64.86422729492188,125.51313781738281
2019-02-05,65.00272369384766,126.03418731689453
2019-02-06,64.97826385498047,125.90839385986328
2019-02-07,65.02716064453125,124.71363830566406
2019-02-08,65.12494659423828,124.8393783569336
2019-02-11,65.10049438476562,125.09990692138672
2019-02-12,65.09233856201172,126.66297912597656
2019-02-13,64.99456024169922,127.05825805664062
2019-02-14,65.10867309570312,126.8336410522461
2019-02-15,65.13308715820312,128.22607421875
2019-02-19,65.19013214111328,128.4776153564453
2019-02-20,65.16568756103516,128.7471160888672
2019-02-21,65.03528594970703,128.3069305419922
2019-02-22,65.1819839477539,129.15133666992188
2019-02-25,65.15752410888672,129.3400115966797
2019-02-26,65.2471923828125,129.09744262695312
2019-02-27,65.11682891845703,129.142333984375
2019-02-28,65.0434799194336,128.8728485107422
2019-03-01,64.84257507324219,129.7352294921875
2019-03-04,64.95690155029297,129.13339233398438
2019-03-05,65.00593566894531,128.89083862304688
2019-03-06,65.08757781982422,127.91167449951172
2019-03-07,65.27540588378906,126.91454315185547
2019-03-08,65.35710906982422,126.65402221679688
2019-03-11,65.32444763183594,128.51353454589844
2019-03-12,65.47964477539062,128.94468688964844
2019-03-13,65.44696044921875,129.77117919921875
2019-03-14,65.38977813720703,129.66334533691406
2019-03-15,65.51231384277344,130.26524353027344
2019-03-18,65.47146606445312,130.75035095214844
2019-03-19,65.43876647949219,130.72337341308594
2019-03-20,65.72467041015625,130.18441772460938
2019-03-21,65.74095916748047,131.71151733398438
2019-03-22,66.10037231445312,128.96267700195312
2019-03-25,66.18206787109375,128.87420654296875
2019-03-26,66.19837188720703,129.86766052246094
2019-03-27,66.32087707519531,129.27159118652344
2019-03-28,66.35354614257812,129.84056091308594
2019-03-29,66.30452728271484,130.6986083984375
2019-04-01,66.0425033569336,132.2159423828125
2019-04-02,66.07527923583984,132.2068634033203
2019-04-03,65.98523712158203,132.5230255126953
2019-04-04,66.05074310302734,132.80296325683594
2019-04-05,66.09983825683594,133.47132873535156
2019-04-08,66.03437805175781,133.58876037597656
2019-04-09,66.13262176513672,132.7849578857422
2019-04-10,66.22268676757812,133.3990936279297
2019-04-11,66.10807800292969,133.39002990722656
2019-04-12,65.98523712158203,134.28419494628906
2019-04-15,66.00159454345703,134.1758270263672
2019-04-16,65.886962890625,134.2119903564453
2019-04-17,65.886962890625,133.7152099609375
2019-04-18,65.97698211669922,133.9138946533203
2019-04-22,65.91155242919922,133.9499969482422
2019-04-23,66.02613067626953,135.29576110839844
2019-04-24,66.19810485839844,135.11512756347656
2019-04-25,66.18173217773438,134.88934326171875
2019-04-26,66.32911682128906,135.6208953857422
2019-04-29,66.18992614746094,135.81959533691406
2019-04-30,66.28815460205078,135.82859802246094
2019-05-01,66.29229736328125,134.8170928955078
2019-05-02,66.14456176757812,134.5912628173828
2019-05-03,66.26766967773438,136.04539489746094
2019-05-06,66.3497314453125,135.61184692382812
2019-05-07,66.44820404052734,133.2726593017578
2019-05-08,66.39899444580078,133.05587768554688
2019-05-09,66.46465301513672,132.63140869140625
2019-05-10,66.45641326904297,133.24554443359375
2019-05-13,66.59596252441406,129.87669372558594
2019-05-14,66.63695526123047,131.0508270263672
2019-05-15,66.7354965209961,131.82754516601562
2019-05-16,66.63695526123047,133.01979064941406
2019-05-17,66.65340423583984,132.08042907714844
2019-05-20,66.57132720947266,131.14117431640625
2019-05-21,66.53849029541016,132.42361450195312
2019-05-22,66.66162109375,131.9449462890625
2019-05-23,66.89962768554688,130.2650604248047
2019-05-24,66.89962768554688,130.58116149902344
2019-05-28,67.0391616821289,129.4341583251953
2019-05-29,67.02277374267578,128.54905700683594
2019-05-30,67.20330047607422,128.8019256591797
2019-05-31,67.49876403808594,127.06782531738281
2019-06-03,67.69047546386719,126.81492614746094
2019-06-04,67.57528686523438,129.65992736816406
2019-06-05,67.57528686523438,130.65345764160156
2019-06-06,67.5588607788086,131.38497924804688
2019-06-07,67.73982238769531,132.57717895507812
2019-06-10,67.5999755859375,133.3177947998047
2019-06-11,67.55061340332031,133.19137573242188
2019-06-12,67.66582489013672,133.01071166992188
2019-06-13,67.78099060058594,133.62486267089844
2019-06-14,67.7892074584961,133.33590698242188
2019-06-17,67.7892074584961,133.43287658691406
2019-06-18,67.94551849365234,134.89239501953125
2019-06-19,68.17585754394531,135.35472106933594
2019-06-20,68.28280639648438,136.5966796875
2019-06-21,68.0936050415039,136.61483764648438
2019-06-24,68.21698760986328,135.85328674316406
2019-06-25,68.24169158935547,134.5660400390625
2019-06-26,68.08534240722656,134.31219482421875
2019-06-27,68.28280639648438,135.1190185546875
2019-06-28,68.34037780761719,136.0618438720703
2019-07-01,68.33541870117188,137.0227508544922
2019-07-02,68.46739196777344,137.34002685546875
2019-07-03,68.591064453125,138.3734893798828
2019-07-05,68.26943969726562,138.29188537597656
2019-07-08,68.26119995117188,137.5485076904297
2019-07-09,68.17048645019531,137.79330444335938
2019-07-10,68.22822570800781,138.3553009033203
2019-07-11,68.00556945800781,138.5457000732422
2019-07-12,68.06334686279297,139.25282287597656
2019-07-15,68.1622314453125,139.16220092773438
2019-07-16,68.0715560913086,138.80857849121094
2019-07-17,68.27774047851562,137.89300537109375
2019-07-18,68.4013900756836,138.40066528320312
2019-07-19,68.3271713256836,137.6119842529297
2019-07-22,68.4013900756836,137.9383544921875
2019-07-23,68.34373474121094,138.8629913330078
2019-07-24,68.40965270996094,139.7151641845703
2019-07-25,68.33541870117188,138.9718017578125
2019-07-26,68.33541870117188,139.97804260253906
2019-07-29,68.37669372558594,139.6426239013672
2019-07-30,68.36017608642578,139.50665283203125
2019-07-31,68.44261932373047,137.983642578125
2019-08-01,68.93275451660156,136.70547485351562
2019-08-02,68.9988784790039,135.59951782226562
2019-08-05,69.29646301269531,131.574462890625
2019-08-06,69.47003173828125,133.28775024414062
2019-08-07,69.47003173828125,133.43287658691406
2019-08-08,69.52789306640625,135.9711456298828
2019-08-09,69.40392303466797,135.0011749267578
2019-08-12,69.7097396850586,133.33314514160156
2019-08-13,69.60224914550781,135.23681640625
2019-08-14,69.8502426147461,131.3296661376953
2019-08-15,70.1891098022461,131.574462890625
2019-08-16,70.11470031738281,133.56887817382812
2019-08-19,69.89155578613281,135.1552734375
2019-08-20,70.07334899902344,134.12179565429688
2019-08-21,70.04031372070312,135.25502014160156
2019-08-22,69.90811920166016,135.13717651367188
2019-08-23,70.164306640625,131.72857666015625
2019-08-26,70.12295532226562,133.06117248535156
2019-08-27,70.36267852783203,132.4447479248047
2019-08-28,70.3874740600586,133.38755798339844
2019-08-29,70.34613037109375,135.1552734375
2019-08-30,70.3378677368164,135.10992431640625
2019-09-03,70.40250396728516,134.23062133789062
2019-09-04,70.5350112915039,135.6629638671875
2019-09-05,70.1705551147461,137.4759979248047
2019-09-06,70.25338745117188,137.50323486328125
2019-09-09,69.93035125732422,137.58480834960938
2019-09-10,69.57412719726562,137.7207794189453
2019-09-11,69.53272247314453,138.8449249267578
2019-09-12,69.40019226074219,139.26185607910156
2019-09-13,69.00257110595703,139.12591552734375
2019-09-16,69.18478393554688,138.84356689453125
2019-09-17,69.34220123291016,139.1805419921875
2019-09-18,69.39189910888672,139.16233825683594
2019-09-19,69.49127960205078,139.07122802734375
2019-09-20,69.73982238769531,138.46109008789062
2019-09-23,69.78946685791016,138.533935546875
2019-09-24,70.02974700927734,137.2498779296875
2019-09-25,69.69840240478516,138.1150360107422
2019-09-26,69.8143310546875,137.69613647460938
2019-09-27,69.88893127441406,136.87649536132812
2019-09-30,69.93863677978516,137.5139923095703
2019-10-01,70.00668334960938,135.7198944091797
2019-10-02,70.16442108154297,133.51605224609375
2019-10-03,70.39683532714844,134.59976196289062
2019-10-04,70.51307678222656,136.357421875
2019-10-07,70.33043670654297,135.82009887695312
2019-10-08,70.3636474609375,133.62535095214844
2019-10-09,70.28062438964844,134.85479736328125
2019-10-10,70.06478881835938,135.7198944091797
2019-10-11,69.80744171142578,137.17703247070312
2019-10-14,69.92367553710938,137.04949951171875
2019-10-15,69.74102020263672,138.39730834960938
2019-10-16,69.81575775146484,138.14234924316406
2019-10-17,69.81575775146484,138.59767150878906
2019-10-18,69.84894561767578,138.0421905517578
2019-10-21,69.68292999267578,138.9437713623047
2019-10-22,69.80744171142578,138.52484130859375
2019-10-23,69.84065246582031,138.80715942382812
2019-10-24,69.84894561767578,139.18963623046875
2019-10-25,69.73272705078125,139.74517822265625
2019-10-28,69.58329010009766,140.59213256835938
2019-10-29,69.59988403320312,140.5647735595703
2019-10-30,69.82405090332031,140.9017333984375
2019-10-31,70.15608215332031,140.40997314453125
2019-11-01,70.09369659423828,141.91261291503906
2019-11-04,69.89404296875,142.43167114257812
2019-11-05,69.65276336669922,142.30422973632812
2019-11-06,69.80248260498047,142.24044799804688
2019-11-07,69.44477844238281,142.7230987548828
2019-11-08,69.37823486328125,143.12379455566406
2019-11-11,69.41986846923828,142.84149169921875
2019-11-12,69.46138000488281,143.08741760253906
2019-11-13,69.58625793457031,143.15118408203125
2019-11-14,69.78587341308594,143.29684448242188
2019-11-15,69.76092529296875,144.3896942138672
2019-11-18,69.86076354980469,144.47161865234375
2019-11-19,69.93562316894531,144.51718139648438
2019-11-20,70.1269760131836,144.06182861328125
2019-11-21,70.01053619384766,143.6975555419922
2019-11-22,70.0521240234375,144.01629638671875
2019-11-25,70.11865234375,145.38232421875
2019-11-26,70.23515319824219,145.69195556640625
2019-11-27,70.1269760131836,146.38409423828125
2019-11-29,70.1269760131836,145.72837829589844
2019-12-02,69.94351959228516,144.40789794921875
2019-12-03,70.31877136230469,143.55184936523438
2019-12-04,70.17699432373047,144.480712890625
2019-12-05,70.1020278930664,144.690185546875
2019-12-06,70.0102767944336,145.97425842285156
2019-12-09,70.02693939208984,145.50985717773438
2019-12-10,69.9769058227539,145.38232421875
2019-12-11,70.21035766601562,145.72837829589844
2019-12-12,69.87687683105469,146.92135620117188
2019-12-13,70.1937255859375,146.92135620117188
2019-12-16,70.00194549560547,147.9959716796875
2019-12-17,70.0102767944336,148.05068969726562
2019-12-18,69.91854095458984,148.11439514160156
2019-12-19,69.96858978271484,148.76095581054688
2019-12-20,69.98526000976562,149.5259552001953
2019-12-23,69.94097137451172,149.61700439453125
2019-12-24,70.00782775878906,149.64999389648438
2019-12-26,70.07466888427734,150.37335205078125
2019-12-27,70.17493438720703,150.2360076904297
2019-12-30,70.14987182617188,149.4210662841797
2019-12-31,70.07466888427734,149.81478881835938
2020-01-02,70.16659545898438,151.06002807617188
2020-01-03,70.41727447509766,150.09864807128906
2020-01-06,70.33367919921875,150.61143493652344
2020-01-07,70.27519226074219,150.25430297851562
2020-01-08,70.16659545898438,150.99600219726562
2020-01-09,70.25016784667969,151.93907165527344
2020-01-10,70.36711883544922,151.4995880126953
2020-01-13,70.32536315917969,152.5342254638672
2020-01-14,70.42560577392578,152.45181274414062
2020-01-15,70.53427124023438,152.8272247314453
2020-01-16,70.49246215820312,154.13656616210938
2020-01-17,70.48412322998047,154.52114868164062
2020-01-21,70.65958404541016,154.19149780273438
2020-01-22,70.71810150146484,154.2830810546875
2020-01-23,70.8434066772461,154.45704650878906
2020-01-24,70.95207214355469,152.99203491210938
2020-01-27,71.18604278564453,150.69378662109375
2020-01-28,71.06070709228516,152.149658203125
2020-01-29,71.26124572753906,152.04891967773438
2020-01-30,71.27796936035156,152.4152069091797
2020-01-31,71.4617919921875,149.7232666015625
2020-02-03,71.39727783203125,151.04171752929688
2020-02-04,71.1795883178711,153.42237854003906
2020-02-05,71.06233978271484,154.93316650390625
2020-02-06,71.12936401367188,155.36351013183594
2020-02-07,71.3470230102539,154.47535705566406
2020-02-10,71.45594787597656,155.61073303222656
2020-02-11,71.33868408203125,156.0410614013672
2020-02-12,71.25496673583984,157.0207977294922
2020-02-13,71.32192993164062,156.95669555664062
2020-02-14,71.39727783203125,157.2130584716797
2020-02-18,71.50617218017578,156.84681701660156
2020-02-19,71.497802734375,157.64340209960938
2020-02-20,71.67367553710938,157.16725158691406
2020-02-21,71.8494873046875,155.5558319091797
2020-02-24,72.07557678222656,150.4374237060547
2020-02-25,72.13423919677734,145.84100341796875
2020-02-26,72.09236145019531,145.03526306152344
2020-02-27,72.17609405517578,138.6807861328125
2020-02-28,72.65340423583984,137.74684143066406
2020-03-02,72.60560607910156,143.45118713378906
2020-03-03,73.04188537597656,139.7520751953125
2020-03-04,73.02511596679688,145.33734130859375
2020-03-05,73.30200958251953,140.49374389648438
2020-03-06,73.80546569824219,137.88418579101562
2020-03-09,73.64605712890625,126.81427764892578
2020-03-10,72.65594482421875,133.10462951660156
2020-03-11,71.27986145019531,126.36558532714844
2020-03-12,67.40331268310547,114.07789611816406
2020-03-13,70.2477798461914,124.46111297607422
2020-03-16,70.98614501953125,110.29637145996094
2020-03-17,69.51779174804688,115.82677459716797
2020-03-18,67.83960723876953,109.15181732177734
2020-03-19,67.79767608642578,109.95760345458984
2020-03-20,68.94721221923828,105.47100830078125
2020-03-23,70.47432708740234,102.4677734375
2020-03-24,70.54988861083984,112.19169616699219
2020-03-25,71.49799346923828,113.7391357421875
2020-03-26,71.82524871826172,120.64411926269531
2020-03-27,72.21119689941406,116.79778289794922
2020-03-30,72.28675842285156,120.3404541015625
2020-03-31,71.615478515625,118.6197509765625
2020-04-01,71.98552703857422,113.14468383789062
2020-04-02,72.32188415527344,115.50033569335938
2020-04-03,72.28821563720703,113.53114318847656
2020-04-06,72.51530456542969,121.47228240966797
2020-04-07,72.58257293701172,121.61030578613281
2020-04-08,72.76753997802734,125.8799057006836
2020-04-09,73.56648254394531,128.23556518554688
2020-04-13,73.33103942871094,126.7080307006836
2020-04-14,73.33103942871094,130.55438232421875
2020-04-15,73.692626953125,127.49021911621094
2020-04-16,73.73466491699219,128.08834838867188
2020-04-17,73.63375854492188,131.7138214111328
2020-04-20,73.51602172851562,129.5789794921875
2020-04-21,73.6085433959961,125.55783081054688
2020-04-22,73.54967498779297,128.39202880859375
2020-04-23,73.6673583984375,128.41041564941406
2020-04-24,73.64216613769531,130.32435607910156
2020-04-27,73.38152313232422,132.63400268554688
2020-04-28,73.60015106201172,132.2198944091797
2020-04-29,73.65058898925781,135.9650421142578
2020-04-30,73.59172058105469,134.19827270507812
2020-05-01,73.56137084960938,130.48997497558594
2020-05-04,73.6372299194336,130.98687744140625
2020-05-05,73.56977081298828,132.20147705078125
2020-05-06,73.24118041992188,131.47457885742188
2020-05-07,73.47712707519531,133.1952667236328
2020-05-08,73.26643371582031,135.6981658935547
2020-05-11,73.03895568847656,135.7166290283203
2020-05-12,73.27490997314453,132.82723999023438
2020-05-13,73.35911560058594,130.1587371826172
2020-05-14,73.56137084960938,131.557373046875
2020-05-15,73.6034927368164,132.3487548828125
2020-05-18,73.46868896484375,136.73793029785156
2020-05-19,73.56137084960938,135.2841339111328
2020-05-20,73.75519561767578,137.78695678710938
2020-05-21,73.83102416992188,136.9588165283203
2020-05-22,73.85629272460938,137.3452606201172
2020-05-26,73.81412506103516,139.2592315673828
2020-05-27,73.84786987304688,141.45851135253906
2020-05-28,73.8731689453125,140.9707489013672
2020-05-29,74.08381652832031,141.44007873535156
2020-06-01,74.02386474609375,142.39697265625
2020-06-02,74.08296966552734,143.47364807128906
2020-06-03,73.91413116455078,145.709716796875
2020-06-04,73.73683166503906,145.24957275390625
2020-06-05,73.7283935546875,148.97628784179688
2020-06-08,73.80436706542969,151.0006561279297
2020-06-09,73.85503387451172,149.62045288085938
2020-06-10,74.16738891601562,148.5070037841797
2020-06-11,74.03231048583984,139.74697875976562
2020-06-12,74.1082992553711,141.67929077148438
2020-06-15,74.2602310180664,143.19757080078125
2020-06-16,74.16738891601562,145.94894409179688
2020-06-17,74.18424224853516,145.24037170410156
2020-06-18,74.26869201660156,145.3599853515625
2020-06-19,74.29402160644531,144.54103088378906
2020-06-22,74.26869201660156,145.54400634765625
2020-06-23,74.23493957519531,146.11451721191406
2020-06-24,74.24337768554688,142.14859008789062
2020-06-25,74.3193130493164,143.86790466308594
2020-06-26,74.45441436767578,140.521728515625
2020-06-29,74.50507354736328,142.58309936523438
2020-06-30,74.58106231689453,144.69058227539062
2020-07-01,74.59963989257812,145.53179931640625
2020-07-02,74.71810913085938,146.11412048339844
2020-07-06,74.69271087646484,148.41578674316406
2020-07-07,74.81110382080078,146.90904235839844
2020-07-08,74.76880645751953,148.1107635498047
2020-07-09,74.9718246459961,147.1956329345703
2020-07-10,74.88723754882812,148.7762451171875
2020-07-13,74.92106628417969,147.1678924560547
2020-07-14,75.01412200927734,149.0998077392578
2020-07-15,75.02259063720703,150.94851684570312
2020-07-16,75.07329559326172,150.2738037109375
2020-07-17,75.1494369506836,150.84683227539062
2020-07-20,75.2255630493164,152.00230407714844
2020-07-21,75.26787567138672,152.43675231933594
2020-07-22,75.36935424804688,153.231689453125
2020-07-23,75.43700408935547,151.5586395263672
2020-07-24,75.42008209228516,150.3846893310547
2020-07-27,75.36935424804688,151.67877197265625
2020-07-28,75.4031753540039,150.56951904296875
2020-07-29,75.52161407470703,152.566162109375
2020-07-30,75.56389617919922,152.22412109375
2020-07-31,75.66537475585938,153.00057983398438
2020-08-03,75.63910675048828,154.33172607421875
2020-08-04,75.80011749267578,154.9418182373047
2020-08-05,75.69841003417969,156.0695343017578
2020-08-06,75.81707763671875,156.82749938964844
2020-08-07,75.73230743408203,156.9569091796875
2020-08-10,75.64759063720703,157.39138793945312
2020-08-11,75.38492584228516,156.1249542236328
2020-08-12,75.19005584716797,158.2140350341797
2020-08-13,74.94430541992188,158.0938720703125
2020-08-14,74.85961151123047,158.0476531982422
2020-08-17,74.9527816772461,158.72242736816406
2020-08-18,75.0544662475586,158.9627227783203
2020-08-19,74.92738342285156,158.3434600830078
2020-08-20,75.0544662475586,158.79635620117188
2020-08-21,75.2154541015625,159.19384765625
2020-08-24,75.1307373046875,160.7190704345703
2020-08-25,74.98670196533203,161.25518798828125
2020-08-26,74.94430541992188,162.71566772460938
2020-08-27,74.67317962646484,163.1039276123047
2020-08-28,74.73246765136719,164.24087524414062
2020-08-31,74.9527816772461,163.8711395263672
2020-09-01,75.15907287597656,165.32240295410156
2020-09-02,75.3203125,167.53163146972656
2020-09-03,75.32882690429688,161.7081298828125
2020-09-04,74.8874740600586,160.33082580566406
2020-09-08,74.9977798461914,155.82919311523438
2020-09-09,74.94686889648438,158.87957763671875
2020-09-10,74.96385192871094,156.2729034423828
2020-09-11,75.04024505615234,156.32833862304688
2020-09-14,75.04024505615234,158.76861572265625
2020-09-15,75.0826416015625,159.67454528808594
2020-09-16,75.065673828125,159.1476593017578
2020-09-17,75.065673828125,157.8350372314453
2020-09-18,74.98081970214844,156.3006134033203
2020-09-21,75.02322387695312,154.4149169921875
2020-09-22,75.04872131347656,155.94935607910156
2020-09-23,74.87895965576172,152.1871795654297
2020-09-24,74.8874740600586,152.51068115234375
2020-09-25,74.87895965576172,154.96478271484375
2020-09-28,74.94686889648438,157.77708435058594
2020-09-29,74.9977798461914,156.8953094482422
2020-09-30,74.87895965576172,158.07406616210938
2020-10-01,74.9554672241211,159.3920440673828
2020-10-02,74.90447998046875,158.14834594726562
2020-10-05,74.62387084960938,160.9977569580078
2020-10-06,74.72591400146484,159.0115203857422
2020-10-07,74.62387084960938,161.7866973876953
2020-10-08,74.75142669677734,163.20677185058594
2020-10-09,74.76841735839844,164.58041381835938
2020-10-12,74.87895965576172,167.02146911621094
2020-10-13,74.93848419189453,166.13975524902344
2020-10-14,74.98097229003906,165.0352020263672
2020-10-15,74.93848419189453,165.09092712402344
2020-10-16,74.87895965576172,164.79393005371094
2020-10-19,74.81092071533203,162.4364013671875
2020-10-20,74.68339538574219,163.00257873535156
2020-10-21,74.59837341308594,162.4457244873047
2020-10-22,74.4708480834961,163.59658813476562
2020-10-23,74.56436157226562,164.13491821289062
2020-10-26,74.67489624023438,161.1555633544922
2020-10-27,74.85345458984375,160.50582885742188
2020-10-28,74.75142669677734,155.1875
2020-10-29,74.58988952636719,156.6540069580078
2020-10-30,74.46234893798828,154.9925994873047
2020-11-02,74.5654067993164,156.60760498046875
2020-11-03,74.54839324951172,159.61476135253906
2020-11-04,75.05935668945312,163.09536743164062
2020-11-05,75.13603210449219,166.46461486816406
2020-11-06,74.96569061279297,166.3810577392578
2020-11-09,74.61652374267578,168.3580322265625
2020-11-10,74.47169494628906,168.07958984375
2020-11-11,74.52281951904297,169.4439697265625
2020-11-12,74.76981353759766,167.7733154296875
2020-11-13,74.79534912109375,170.14939880371094
2020-11-16,74.83793640136719,172.22848510742188
2020-11-17,74.96569061279297,171.838623046875
2020-11-18,75.05088806152344,170.01937866210938
2020-11-19,75.20419311523438,170.96612548828125
2020-11-20,75.27230072021484,170.06582641601562
2020-11-23,75.21268463134766,171.4580535888672
2020-11-24,75.13603210449219,174.11260986328125
2020-11-25,75.10197448730469,174.04763793945312
2020-11-27,75.2638168334961,174.6602325439453
2020-11-30,75.36599731445312,173.28651428222656
2020-12-01,75.13818359375,175.48629760742188
2020-12-02,75.01021575927734,175.634765625
2020-12-03,75.1552505493164,175.98744201660156
2020-12-04,74.95906829833984,177.7509765625
2020-12-07,75.06143188476562,177.55606079101562
2020-12-08,75.0870132446289,178.32644653320312
2020-12-09,74.95906829833984,176.57220458984375
2020-12-10,75.11262512207031,176.8321075439453
2020-12-11,75.2320556640625,176.51649475097656
2020-12-14,75.20646667480469,176.0153350830078
2020-12-15,75.2405776977539,178.4285125732422
2020-12-16,75.16378784179688,178.67909240722656
2020-12-17,75.18085479736328,180.08062744140625
2020-12-18,75.1552505493164,179.57015991210938
2020-12-21,75.16378784179688,179.0503692626953
2020-12-22,75.2832260131836,179.0874786376953
2020-12-23,75.19851684570312,179.393798828125
2020-12-24,75.32689666748047,179.69386291503906
2020-12-28,75.30121612548828,180.83087158203125
2020-12-29,75.32689666748047,180.07598876953125
2020-12-30,75.37824249267578,180.56060791015625
2020-12-31,75.48094177246094,181.38998413085938
2021-01-04,75.37824249267578,178.80857849121094
2021-01-05,75.2498550415039,180.25302124023438
2021-01-06,74.91603088378906,181.87460327148438
2021-01-07,74.7619857788086,184.79151916503906
2021-01-08,74.69352722167969,185.68612670898438
2021-01-11,74.61653900146484,184.57716369628906
2021-01-12,74.59941101074219,185.2294921875
2021-01-13,74.79621887207031,185.43455505371094
2021-01-14,74.70211029052734,185.2574462890625
2021-01-15,74.7619857788086,183.64524841308594
2021-01-19,74.86473846435547,185.32269287109375
2021-01-20,74.85614776611328,187.66184997558594
2021-01-21,74.7534408569336,187.5220947265625
2021-01-22,74.78768157958984,187.21450805664062
2021-01-25,74.95887756347656,187.7457275390625
2021-01-26,74.95030212402344,187.06541442871094
2021-01-27,74.95030212402344,182.5735321044922
2021-01-28,74.890380859375,184.00869750976562
2021-01-29,74.83047485351562,180.78419494628906
2021-02-01,74.85533905029297,183.86888122558594
2021-02-02,74.76104736328125,186.50624084472656
2021-02-03,74.63245391845703,186.7858123779297
2021-02-04,74.64958190917969,189.15292358398438
2021-02-05,74.5467300415039,190.21531677246094
2021-02-08,74.63245391845703,191.9207305908203
2021-02-09,74.59814453125,191.9952392578125
2021-02-10,74.71820068359375,191.9114227294922
2021-02-11,74.64100646972656,192.36805725097656
2021-02-12,74.44383239746094,193.3651885986328
2021-02-16,74.0923843383789,193.02040100097656
2021-02-17,74.2466812133789,192.6197052001953
2021-02-18,74.20379638671875,191.5106964111328
2021-02-19,73.94661712646484,191.94871520996094
2021-02-22,73.74087524414062,190.1221160888672
2021-02-23,73.72377014160156,190.09420776367188
2021-02-24,73.68087005615234,192.22828674316406
2021-02-25,73.03797912597656,187.20518493652344
2021-02-26,73.67233276367188,186.45965576171875
2021-03-01,73.57703399658203,191.249755859375
2021-03-02,73.56843566894531,189.4510955810547
2021-03-03,73.33666229248047,186.72064208984375
2021-03-04,73.1048355102539,183.7664337158203
2021-03-05,73.0618896484375,187.08404541015625
2021-03-08,72.72704315185547,186.17080688476562
2021-03-09,72.96746826171875,189.0597381591797
2021-03-10,73.1048355102539,190.4110107421875
2021-03-11,73.11344146728516,192.8992462158203
2021-03-12,72.67559051513672,193.2813262939453
2021-03-15,72.76141357421875,194.63262939453125
2021-03-16,72.75281524658203,193.84982299804688
2021-03-17,72.72704315185547,194.58607482910156
2021-03-18,72.42662048339844,191.04469299316406
2021-03-19,72.48670196533203,191.28704833984375
2021-03-22,72.69273376464844,192.3214569091797
2021-03-23,72.8558578491211,190.13145446777344
2021-03-24,72.96746826171875,188.55650329589844
2021-03-25,72.91596984863281,189.95156860351562
2021-03-26,72.78715515136719,193.0558624267578
2021-03-29,72.69273376464844,192.14881896972656
2021-03-30,72.76998138427734,192.09278869628906
2021-03-31,72.73567962646484,193.26158142089844
2021-04-01,72.96971130371094,195.68331909179688
2021-04-05,72.85784149169922,197.9647979736328
2021-04-06,73.11598205566406,198.03958129882812
2021-04-07,73.02992248535156,197.8712615966797
2021-04-08,73.19342803955078,199.02133178710938
2021-04-09,73.09876251220703,200.2275390625
2021-04-12,73.08158874511719,200.2836151123047
2021-04-13,73.2708740234375,200.8446807861328
2021-04-14,73.21927642822266,200.39584350585938
2021-04-15,73.52904510498047,202.5277099609375
2021-04-16,73.33110046386719,203.04197692871094
2021-04-19,73.28809356689453,201.71424865722656
2021-04-20,73.40855407714844,199.86289978027344
2021-04-21,73.48600769042969,202.24722290039062
2021-04-22,73.52042388916016,200.66702270507812
2021-04-23,73.52904510498047,203.09808349609375
2021-04-26,73.47743225097656,203.83676147460938
2021-04-27,73.28809356689453,203.7432403564453
2021-04-28,73.32251739501953,203.71519470214844
2021-04-29,73.26228332519531,204.49130249023438
2021-04-30,73.36551666259766,202.99526977539062
2021-05-03,73.38361358642578,203.3505401611328
2021-05-04,73.47842407226562,201.82643127441406
2021-05-05,73.52151489257812,201.7890167236328
2021-05-06,73.5560073852539,202.8175811767578
2021-05-07,73.56462097167969,204.5380401611328
2021-05-10,73.39225769042969,202.135009765625
2021-05-11,73.2457504272461,200.508056640625
2021-05-12,72.98719787597656,195.99185180664062
2021-05-13,73.13367462158203,198.1517791748047
2021-05-14,73.3060531616211,201.5365753173828
2021-05-17,73.23715209960938,201.1064910888672
2021-05-18,73.15955352783203,199.53561401367188
2021-05-19,73.08199310302734,198.95590209960938
2021-05-20,73.32331848144531,201.11578369140625
2021-05-21,73.3405532836914,201.0036163330078
2021-05-24,73.42671966552734,203.03265380859375
2021-05-25,73.61630249023438,202.47161865234375
2021-05-26,73.59048461914062,203.20095825195312
2021-05-27,73.48705291748047,203.57493591308594
2021-05-28,73.47842407226562,203.92088317871094
2021-06-01,73.47325897216797,204.0050811767578
2021-06-02,73.55095672607422,204.27621459960938
2021-06-03,73.4128189086914,203.36924743652344
2021-06-04,73.70629119873047,205.136474609375
2021-06-07,73.6545181274414,205.3047637939453
2021-06-08,73.79261016845703,205.72549438476562
2021-06-09,73.93936157226562,205.14578247070312
2021-06-10,74.09477996826172,206.0527801513672
2021-06-11,74.07747650146484,206.6605682373047
2021-06-14,73.8875732421875,206.97848510742188
2021-06-15,73.8875732421875,206.43614196777344
2021-06-16,73.68041229248047,205.40760803222656
2021-06-17,73.93075561523438,205.2112579345703
2021-06-18,74.16378021240234,202.66798400878906
2021-06-21,73.90483093261719,205.4637451171875
2021-06-22,74.00843048095703,206.6324920654297
2021-06-23,73.95661163330078,206.54833984375
2021-06-24,73.99116516113281,207.95053100585938
2021-06-25,73.85307312011719,208.7289581298828
2021-06-28,74.05157470703125,208.96343994140625
2021-06-29,74.08611297607422,208.9728240966797
2021-06-30,74.13789367675781,208.98220825195312
2021-07-01,74.13098907470703,210.11703491210938
2021-07-02,74.26066589355469,211.28005981445312
2021-07-06,74.5286636352539,210.8204803466797
2021-07-07,74.68424987792969,211.10182189941406
2021-07-08,74.75342559814453,209.31982421875
2021-07-09,74.52000427246094,211.85215759277344
2021-07-12,74.49407196044922,212.4429931640625
2021-07-13,74.26066589355469,211.26126098632812
2021-07-14,74.51134490966797,210.9705352783203
2021-07-15,74.69290161132812,210.22958374023438
2021-07-16,74.62373352050781,208.57891845703125
2021-07-19,75.04735565185547,205.61514282226562
2021-07-20,74.96955108642578,209.16978454589844
2021-07-21,74.72749328613281,211.04559326171875
2021-07-22,74.89175415039062,211.22378540039062
2021-07-23,74.8052749633789,213.33401489257812
2021-07-26,74.7620620727539,213.7654571533203
2021-07-27,74.95223999023438,212.61184692382812
2021-07-28,75.02140045166016,212.9401092529297
2021-07-29,74.89175415039062,213.8780059814453
2021-07-30,75.00414276123047,212.61184692382812
2021-08-02,75.18250274658203,212.31173706054688
2021-08-03,75.19981384277344,213.8311767578125
2021-08-04,75.19981384277344,212.8744354248047
2021-08-05,75.02664947509766,214.3938751220703
2021-08-06,74.67166137695312,214.656494140625
2021-08-09,74.53311157226562,214.57208251953125
2021-08-10,74.42053985595703,214.7127685546875
2021-08-11,74.47248840332031,215.13479614257812
2021-08-12,74.48112487792969,215.7350616455078
2021-08-13,74.77555847167969,215.85699462890625
2021-08-16,74.8448257446289,215.94139099121094
2021-08-17,74.76687622070312,214.3376007080078
2021-08-18,74.74956512451172,212.19918823242188
2021-08-19,74.9140853881836,212.0397186279297
2021-08-20,74.89676666259766,213.94366455078125
2021-08-23,74.9140853881836,216.01641845703125
2021-08-24,74.76687622070312,216.78546142578125
2021-08-25,74.64569091796875,217.40455627441406
2021-08-26,74.65433502197266,215.95077514648438
2021-08-27,74.87080383300781,218.2767333984375
2021-08-30,74.95734405517578,219.10211181640625
2021-08-31,74.86211395263672,218.6894073486328
2021-09-01,74.87510681152344,219.073974609375
2021-09-02,74.97919464111328,219.81488037109375
2021-09-03,74.82307434082031,219.73988342285156
2021-09-07,74.60631561279297,218.79258728027344
2021-09-08,74.72770690917969,218.2767333984375
2021-09-09,74.99655151367188,217.51705932617188
2021-09-10,74.81440734863281,215.79132080078125
2021-09-13,74.92716217041016,216.2790069580078
2021-09-14,75.10929870605469,214.97537231445312
2021-09-15,75.0398941040039,216.7479705810547
2021-09-16,74.90116119384766,216.551025390625
2021-09-17,74.80575561523438,214.81591796875
2021-09-20,75.01390838623047,211.09246826171875
2021-09-21,74.99655151367188,211.07371520996094
2021-09-22,75.07456970214844,213.20274353027344
2021-09-23,74.67570495605469,215.8006591796875
2021-09-24,74.51956939697266,216.0585174560547
2021-09-27,74.4328384399414,215.58804321289062
2021-09-28,74.11198425292969,211.07196044921875
2021-09-29,74.12066650390625,211.21311950683594
2021-09-30,74.10332489013672,208.92678833007812
2021-10-01,74.35517883300781,211.8058319091797
2021-10-04,74.30307006835938,208.6163330078125
2021-10-05,74.12069702148438,210.56393432617188
2021-10-06,74.1554183959961,211.4388885498047
2021-10-07,73.94694519042969,213.47113037109375
2021-10-08,73.76458740234375,213.00071716308594
2021-10-11,73.65167999267578,211.46710205078125
2021-10-12,73.9209213256836,211.3166046142578
2021-10-13,74.12069702148438,212.27627563476562
2021-10-14,74.2509765625,215.80445861816406
2021-10-15,74.06856536865234,217.08404541015625
2021-10-18,74.02513122558594,217.87432861328125
2021-10-19,73.81668090820312,219.4644317626953
2021-10-20,73.7298355102539,220.3206024169922
2021-10-21,73.6256332397461,220.9227294921875
2021-10-22,73.78194427490234,220.49932861328125
2021-10-25,73.81668090820312,221.85421752929688
2021-10-26,73.96434783935547,221.76951599121094
2021-10-27,74.23359680175781,220.25474548339844
2021-10-28,74.13807678222656,222.60684204101562
2021-10-29,74.1554183959961,222.89854431152344
2021-11-01,74.0979995727539,224.00872802734375
2021-11-02,74.23719024658203,224.70498657226562
2021-11-03,74.1067123413086,226.29502868652344
2021-11-04,74.44598388671875,227.15121459960938
2021-11-05,74.6721420288086,228.02622985839844
2021-11-08,74.50687408447266,228.40255737304688
2021-11-09,74.71565246582031,227.7439727783203
2021-11-10,74.21112060546875,225.50469970703125
2021-11-11,74.08929443359375,225.77755737304688
2021-11-12,74.0979995727539,227.4522705078125
2021-11-15,73.7935562133789,227.4522705078125
2021-11-16,73.74134063720703,228.43077087402344
2021-11-17,73.89791870117188,227.48992919921875
2021-11-18,73.98493957519531,227.84744262695312
2021-11-19,74.1415023803711,227.1982421875
2021-11-22,73.7761459350586,226.10687255859375
2021-11-23,73.48040008544922,226.18212890625
2021-11-24,73.65437316894531,226.9442138671875
2021-11-26,74.1762924194336,222.032958984375
2021-11-29,74.16761779785156,224.12168884277344
2021-11-30,74.3067855834961,219.6431427001953
2021-12-01,74.3547134399414,216.54774475097656
2021-12-02,74.36341857910156,220.06654357910156
2021-12-03,74.6509017944336,217.51686096191406
2021-12-06,74.45055389404297,220.31117248535156
2021-12-07,74.28502655029297,225.0248565673828
2021-12-08,74.0584716796875,225.9939422607422
2021-12-09,74.09334564208984,223.83938598632812
2021-12-10,74.11946105957031,225.36355590820312
2021-12-13,74.37215423583984,223.31251525878906
2021-12-14,74.25011444091797,221.63780212402344
2021-12-15,74.15430450439453,225.05308532714844
2021-12-16,74.25011444091797,222.53160095214844
2021-12-17,74.38087463378906,221.5155029296875
2021-12-20,74.25887298583984,218.4012451171875
2021-12-21,74.18045043945312,222.68215942382812
2021-12-22,74.25887298583984,224.8837127685547
2021-12-23,74.14612579345703,226.43617248535156
2021-12-27,74.18109893798828,229.4095458984375
2021-12-28,74.1723403930664,228.93743896484375
2021-12-29,73.9276123046875,229.06959533691406
2021-12-30,74.09369659423828,228.7013702392578
2021-12-31,74.07620239257812,227.97430419921875
2022-01-03,73.57796478271484,229.4189910888672
2022-01-04,73.56925201416016,228.98463439941406
2022-01-05,73.31573486328125,224.01797485351562
2022-01-06,73.23711395263672,223.9613494873047
2022-01-07,73.0360336303711,222.9415740966797
2022-01-10,72.974853515625,222.554443359375
2022-01-11,73.12345123291016,224.7733612060547
2022-01-12,73.09723663330078,225.12277221679688
2022-01-13,73.2196044921875,221.82737731933594
2022-01-14,72.81754302978516,221.91238403320312
2022-01-18,72.363037109375,217.59722900390625
2022-01-19,72.53784942626953,215.3122100830078
2022-01-20,72.61650085449219,212.80055236816406
2022-01-21,72.88746643066406,208.58929443359375
2022-01-24,72.77385711669922,209.9301300048828
2022-01-25,72.67768859863281,206.9935760498047
2022-01-26,72.27562713623047,206.1909637451172
2022-01-27,72.51163482666016,204.66128540039062
2022-01-28,72.5990219116211,209.7034912109375
2022-01-31,72.5466079711914,214.16026306152344
2022-02-01,72.51769256591797,215.7937469482422
2022-02-02,72.62274169921875,217.2195587158203
2022-02-03,72.31633758544922,212.0546417236328
2022-02-04,71.86981201171875,213.46153259277344
2022-02-07,71.93112182617188,212.92330932617188
2022-02-08,71.69474029541016,214.87786865234375
2022-02-09,71.74725341796875,218.3715057373047
2022-02-10,71.09061431884766,214.67013549804688
2022-02-11,71.55465698242188,210.506103515625
2022-02-14,71.15192413330078,209.73182678222656
2022-02-15,71.0030746459961,213.46153259277344
2022-02-16,71.09938049316406,213.65982055664062
2022-02-17,71.2569808959961,208.8064727783203
2022-02-18,71.37957763671875,207.13519287109375
2022-02-22,71.33577728271484,204.75572204589844
2022-02-23,70.97679901123047,200.98826599121094
2022-02-24,71.13441467285156,204.51022338867188
2022-02-25,71.1956787109375,209.06143188476562
2022-02-28,71.72100830078125,208.83480834960938
2022-03-01,72.09716796875,205.57720947265625
2022-03-02,71.2115249633789,209.47691345214844
2022-03-03,71.5272216796875,207.8811492919922
2022-03-04,71.78150177001953,205.8038787841797
2022-03-07,71.43077087402344,199.45860290527344
2022-03-08,71.09752655029297,198.3350067138672
2022-03-09,70.90462493896484,203.83984375
2022-03-10,70.5275650024414,202.92391967773438
2022-03-11,70.47494506835938,200.16677856445312
2022-03-14,69.8260498046875,198.19334411621094
2022-03-15,69.94007110595703,202.32907104492188
2022-03-16,70.0452651977539,207.39015197753906
2022-03-17,70.10663604736328,210.16615295410156
2022-03-18,70.30831909179688,212.62115478515625
2022-03-21,69.58930969238281,212.42288208007812
2022-03-22,69.41393280029297,215.02891540527344
2022-03-23,69.72958374023438,212.10023498535156
2022-03-24,69.6418685913086,215.12176513671875
2022-03-25,69.02810668945312,216.04051208496094
2022-03-28,69.22977447509766,217.44232177734375
2022-03-29,69.53669738769531,220.73851013183594
2022-03-30,69.69452667236328,218.9483184814453
2022-03-31,69.74713897705078,215.6427001953125
2022-04-01,69.59593963623047,216.504638671875
2022-04-04,69.64867401123047,218.34213256835938
2022-04-05,68.94541931152344,215.15016174316406
2022-04-06,68.73442077636719,212.6780548095703
2022-04-07,68.59378814697266,213.48313903808594
2022-04-08,68.22457122802734,212.82012939453125
2022-04-11,67.90811157226562,209.4955291748047
2022-04-12,68.12789916992188,208.85145568847656
2022-04-13,68.20700073242188,211.58880615234375
2022-04-14,67.74109649658203,209.0124969482422
2022-04-18,67.52130889892578,208.65257263183594
2022-04-19,67.09937286376953,212.32760620117188
2022-04-20,67.52130889892578,212.05291748046875
2022-04-21,67.16089630126953,208.58627319335938
2022-04-22,67.072998046875,202.9032440185547
2022-04-25,67.49496459960938,204.01144409179688
2022-04-26,67.67078399658203,198.19578552246094
2022-04-27,67.45978546142578,198.58413696289062
2022-04-28,67.4334487915039,203.4241943359375
2022-04-29,66.9763412475586,195.9510040283203
2022-05-02,66.63372039794922,197.4285888671875
2022-05-03,66.7922592163086,198.36624145507812
2022-05-04,67.22379302978516,204.18194580078125
2022-05-05,66.5544662475586,196.65191650390625
2022-05-06,66.27263641357422,195.0701141357422
2022-05-09,66.5720443725586,188.15574645996094
2022-05-10,66.76582336425781,188.53466796875
2022-05-11,66.99480438232422,185.12481689453125
2022-05-12,67.1269302368164,185.32371520996094
2022-05-13,66.88031005859375,190.2869110107422
2022-05-16,66.9859848022461,189.3491973876953
2022-05-17,66.58969116210938,193.3936309814453
2022-05-18,66.87151336669922,185.82571411132812
2022-05-19,67.01243591308594,185.00169372558594
2022-05-20,67.21498107910156,185.00169372558594
2022-05-23,66.97718811035156,188.1652374267578
2022-05-24,67.52320861816406,186.2803497314453
2022-05-25,67.79624938964844,188.3546600341797
2022-05-26,67.72579956054688,192.2096405029297
2022-05-27,67.9195556640625,197.07810974121094
2022-05-31,67.53204345703125,195.45848083496094
2022-06-01,67.23027038574219,194.17030334472656
2022-06-02,67.2920150756836,198.12948608398438
2022-06-03,67.1949462890625,194.96591186523438
2022-06-06,66.79788970947266,195.54368591308594
2022-06-07,67.02729034423828,197.6654052734375
2022-06-08,66.7537612915039,195.44900512695312
2022-06-09,66.66551208496094,190.7699737548828
2022-06-10,66.10078430175781,185.10585021972656
2022-06-13,65.03307342529297,177.5474090576172
2022-06-14,64.68010711669922,177.04544067382812
2022-06-15,65.42133331298828,179.6217498779297
2022-06-16,65.56251525878906,173.3514862060547
2022-06-17,65.59778594970703,174.00503540039062
2022-06-21,65.29779815673828,178.21990966796875
2022-06-22,65.8360366821289,178.1915283203125
2022-06-23,66.15373229980469,179.8071746826172
2022-06-24,66.03018188476562,185.6175537109375
2022-06-27,65.7125473022461,185.04698181152344
2022-06-28,65.7478256225586,181.23365783691406
2022-06-29,66.12724304199219,180.9293212890625
2022-06-30,66.40959930419922,179.36973571777344
2022-07-01,66.9392318725586,181.2621612548828
2022-07-05,67.05415344238281,181.9088134765625
2022-07-06,66.64747619628906,182.2701873779297
2022-07-07,66.46178436279297,185.2752227783203
2022-07-08,66.24075317382812,185.08499145507812
2022-07-11,66.48828887939453,182.7456512451172
2022-07-12,66.60326385498047,181.16708374023438
2022-07-13,66.81543731689453,180.3777618408203
2022-07-14,66.60326385498047,179.57896423339844
2022-07-15,66.84195709228516,183.06898498535156
2022-07-18,66.63862609863281,181.80418395996094
2022-07-19,66.5855484008789,186.88232421875
2022-07-20,66.5236587524414,188.39434814453125
2022-07-21,67.07183837890625,190.25827026367188
2022-07-22,67.6200180053711,188.19464111328125
2022-07-25,67.3724594116211,188.45140075683594
2022-07-26,67.39016723632812,186.12155151367188
2022-07-27,67.5758056640625,191.0094757080078
2022-07-28,68.0444107055664,193.5010223388672
2022-07-29,67.99138641357422,196.13516235351562
2022-08-01,68.2863998413086,195.67868041992188
2022-08-02,67.59537506103516,194.6231231689453
2022-08-03,67.93199157714844,197.75180053710938
2022-08-04,68.100341796875,197.5615997314453
2022-08-05,67.32958984375,197.49501037597656
2022-08-08,67.63076782226562,197.6757049560547
2022-08-09,67.48019409179688,196.42994689941406
2022-08-10,67.66622924804688,200.90895080566406
2022-08-11,67.28531646728516,200.91847229003906
2022-08-12,67.59537506103516,204.39898681640625
2022-08-15,67.66622924804688,205.19776916503906
2022-08-16,67.57764434814453,205.63523864746094
2022-08-17,67.1789779663086,203.79031372070312
2022-08-18,67.30304718017578,204.32290649414062
2022-08-19,66.8777847290039,201.40342712402344
2022-08-22,66.57657623291016,197.09561157226562
2022-08-23,66.54997253417969,196.72474670410156
2022-08-24,66.38167572021484,197.55209350585938
2022-08-25,66.7448959350586,200.4145050048828
2022-08-26,66.61198425292969,193.77679443359375
2022-08-29,66.31079864501953,192.35984802246094
2022-08-30,66.36395263671875,190.22018432617188
2022-08-31,66.08928680419922,188.822265625
2022-09-01,65.73062896728516,188.9364013671875
2022-09-02,65.89933013916016,187.06298828125
2022-09-06,65.30452728271484,186.30221557617188
2022-09-07,65.7750473022461,189.7447052001953
2022-09-08,65.57085418701172,191.24722290039062
2022-09-09,65.5442123413086,194.4234161376953
2022-09-12,65.46430969238281,196.51551818847656
2022-09-13,65.13585662841797,188.07101440429688
2022-09-14,65.21577453613281,188.80323791503906
2022-09-15,65.02044677734375,186.7872314453125
2022-09-16,64.94940948486328,185.08499145507812
2022-09-19,64.90503692626953,186.3972930908203
2022-09-20,64.58541107177734,184.22915649414062
2022-09-21,64.7629623413086,181.0814666748047
2022-09-22,64.09716796875,179.05593872070312
2022-09-23,63.919612884521484,175.9674835205078
2022-09-26,63.102848052978516,174.03839111328125
2022-09-27,62.827632904052734,173.78054809570312
2022-09-28,63.80419158935547,177.4381561279297
2022-09-29,63.47569274902344,173.75189208984375
2022-09-30,63.32477569580078,171.39305114746094
2022-10-03,63.855064392089844,175.747802734375
2022-10-04,64.01519012451172,181.39187622070312
2022-10-05,63.67711639404297,181.0480499267578
2022-10-06,63.43688201904297,179.31951904296875
2022-10-07,63.10768508911133,174.19117736816406
2022-10-10,62.8230094909668,172.8064422607422
2022-10-11,62.84077072143555,171.69863891601562
2022-10-12,62.91194534301758,171.230712890625
2022-10-13,62.689517974853516,175.4804229736328
2022-10-14,62.387027740478516,171.3452911376953
2022-10-17,62.52045440673828,175.9197235107422
2022-10-18,62.66281509399414,178.0684356689453
2022-10-19,62.14678192138672,176.55003356933594
2022-10-20,61.72861862182617,175.02203369140625
2022-10-21,61.83537673950195,179.0521240234375
2022-10-24,61.74642562866211,180.98118591308594
2022-10-25,62.33361053466797,184.2568359375
2022-10-26,62.58278274536133,183.12039184570312
2022-10-27,62.91194534301758,182.26089477539062
2022-10-28,62.787376403808594,186.50106811523438
2022-10-31,62.5916748046875,185.29779052734375
2022-11-01,62.656761169433594,184.7247772216797
2022-11-02,62.55866622924805,179.86386108398438
2022-11-03,62.31787109375,178.14486694335938
2022-11-04,62.33572006225586,180.4368438720703
2022-11-07,62.09491729736328,182.07943725585938
2022-11-08,62.37140655517578,183.03443908691406
2022-11-09,62.46059799194336,179.09030151367188
2022-11-10,63.75366973876953,189.22279357910156
2022-11-11,63.75366973876953,191.1519012451172
2022-11-14,63.54854202270508,189.42340087890625
2022-11-15,63.99445724487305,191.34292602539062
2022-11-16,64.36006164550781,189.3947296142578
2022-11-17,64.09252166748047,188.60206604003906
2022-11-18,63.985504150390625,189.49024963378906
2022-11-21,63.985504150390625,188.68801879882812
2022-11-22,64.31548309326172,191.16143798828125
2022-11-23,64.70785522460938,192.32655334472656
2022-11-25,64.70785522460938,192.4697723388672
2022-11-28,64.62761688232422,189.3469696044922
2022-11-29,64.38683319091797,189.05091857910156
2022-11-30,64.88626098632812,194.8763885498047
2022-12-01,65.42699432373047,194.990966796875
2022-12-02,65.69510650634766,194.80953979492188
2022-12-05,65.17671203613281,190.9800262451172
2022-12-06,65.39122009277344,188.1150360107422
2022-12-07,65.9632797241211,187.80943298339844
2022-12-08,65.77557373046875,189.43289184570312
2022-12-09,65.39122009277344,187.84762573242188
2022-12-12,65.39122009277344,190.5502471923828
2022-12-13,65.83812713623047,191.9732208251953
2022-12-14,65.9990234375,190.9036102294922
2022-12-15,66.0347900390625,186.14773559570312
2022-12-16,65.86494445800781,184.01809692382812
2022-12-19,65.4716796875,182.16542053222656
2022-12-20,65.04264068603516,182.54736328125
2022-12-21,65.19457244873047,185.30734252929688
2022-12-22,65.18561553955078,182.67898559570312
2022-12-23,64.98136138916016,183.68658447265625
2022-12-27,64.47964477539062,182.9188995361328
2022-12-28,64.39006805419922,180.61587524414062
2022-12-29,64.63198852539062,183.9360809326172
2022-12-30,64.3631820678711,183.46588134765625
2023-01-03,64.70365905761719,182.7173614501953
2023-01-04,65.07097625732422,184.33909606933594
2023-01-05,64.99929809570312,182.18002319335938
2023-01-06,65.71605682373047,186.2007293701172
2023-01-09,65.8952407836914,186.2775115966797
2023-01-10,65.63539123535156,187.7456817626953
2023-01-11,65.98480224609375,190.22142028808594
2023-01-12,66.49549865722656,191.14268493652344
2023-01-13,66.27151489257812,191.9583282470703
2023-01-17,66.18193817138672,191.69923400878906
2023-01-18,66.79112243652344,188.67649841308594
2023-01-19,66.65674591064453,187.14112854003906
2023-01-20,66.36109924316406,190.7300262451172
2023-01-23,66.19982147216797,193.1482391357422
2023-01-24,66.49549865722656,192.83155822753906
2023-01-25,66.57611846923828,192.92750549316406
2023-01-26,66.4507064819336,194.9138946533203
2023-01-27,66.37901306152344,195.7007598876953
2023-01-30,66.1908950805664,193.08108520507812
2023-01-31,66.49549865722656,196.17095947265625
2023-02-01,66.92295837402344,198.5603485107422
2023-02-02,66.9678726196289,201.52552795410156
2023-02-03,66.37516784667969,199.4431915283203
2023-02-06,65.96207427978516,197.9462127685547
2023-02-07,65.87225341796875,200.44119262695312
2023-02-08,65.98898315429688,198.30126953125
2023-02-09,65.7195816040039,196.37246704101562
2023-02-10,65.4411849975586,196.7275390625
2023-02-13,65.62078094482422,199.06893920898438
2023-02-14,65.39627075195312,199.145751953125
2023-02-15,65.2525634765625,200.03814697265625
2023-02-16,65.00110626220703,197.37046813964844
2023-02-17,65.14481353759766,196.7947235107422
2023-02-21,64.57904052734375,192.7164306640625
2023-02-22,64.72274780273438,192.55328369140625
2023-02-23,64.95620727539062,193.58004760742188
2023-02-24,64.59701538085938,191.42091369628906
2023-02-27,64.70475769042969,192.10226440429688
2023-02-28,64.72274780273438,191.45933532714844
2023-03-01,64.33929443359375,191.91993713378906
2023-03-02,64.20426940917969,192.21742248535156
2023-03-03,64.6993179321289,195.34571838378906
2023-03-06,64.54633331298828,195.08660888671875
2023-03-07,64.47428894042969,192.1790313720703
2023-03-08,64.4203109741211,192.42852783203125
2023-03-09,64.63632202148438,188.62852478027344
2023-03-10,65.41039276123047,185.45223999023438
2023-03-13,65.9324722290039,184.68455505371094
2023-03-14,65.51842498779297,187.97598266601562
2023-03-15,66.1935043334961,186.5269775390625
2023-03-16,65.87847137451172,189.7512664794922
2023-03-17,66.35551452636719,187.3042755126953
2023-03-20,66.0675048828125,188.93557739257812
2023-03-21,65.8874740600586,191.63204956054688
2023-03-22,66.47252655029297,188.20628356933594
2023-03-23,66.62555694580078,188.54925537109375
2023-03-24,66.76058197021484,189.73431396484375
2023-03-27,66.0675048828125,190.21604919433594
2023-03-28,65.95048522949219,189.94631958007812
2023-03-29,66.02247619628906,192.68251037597656
2023-03-30,66.11251068115234,193.7230682373047
2023-03-31,66.45453643798828,196.64236450195312
2023-04-03,66.73695373535156,197.16261291503906
2023-04-04,67.00764465332031,195.84266662597656
2023-04-05,67.18814849853516,195.1297149658203
2023-04-06,67.17008972167969,195.77520751953125
2023-04-10,66.71891021728516,196.2184295654297
2023-04-11,66.7459945678711,196.42076110839844
2023-04-12,66.81817626953125,195.59217834472656
2023-04-13,66.78208923339844,198.13571166992188
2023-04-14,66.48430633544922,197.5865478515625
2023-04-17,66.12335968017578,198.37660217285156
2023-04-18,66.22261047363281,198.47291564941406
2023-04-19,66.13237762451172,198.5692901611328
2023-04-20,66.42113494873047,197.3360595703125
2023-04-21,66.3038330078125,197.50946044921875
2023-04-24,66.56552124023438,197.5865478515625
2023-04-25,66.9986572265625,194.29148864746094
2023-04-26,66.7640151977539,193.4147491455078
2023-04-27,66.47528076171875,197.0469970703125
2023-04-28,66.84524536132812,198.76197814941406
2023-05-01,66.15778350830078,198.66561889648438
2023-05-02,66.80904388427734,196.2377166748047
2023-05-03,67.0894775390625,195.09117126464844
2023-05-04,66.99901580810547,193.63636779785156
2023-05-05,66.75479888916016,197.21078491210938
2023-05-08,66.43818664550781,197.4227294921875
2023-05-09,66.3658218383789,196.6134490966797
2023-05-10,66.77288818359375,197.48056030273438
2023-05-11,66.9899673461914,197.22042846679688
2023-05-12,66.63719940185547,196.75796508789062
2023-05-15,66.46533203125,197.59619140625
2023-05-16,66.3025131225586,196.0642852783203
2023-05-17,66.18492126464844,198.6078338623047
2023-05-18,65.91357421875,200.5828857421875
2023-05-19,65.73265838623047,200.1011505126953
2023-05-22,65.71456146240234,200.44802856445312
2023-05-23,65.7597885131836,198.32838439941406
2023-05-24,65.57891082763672,196.7965087890625
2023-05-25,65.33465576171875,198.13571166992188
2023-05-26,65.41606903076172,200.7467041015625
2023-05-30,65.8502426147461,200.81414794921875
2023-05-31,66.06732940673828,199.60980224609375
2023-06-01,66.2459945678711,201.6041717529297
2023-06-02,65.87419128417969,204.93775939941406
2023-06-05,65.88323974609375,204.39820861816406
2023-06-06,65.97391510009766,205.33277893066406
2023-06-07,65.60214233398438,204.92811584472656
2023-06-08,65.92857360839844,205.89154052734375
2023-06-09,65.79255676269531,206.11317443847656
2023-06-12,65.92857360839844,207.96304321289062
2023-06-13,65.63838958740234,209.4949188232422
2023-06-14,65.69279479980469,209.4949188232422
2023-06-15,66.10089111328125,212.04808044433594
2023-06-16,65.95579528808594,211.2483673095703
2023-06-20,66.0464859008789,210.20787048339844
2023-06-21,66.1552963256836,209.05172729492188
2023-06-22,65.8379135131836,209.61053466796875
2023-06-23,66.0283432006836,207.87643432617188
2023-06-26,66.10997009277344,207.15110778808594
2023-06-27,65.9830093383789,209.67532348632812
2023-06-28,66.19157409667969,209.8494110107422
2023-06-29,65.69279479980469,210.85520935058594
2023-06-30,65.91951751708984,213.04095458984375
2023-07-03,65.73223114013672,213.6792755126953
2023-07-05,65.45950317382812,213.03126525878906
2023-07-06,65.041259765625,211.1356964111328
2023-07-07,65.00489807128906,210.8745880126953
2023-07-10,65.23218536376953,211.79335021972656
2023-07-11,65.36860656738281,213.45684814453125
2023-07-12,65.88677215576172,215.09130859375
2023-07-13,66.28682708740234,216.90951538085938
2023-07-14,65.97769927978516,216.59034729003906
2023-07-17,66.05043029785156,217.41241455078125
2023-07-18,66.13226318359375,219.14356994628906
2023-07-19,66.28682708740234,219.71420288085938
2023-07-20,65.97769927978516,218.1280975341797
2023-07-21,66.0231704711914,218.1087646484375
2023-07-24,65.91407775878906,218.8824462890625
2023-07-25,65.84133911132812,219.4337158203125
2023-07-26,66.05953216552734,219.59814453125
2023-07-27,65.49581909179688,217.90565490722656
2023-07-28,65.72314453125,220.17843627929688
2023-07-31,65.84133911132812,220.8457489013672
2023-08-01,65.43384552001953,220.2461395263672
2023-08-02,65.22418975830078,217.12228393554688
2023-08-03,64.82306671142578,216.49362182617188
2023-08-04,65.36093139648438,215.57484436035156
2023-08-07,65.26065063476562,217.2286834716797
2023-08-08,65.49764251708984,216.22283935546875
2023-08-09,65.5158920288086,214.67543029785156
2023-08-10,65.15126037597656,214.71409606933594
2023-08-11,64.94158935546875,214.51100158691406
2023-08-14,64.85955047607422,215.57484436035156
2023-08-15,64.71368408203125,213.1280059814453
2023-08-16,64.53135681152344,211.36782836914062
2023-08-17,64.46757507324219,209.6366424560547
2023-08-18,64.60430145263672,209.87841796875
2023-08-21,64.29435729980469,211.0873260498047
2023-08-22,64.37641906738281,210.5264129638672
2023-08-23,64.95983123779297,212.8281707763672
2023-08-24,64.80484008789062,209.9751434326172
2023-08-25,64.80484008789062,211.406494140625
2023-08-28,64.92334747314453,212.76046752929688
2023-08-29,65.32447052001953,215.85533142089844
2023-08-30,65.29708862304688,216.81280517578125
2023-08-31,65.406494140625,216.58070373535156
2023-09-01,65.09203338623047,217.29635620117188
2023-09-05,64.73556518554688,216.00042724609375
2023-09-06,64.66243743896484,214.64642333984375
2023-09-07,64.88182830810547,213.911376953125
2023-09-08,64.90010833740234,214.1434783935547
2023-09-11,64.79952239990234,215.48780822753906
2023-09-12,64.84526062011719,214.44329833984375
2023-09-13,64.94580841064453,214.4723358154297
2023-09-14,64.83611297607422,216.30987548828125
2023-09-15,64.70812225341797,213.7663116455078
2023-09-18,64.7721176147461,213.78567504882812
2023-09-19,64.63502502441406,213.2440643310547
2023-09-20,64.5527572631836,211.35813903808594
2023-09-21,64.1505355834961,207.81320190429688
2023-09-22,64.41563415527344,207.3763885498047
2023-09-25,63.94028854370117,208.211181640625
2023-09-26,63.876338958740234,205.21177673339844
2023-09-27,63.647804260253906,205.42532348632812
2023-09-28,63.81234359741211,206.78428649902344
2023-09-29,63.78491973876953,206.18246459960938
2023-10-02,63.34676742553711,205.91070556640625
2023-10-03,62.833473205566406,202.92095947265625
2023-10-04,63.24595642089844,204.38671875
2023-10-05,63.29180145263672,204.27993774414062
2023-10-06,63.044281005859375,206.71633911132812
2023-10-09,63.68592071533203,208.0170440673828
2023-10-10,63.62176513671875,209.3080596923828
2023-10-11,63.91508102416992,210.1331024169922
2023-10-12,63.3651008605957,208.44415283203125
2023-10-13,63.65841293334961,207.26962280273438
2023-10-16,63.328453063964844,209.67691040039062
2023-10-17,62.91595458984375,209.94871520996094
2023-10-18,62.64097595214844,206.842529296875
2023-10-19,62.36599349975586,204.89144897460938
2023-10-20,62.595157623291016,202.3579864501953
2023-10-23,62.833473205566406,201.80467224121094
2023-10-24,63.044281005859375,203.32867431640625
2023-10-25,62.56766128540039,200.30984497070312
2023-10-26,62.989288330078125,198.23257446289062
2023-10-27,62.989288330078125,197.16482543945312
2023-10-30,62.833473205566406,199.4362335205078
2023-10-31,62.81515884399414,200.72723388671875
2023-11-01,63.42466354370117,202.73655700683594
2023-11-02,63.79238510131836,206.76486206054688
2023-11-03,64.16932678222656,209.09451293945312
2023-11-06,63.89352035522461,209.181884765625
2023-11-07,64.21527862548828,209.8031005859375
2023-11-08,64.41753387451172,209.77398681640625
2023-11-09,63.93948745727539,207.98793029785156
2023-11-10,64.05899047851562,211.0843963623047
2023-11-13,64.04061126708984,210.9582061767578
2023-11-14,64.8220443725586,215.63690185546875
2023-11-15,64.46350860595703,216.1707763671875
2023-11-16,64.8496322631836,216.02520751953125
2023-11-17,64.94158172607422,216.56875610351562
2023-11-20,65.03350067138672,218.19947814941406
2023-11-21,65.12544250488281,217.60739135742188
2023-11-22,65.18058776855469,218.53924560546875
2023-11-24,64.86801147460938,218.77220153808594
2023-11-27,65.26329803466797,218.49070739746094
2023-11-28,65.53911590576172,218.6265869140625
2023-11-29,65.87928009033203,218.7236785888672
2023-11-30,65.66783905029297,219.6264190673828
2023-12-01,66.2034683227539,221.48040771484375
2023-12-04,65.93611145019531,220.6844482421875
2023-12-05,66.36018371582031,220.25733947753906
2023-12-06,66.55380249023438,219.3254852294922
2023-12-07,66.53536224365234,221.08241271972656
2023-12-08,66.21268463134766,222.14047241210938
2023-12-11,66.22188568115234,223.0529022216797
2023-12-12,66.4155044555664,223.8974151611328
2023-12-13,67.26367950439453,227.37246704101562
2023-12-14,67.770751953125,228.72171020507812
2023-12-15,67.6693344116211,228.41107177734375
2023-12-18,67.53104400634766,229.40115356445312
2023-12-19,67.66009521484375,231.0804443359375
2023-12-20,67.8813705444336,227.634521484375
2023-12-21,67.87214660644531,230.15158081054688
2023-12-22,67.82683563232422,230.67799377441406
2023-12-26,67.8915786743164,231.81858825683594
2023-12-27,68.32611846923828,232.25726318359375
2023-12-28,68.15969848632812,232.14028930664062
2023-12-29,68.00251770019531,231.253173828125
