Date,BND,VTI
2013-01-02,57.81568908691406,60.185546875
2013-01-03,57.64342498779297,60.097389221191406
2013-01-04,57.73297882080078,60.40178298950195
2013-01-07,57.691650390625,60.24161911010742
2013-01-08,57.74678421020508,60.08136749267578
2013-01-09,57.72609329223633,60.2656135559082
2013-01-10,57.72609329223633,60.682132720947266
2013-01-11,57.76743698120117,60.69013214111328
2013-01-14,57.76743698120117,60.62607192993164
2013-01-15,57.843299865722656,60.73820877075195
2013-01-16,57.83637237548828,60.69013214111328
2013-01-17,57.73991394042969,61.10664749145508
2013-01-18,57.82948303222656,61.274837493896484
2013-01-22,57.77429962158203,61.59526062011719
2013-01-23,57.86396026611328,61.667335510253906
2013-01-24,57.78123474121094,61.73942565917969
2013-01-25,57.59517288208008,62.083839416503906
2013-01-28,57.526283264160156,62.02776336669922
2013-01-29,57.46428298950195,62.23603439331055
2013-01-30,57.4022331237793,61.98772048950195
2013-01-31,57.50560760498047,61.87559509277344
2013-02-01,57.34408187866211,62.47629928588867
2013-02-04,57.54425048828125,61.81952667236328
2013-02-05,57.44758605957031,62.404239654541016
2013-02-06,57.58565902709961,62.516380310058594
2013-02-07,57.59257507324219,62.404239654541016
2013-02-08,57.57879638671875,62.78068542480469
2013-02-11,57.50975036621094,62.74863815307617
2013-02-12,57.52355194091797,62.8527717590332
2013-02-13,57.44758605957031,62.940895080566406
2013-02-14,57.53044891357422,63.020999908447266
2013-02-15,57.48212814331055,62.94890594482422
2013-02-19,57.46141815185547,63.38942337036133
2013-02-20,57.502811431884766,62.54839324951172
2013-02-21,57.55810546875,62.12388229370117
2013-02-22,57.58565902709961,62.724647521972656
2013-02-25,57.77214431762695,61.57121658325195
2013-02-26,57.79971694946289,61.963714599609375
2013-02-27,57.785953521728516,62.724647521972656
2013-02-28,57.813514709472656,62.668540954589844
2013-03-01,57.84535217285156,62.8127326965332
2013-03-04,57.831520080566406,63.10108947753906
2013-03-05,57.796974182128906,63.73384094238281
2013-03-06,57.70006561279297,63.82996368408203
2013-03-07,57.617103576660156,63.982147216796875
2013-03-08,57.45798110961914,64.29454040527344
2013-03-11,57.430301666259766,64.47876739501953
2013-03-12,57.540958404541016,64.36663818359375
2013-03-13,57.47180938720703,64.48674774169922
2013-03-14,57.492549896240234,64.84722137451172
2013-03-15,57.561737060546875,64.77510070800781
2013-03-18,57.67243957519531,64.4227066040039
2013-03-19,57.70703887939453,64.24649047851562
2013-03-20,57.65166473388672,64.72705078125
2013-03-21,57.6655387878418,64.20643615722656
2013-03-22,57.720829010009766,64.60392761230469
2013-03-25,57.71395492553711,64.38666534423828
2013-03-26,57.73468017578125,64.86946105957031
2013-03-27,57.852256774902344,64.917724609375
2013-03-28,57.85921859741211,65.14302825927734
2013-04-01,57.911949157714844,64.79705810546875
2013-04-02,57.91893005371094,64.99015808105469
2013-04-03,57.95360565185547,64.28207397460938
2013-04-04,58.120216369628906,64.56368255615234
2013-04-05,58.279972076416016,64.33837127685547
2013-04-08,58.252174377441406,64.73268127441406
2013-04-09,58.189720153808594,64.917724609375
2013-04-10,58.078590393066406,65.75453186035156
2013-04-11,58.10640335083008,66.00399017333984
2013-04-12,58.2452392578125,65.77064514160156
2013-04-15,58.3077392578125,64.16944122314453
2013-04-16,58.29385757446289,65.11888122558594
2013-04-17,58.32159423828125,64.14530181884766
2013-04-18,58.35628890991211,63.74294662475586
2013-04-19,58.3077392578125,64.3544921875
2013-04-22,58.38410186767578,64.62805938720703
2013-04-23,58.37019348144531,65.32809448242188
2013-04-24,58.35628890991211,65.42464447021484
2013-04-25,58.32159423828125,65.69017791748047
2013-04-26,58.397972106933594,65.56951141357422
2013-04-29,58.446571350097656,65.98789978027344
2013-04-30,58.446571350097656,66.18904113769531
2013-05-01,58.545352935791016,65.51316833496094
2013-05-02,58.55927276611328,66.19709777832031
2013-05-03,58.28101348876953,66.81665802001953
2013-05-06,58.274044036865234,67.07414245605469
2013-05-07,58.21845626831055,67.44428253173828
2013-05-08,58.274044036865234,67.75808715820312
2013-05-09,58.18364715576172,67.53277587890625
2013-05-10,58.03752899169922,67.83051300048828
2013-05-13,57.97492980957031,67.84657287597656
2013-05-14,57.863624572753906,68.54663848876953
2013-05-15,57.93316650390625,68.84435272216797
2013-05-16,58.016666412353516,68.56270599365234
2013-05-17,57.89147186279297,69.26274108886719
2013-05-20,57.8775634765625,69.25469207763672
2013-05-21,57.93316650390625,69.36732482910156
2013-05-22,57.73844909667969,68.68341827392578
2013-05-23,57.731468200683594,68.55467224121094
2013-05-24,57.73844909667969,68.4661865234375
2013-05-28,57.41846466064453,68.90869903564453
2013-05-29,57.46712875366211,68.44202423095703
2013-05-30,57.41846466064453,68.72366333007812
2013-05-31,57.321022033691406,67.80640411376953
2013-06-03,57.268760681152344,68.07988739013672
2013-06-04,57.24781799316406,67.75005340576172
2013-06-05,57.2269401550293,66.79253387451172
2013-06-06,57.303585052490234,67.42013549804688
2013-06-07,57.15725326538086,68.25696563720703
2013-06-10,57.01083755493164,68.28108215332031
2013-06-11,57.0387077331543,67.58911895751953
2013-06-12,56.92720413208008,67.0177993774414
2013-06-13,57.17815017700195,68.05579376220703
2013-06-14,57.240901947021484,67.66957092285156
2013-06-17,57.19904327392578,68.14430236816406
2013-06-18,57.15025329589844,68.65926361083984
2013-06-19,56.81569290161133,67.7822036743164
2013-06-20,56.29984664916992,66.10054016113281
2013-06-21,56.0698356628418,66.26951599121094
2013-06-24,55.7979736328125,65.41742706298828
2013-06-25,55.93046951293945,66.07228088378906
2013-06-26,56.12559127807617,66.68665313720703
2013-06-27,56.34868240356445,67.17979431152344
2013-06-28,56.37653350830078,66.83214569091797
2013-07-01,56.472225189208984,67.38998413085938
2013-07-02,56.48624801635742,67.31722259521484
2013-07-03,56.4443244934082,67.41422271728516
2013-07-05,55.8156623840332,68.13373565673828
2013-07-08,56.06711959838867,68.49752044677734
2013-07-09,56.12998962402344,68.9825668334961
2013-07-10,55.99028396606445,69.0149154663086
2013-07-11,56.367462158203125,70.017333984375
2013-07-12,56.290626525878906,70.08201599121094
2013-07-15,56.4443244934082,70.34879302978516
2013-07-16,56.52812576293945,70.03353118896484
2013-07-17,56.653846740722656,70.25989532470703
2013-07-18,56.563045501708984,70.65599822998047
2013-07-19,56.70975112915039,70.76109313964844
2013-07-22,56.74462890625,70.9146957397461
2013-07-23,56.73067855834961,70.7853775024414
2013-07-24,56.549049377441406,70.50241088867188
2013-07-25,56.52812576293945,70.76109313964844
2013-07-26,56.570003509521484,70.7691879272461
2013-07-29,56.563045501708984,70.52665710449219
2013-07-30,56.52812576293945,70.59942626953125
2013-07-31,56.59096145629883,70.67216491699219
2013-08-01,56.31521224975586,71.56950378417969
2013-08-02,56.49720764160156,71.60183715820312
2013-08-05,56.51820373535156,71.60995483398438
2013-08-06,56.48324966430664,71.14106750488281
2013-08-07,56.56718444824219,70.85813903808594
2013-08-08,56.595176696777344,71.1491470336914
2013-08-09,56.665184020996094,70.97127532958984
2013-08-12,56.56017303466797,70.92277526855469
2013-08-13,56.364219665527344,71.07637023925781
2013-08-14,56.33621597290039,70.70451354980469
2013-08-15,56.13324737548828,69.65354919433594
2013-08-16,55.98626708984375,69.42721557617188
2013-08-19,55.825260162353516,68.95831298828125
2013-08-20,55.98626708984375,69.41104888916016
2013-08-21,55.76926040649414,69.0068359375
2013-08-22,55.825260162353516,69.6212158203125
2013-08-23,55.98626708984375,69.91224670410156
2013-08-26,56.084285736083984,69.73439025878906
2013-08-27,56.22425079345703,68.49752044677734
2013-08-28,56.126251220703125,68.74812316894531
2013-08-29,56.18225860595703,68.9340591430664
2013-08-30,56.10523223876953,68.52983856201172
2013-09-03,55.97964859008789,68.87747955322266
2013-09-04,55.90957260131836,69.49188995361328
2013-09-05,55.52371597290039,69.5727310180664
2013-09-06,55.73419189453125,69.62931060791016
2013-09-09,55.87447738647461,70.41348266601562
2013-09-10,55.7552490234375,70.96321105957031
2013-09-11,55.90957260131836,71.1491470336914
2013-09-12,55.8955078125,70.93087768554688
2013-09-13,55.9866828918457,71.07637023925781
2013-09-16,56.056846618652344,71.4886703491211
2013-09-17,56.10593032836914,71.86863708496094
2013-09-18,56.55484390258789,72.70938873291016
2013-09-19,56.491722106933594,72.59623718261719
2013-09-20,56.484676361083984,72.11117553710938
2013-09-23,56.52681350708008,71.7854232788086
2013-09-24,56.64603042602539,71.67168426513672
2013-09-25,56.76527786254883,71.54169464111328
2013-09-26,56.68109130859375,71.81790924072266
2013-09-27,56.69510269165039,71.5335922241211
2013-09-30,56.73019790649414,71.20057678222656
2013-10-01,56.66130065917969,71.81790924072266
2013-10-02,56.72459030151367,71.69606018066406
2013-10-03,56.75267791748047,71.0868148803711
2013-10-04,56.689422607421875,71.60670471191406
2013-10-07,56.73160934448242,70.9649429321289
2013-10-08,56.710533142089844,70.02265930175781
2013-10-09,56.67537307739258,69.97393798828125
2013-10-10,56.689422607421875,71.5498275756836
2013-10-11,56.710533142089844,72.0534896850586
2013-10-14,56.598060607910156,72.37027740478516
2013-10-15,56.58396911621094,71.81790924072266
2013-10-16,56.82295608520508,72.82520294189453
2013-10-17,57.01979064941406,73.36132049560547
2013-10-18,57.083045959472656,73.88123321533203
2013-10-21,57.01276397705078,73.8405990600586
2013-10-22,57.195533752441406,74.26300811767578
2013-10-23,57.22362518310547,73.91368865966797
2013-10-24,57.22362518310547,74.19799041748047
2013-10-25,57.286903381347656,74.46610260009766
2013-10-28,57.23770523071289,74.52294158935547
2013-10-29,57.27985763549805,74.89665222167969
2013-10-30,57.21658706665039,74.45796966552734
2013-10-31,57.21658706665039,74.23865509033203
2013-11-01,57.062355041503906,74.33612060546875
2013-11-04,57.097572326660156,74.67729949951172
2013-11-05,56.928470611572266,74.45796966552734
2013-11-06,57.027137756347656,74.65290832519531
2013-11-07,57.13981628417969,73.66190338134766
2013-11-08,56.766441345214844,74.64480590820312
2013-11-11,56.717124938964844,74.69353485107422
2013-11-12,56.68894958496094,74.5798110961914
2013-11-13,56.84395980834961,75.21344757080078
2013-11-14,57.00600814819336,75.57084655761719
2013-11-15,57.027137756347656,75.90392303466797
2013-11-18,57.132781982421875,75.54649353027344
2013-11-19,57.020057678222656,75.32718658447266
2013-11-20,56.8651123046875,75.09161376953125
2013-11-21,56.8651123046875,75.7658462524414
2013-11-22,56.991920471191406,76.1395034790039
2013-11-25,57.03413009643555,76.05829620361328
2013-11-26,57.04117965698242,76.13135528564453
2013-11-27,57.020057678222656,76.3507080078125
2013-11-29,57.04824447631836,76.24512481689453
2013-12-02,56.83289337158203,76.0826416015625
2013-12-03,56.889373779296875,75.7901840209961
2013-12-04,56.80467224121094,75.68460845947266
2013-12-05,56.7058219909668,75.46524810791016
2013-12-06,56.79055404663086,76.24512481689453
2013-12-09,56.84706115722656,76.41570281982422
2013-12-10,56.967063903808594,76.16387176513672
2013-12-11,56.86823272705078,75.22154235839844
2013-12-12,56.719947814941406,75.0834732055664
2013-12-13,56.78351593017578,75.10784149169922
2013-12-16,56.80467224121094,75.63585662841797
2013-12-17,56.91056823730469,75.40838623046875
2013-12-18,56.889373779296875,76.6269302368164
2013-12-19,56.78351593017578,76.52129364013672
2013-12-20,56.889373779296875,77.03084564208984
2013-12-23,56.818790435791016,77.48814392089844
2013-12-24,56.69911575317383,77.70045471191406
2013-12-26,56.61412811279297,78.06794738769531
2013-12-27,56.61412811279297,78.01895904541016
2013-12-30,56.70623016357422,78.04345703125
2013-12-31,56.68496322631836,78.3292465209961
2014-01-02,56.73451614379883,77.64331817626953
2014-01-03,56.7415885925293,77.62696075439453
2014-01-06,56.79118347167969,77.4228286743164
2014-01-07,56.86198806762695,77.92095947265625
2014-01-08,56.67788314819336,77.97811126708984
2014-01-09,56.78409957885742,78.04345703125
2014-01-10,57.06024932861328,78.26390838623047
2014-01-13,57.138153076171875,77.27582550048828
2014-01-14,57.053192138671875,78.12509155273438
2014-01-15,57.01780319213867,78.51708221435547
2014-01-16,57.14521789550781,78.45994567871094
2014-01-17,57.20900344848633,78.15779113769531
2014-01-21,57.20900344848633,78.4190902709961
2014-01-22,57.109825134277344,78.5660629272461
2014-01-23,57.26563262939453,77.8882827758789
2014-01-24,57.414344787597656,76.20609283447266
2014-01-27,57.30809783935547,75.71611785888672
2014-01-28,57.357688903808594,76.2469253540039
2014-01-29,57.485107421875,75.46297454833984
2014-01-30,57.485107421875,76.34488677978516
2014-01-31,57.563026428222656,75.8467788696289
2014-02-03,57.74822235107422,74.06653594970703
2014-02-04,57.655982971191406,74.6300277709961
2014-02-05,57.535369873046875,74.51571655273438
2014-02-06,57.51406478881836,75.4221420288086
2014-02-07,57.58500671386719,76.3938980102539
2014-02-10,57.62052536010742,76.48371887207031
2014-02-11,57.49985885620117,77.35749816894531
2014-02-12,57.4005241394043,77.4636459350586
2014-02-13,57.54243087768555,77.9372787475586
2014-02-14,57.521148681640625,78.31293487548828
2014-02-18,57.59917449951172,78.54158782958984
2014-02-19,57.54954147338867,78.01895904541016
2014-02-20,57.54243087768555,78.54158782958984
2014-02-21,57.58500671386719,78.47624969482422
2014-02-24,57.57084274291992,78.9253921508789
2014-02-25,57.684326171875,78.8927230834961
2014-02-26,57.80501174926758,78.97435760498047
2014-02-27,57.8759651184082,79.39086151123047
2014-02-28,57.83336639404297,79.53784942626953
2014-03-03,57.9556884765625,78.95807647705078
2014-03-04,57.756591796875,80.19931030273438
2014-03-05,57.834781646728516,80.21562194824219
2014-03-06,57.69259262084961,80.36264038085938
2014-03-07,57.521915435791016,80.33810424804688
2014-03-10,57.55747985839844,80.28094482421875
2014-03-11,57.550357818603516,79.83184051513672
2014-03-12,57.6712646484375,79.88897705078125
2014-03-13,57.84189987182617,78.96622467041016
2014-03-14,57.80632781982422,78.86822509765625
2014-03-17,57.728126525878906,79.49700164794922
2014-03-18,57.792152404785156,80.17479705810547
2014-03-19,57.521915435791016,79.71749114990234
2014-03-20,57.47211456298828,80.11764526367188
2014-03-21,57.63569259643555,79.82368469238281
2014-03-24,57.64280700683594,79.3581771850586
2014-03-25,57.628578186035156,79.63951873779297
2014-03-26,57.785037994384766,78.97517395019531
2014-03-27,57.84189987182617,78.81111145019531
2014-03-28,57.735252380371094,79.163818359375
2014-03-31,57.735252380371094,79.9429931640625
2014-04-01,57.67110824584961,80.56629180908203
2014-04-02,57.55702590942383,80.82056427001953
2014-04-03,57.606964111328125,80.59913635253906
2014-04-04,57.778018951416016,79.49190521240234
2014-04-07,57.88491439819336,78.54047393798828
2014-04-08,57.927711486816406,78.88496398925781
2014-04-09,57.9134521484375,79.828125
2014-04-10,58.09165954589844,78.0729751586914
2014-04-11,58.12726974487305,77.30198669433594
2014-04-14,58.12016296386719,77.826904296875
2014-04-15,58.1486930847168,78.36003112792969
2014-04-16,58.11301803588867,79.18018341064453
2014-04-17,57.96333312988281,79.3360366821289
2014-04-21,57.977577209472656,79.65592193603516
2014-04-22,57.977577209472656,80.06599426269531
2014-04-23,58.07025146484375,79.86097717285156
2014-04-24,58.08454513549805,79.96757507324219
2014-04-25,58.10590744018555,79.1883773803711
2014-04-28,58.04173278808594,79.30325317382812
2014-04-29,58.07025146484375,79.6969223022461
2014-04-30,58.19858169555664,79.99217987060547
2014-05-01,58.33999252319336,80.01681518554688
2014-05-02,58.40431213378906,79.95118713378906
2014-05-05,58.33999252319336,80.08242797851562
2014-05-06,58.39714431762695,79.3442153930664
2014-05-07,58.42569351196289,79.71332550048828
2014-05-08,58.454307556152344,79.50008392333984
2014-05-09,58.38288879394531,79.6969223022461
2014-05-12,58.325748443603516,80.59913635253906
2014-05-13,58.432865142822266,80.54994201660156
2014-05-14,58.58289337158203,80.10699462890625
2014-05-15,58.69003677368164,79.36885070800781
2014-05-16,58.69003677368164,79.70513153076172
2014-05-19,58.66856384277344,80.0741958618164
2014-05-20,58.69715881347656,79.4754638671875
2014-05-21,58.64711380004883,80.09062194824219
2014-05-22,58.61146545410156,80.36129760742188
2014-05-23,58.66856384277344,80.77954864501953
2014-05-27,58.725746154785156,81.31268310546875
2014-05-28,58.918663024902344,81.22246551513672
2014-05-29,58.86860656738281,81.65717315673828
2014-05-30,58.81144714355469,81.6735610961914
2014-06-02,58.6675910949707,81.77200317382812
2014-06-03,58.52437973022461,81.73916625976562
2014-06-04,58.531558990478516,81.91141510009766
2014-06-05,58.59600830078125,82.57577514648438
2014-06-06,58.588802337646484,83.00224304199219
2014-06-09,58.538700103759766,83.14168548583984
2014-06-10,58.42417907714844,83.12527465820312
2014-06-11,58.44563674926758,82.84642028808594
2014-06-12,58.59600830078125,82.25591278076172
2014-06-13,58.581668853759766,82.52657318115234
2014-06-16,58.56734085083008,82.5921630859375
2014-06-17,58.43134689331055,82.88743591308594
2014-06-18,58.581668853759766,83.5025405883789
2014-06-19,58.531558990478516,83.60096740722656
2014-06-20,58.56734085083008,83.7978286743164
2014-06-23,58.545860290527344,83.77320861816406
2014-06-24,58.653221130371094,83.18849182128906
2014-06-25,58.73199462890625,83.60851287841797
2014-06-26,58.810760498046875,83.5591049194336
2014-06-27,58.810760498046875,83.7814712524414
2014-06-30,58.86085891723633,83.81439208984375
2014-07-01,58.747535705566406,84.41560363769531
2014-07-02,58.58967590332031,84.36619567871094
2014-07-03,58.517940521240234,84.81092071533203
2014-07-07,58.58967590332031,84.36619567871094
2014-07-08,58.697303771972656,83.72380828857422
2014-07-09,58.75468063354492,84.086181640625
2014-07-10,58.769039154052734,83.71556854248047
2014-07-11,58.85509490966797,83.78968048095703
2014-07-14,58.769039154052734,84.1932373046875
2014-07-15,58.72597885131836,83.97911071777344
2014-07-16,58.747535705566406,84.1932373046875
2014-07-17,58.90532684326172,83.22142791748047
2014-07-18,58.90532684326172,84.1191177368164
2014-07-21,58.90532684326172,83.92146301269531
2014-07-22,58.98423385620117,84.34971618652344
2014-07-23,58.9555778503418,84.54737091064453
2014-07-24,58.84077072143555,84.56383514404297
2014-07-25,58.94838333129883,84.1191177368164
2014-07-28,58.93404006958008,84.09441375732422
2014-07-29,58.98423385620117,83.78968048095703
2014-07-30,58.761863708496094,83.84733581542969
2014-07-31,58.697303771972656,82.142578125
2014-08-01,58.89284133911133,81.9366683959961
2014-08-04,58.97191619873047,82.4966812133789
2014-08-05,58.89284133911133,81.77197265625
2014-08-06,58.95751190185547,81.78843688964844
2014-08-07,59.086936950683594,81.36017608642578
2014-08-08,59.04378890991211,82.29903411865234
2014-08-11,59.07255935668945,82.59553527832031
2014-08-12,59.02223205566406,82.447265625
2014-08-13,59.13011169433594,83.0320053100586
2014-08-14,59.1876106262207,83.39437866210938
2014-08-15,59.29545211791992,83.40260314941406
2014-08-18,59.17319107055664,84.15202331542969
2014-08-19,59.16604995727539,84.57209014892578
2014-08-20,59.079776763916016,84.76974487304688
2014-08-21,59.14448165893555,84.95915222167969
2014-08-22,59.14448165893555,84.83563232421875
2014-08-25,59.16604995727539,85.28036499023438
2014-08-26,59.19478225708008,85.43682098388672
2014-08-27,59.2882194519043,85.38739776611328
2014-08-28,59.3673210144043,85.29682159423828
2014-08-29,59.3673210144043,85.55213928222656
2014-09-02,59.16482925415039,85.61803436279297
2014-09-03,59.2657470703125,85.52742004394531
2014-09-04,59.16482925415039,85.3462142944336
2014-09-05,59.14323043823242,85.7415542602539
2014-09-08,59.100013732910156,85.56859588623047
2014-09-09,58.99919128417969,84.96739196777344
2014-09-10,58.89106750488281,85.28855895996094
2014-09-11,58.84787368774414,85.44507598876953
2014-09-12,58.75420379638672,84.8932876586914
2014-09-15,58.783042907714844,84.67091369628906
2014-09-16,58.76142120361328,85.2721176147461
2014-09-17,58.6893196105957,85.36273193359375
2014-09-18,58.696533203125,85.7991943359375
2014-09-19,58.81903076171875,85.63448333740234
2014-09-22,58.89106750488281,84.8438491821289
2014-09-23,58.91991424560547,84.30029296875
2014-09-24,58.88388442993164,84.95801544189453
2014-09-25,59.02802276611328,83.62605285644531
2014-09-26,58.97032928466797,84.30443572998047
2014-09-29,59.042362213134766,84.155517578125
2014-09-30,59.02802276611328,83.7584228515625
2014-10-01,59.28133010864258,82.65807342529297
2014-10-02,59.23805618286133,82.69942474365234
2014-10-03,59.20193099975586,83.62605285644531
2014-10-06,59.3390998840332,83.4605712890625
2014-10-07,59.490684509277344,82.16995239257812
2014-10-08,59.6495246887207,83.53504180908203
2014-10-09,59.55561065673828,81.81417083740234
2014-10-10,59.6061897277832,80.79659271240234
2014-10-13,59.7794303894043,79.50597381591797
2014-10-14,59.858863830566406,79.75415802001953
2014-10-15,59.99599075317383,79.3073959350586
2014-10-16,59.894935607910156,79.48114776611328
2014-10-17,59.85161209106445,80.34983825683594
2014-10-20,59.90217208862305,81.15232849121094
2014-10-21,59.81558609008789,82.75736236572266
2014-10-22,59.80107498168945,82.11203002929688
2014-10-23,59.62067794799805,83.10478210449219
2014-10-24,59.67116165161133,83.68395233154297
2014-10-27,59.6495246887207,83.56813049316406
2014-10-28,59.61341857910156,84.65194702148438
2014-10-29,59.512386322021484,84.52782440185547
2014-10-30,59.55561065673828,85.04903411865234
2014-10-31,59.45463180541992,86.05835723876953
2014-11-03,59.4278450012207,86.10798645019531
2014-11-04,59.41335678100586,85.79364776611328
2014-11-05,59.48574447631836,86.19900512695312
2014-11-06,59.34830856323242,86.62093353271484
2014-11-07,59.550838470458984,86.68712615966797
2014-11-10,59.4278450012207,86.9518814086914
2014-11-11,59.456787109375,87.03459930419922
2014-11-12,59.44951629638672,87.01808166503906
2014-11-13,59.49296569824219,87.00152587890625
2014-11-14,59.50740432739258,87.009765625
2014-11-17,59.50740432739258,87.00152587890625
2014-11-18,59.594268798828125,87.51446533203125
2014-11-19,59.442291259765625,87.29110717773438
2014-11-20,59.5146598815918,87.53929138183594
2014-11-21,59.644874572753906,88.00257873535156
2014-11-24,59.65210723876953,88.32524108886719
2014-11-25,59.76058578491211,88.3087158203125
2014-11-26,59.847450256347656,88.50726318359375
2014-11-28,59.94868087768555,88.19287109375
2014-12-01,59.858821868896484,87.44830322265625
2014-12-02,59.72831344604492,87.99430847167969
2014-12-03,59.71388244628906,88.39142608642578
2014-12-04,59.81529998779297,88.28386688232422
2014-12-05,59.64137649536133,88.48240661621094
2014-12-08,59.76458740234375,87.85365295410156
2014-12-09,59.78631591796875,87.9032974243164
2014-12-10,59.945804595947266,86.46375274658203
2014-12-11,59.88782501220703,86.86087799072266
2014-12-12,60.09075164794922,85.49579620361328
2014-12-15,59.982051849365234,84.87530517578125
2014-12-16,60.11976623535156,84.24652862548828
2014-12-17,59.97480392456055,86.05008697509766
2014-12-18,59.880531311035156,88.08529663085938
2014-12-19,60.011024475097656,88.44935607910156
2014-12-22,59.982051849365234,88.79949188232422
2014-12-23,59.72062301635742,88.99909973144531
2014-12-24,59.742431640625,89.0240478515625
2014-12-26,59.79339599609375,89.29019165039062
2014-12-29,59.89540100097656,89.4814453125
2014-12-30,59.93910598754883,89.04065704345703
2014-12-31,59.98275375366211,88.1590805053711
2015-01-02,60.186668395996094,88.09254455566406
2015-01-05,60.3614501953125,86.57887268066406
2015-01-06,60.5362548828125,85.73055267333984
2015-01-07,60.57261657714844,86.75352478027344
2015-01-08,60.47795867919922,88.28382110595703
2015-01-09,60.579872131347656,87.55194091796875
2015-01-12,60.65999221801758,86.92816925048828
2015-01-13,60.71826171875,86.72854614257812
2015-01-14,60.85661315917969,86.2545166015625
2015-01-15,61.12607955932617,85.38123321533203
2015-01-16,60.94401931762695,86.5123291015625
2015-01-20,60.878475189208984,86.63709259033203
2015-01-21,60.76197814941406,87.02796936035156
2015-01-22,60.7764892578125,88.35039520263672
2015-01-23,60.973148345947266,87.9511489868164
2015-01-26,60.900325775146484,88.31708526611328
2015-01-27,60.93674850463867,87.28582763671875
2015-01-28,61.15520477294922,86.10479736328125
2015-01-29,61.089637756347656,86.92816925048828
2015-01-30,61.424625396728516,85.74718475341797
2015-02-02,61.35166549682617,86.71194458007812
2015-02-03,61.16193389892578,88.04267120361328
2015-02-04,61.18381881713867,87.73490142822266
2015-02-05,61.05247497558594,88.69967651367188
2015-02-06,60.65850067138672,88.43355560302734
2015-02-09,60.63658905029297,87.99273681640625
2015-02-10,60.52714538574219,88.89097595214844
2015-02-11,60.52714538574219,88.93254089355469
2015-02-12,60.55632019042969,89.7891845703125
2015-02-13,60.41765213012695,90.21334075927734
2015-02-17,60.17687225341797,90.354736328125
2015-02-18,60.344688415527344,90.40462493896484
2015-02-19,60.29362487792969,90.37970733642578
2015-02-20,60.3082160949707,90.88700866699219
2015-02-23,60.4322509765625,90.87869262695312
2015-02-24,60.68033981323242,91.08660888671875
2015-02-25,60.738731384277344,91.05335998535156
2015-02-26,60.57086944580078,90.9951400756836
2015-02-27,60.622032165527344,90.67074584960938
2015-03-02,60.4260368347168,91.2280502319336
2015-03-03,60.35289001464844,90.853759765625
2015-03-04,60.35289001464844,90.48782348632812
2015-03-05,60.389469146728516,90.62923431396484
2015-03-06,60.03851318359375,89.37334442138672
2015-03-09,60.111656188964844,89.70602416992188
2015-03-10,60.345619201660156,88.34207153320312
2015-03-11,60.41139221191406,88.2755355834961
2015-03-12,60.45526885986328,89.38165283203125
2015-03-13,60.39680480957031,88.8826675415039
2015-03-16,60.513736724853516,89.99713134765625
2015-03-17,60.564964294433594,89.82247161865234
2015-03-18,60.93784713745117,90.853759765625
2015-03-19,60.755035400390625,90.52938842773438
2015-03-20,60.91590118408203,91.28621673583984
2015-03-23,60.94510269165039,91.12821197509766
2015-03-24,61.04750442504883,90.64582824707031
2015-03-25,60.952415466308594,89.2320556640625
2015-03-26,60.755035400390625,89.05655670166016
2015-03-27,60.81352615356445,89.29888916015625
2015-03-30,60.886634826660156,90.43524932861328
2015-03-31,60.952415466308594,89.61639404296875
2015-04-01,61.19496536254883,89.44927978515625
2015-04-02,61.1143913269043,89.73336791992188
2015-04-06,61.165645599365234,90.3517074584961
2015-04-07,61.20230484008789,90.05091857910156
2015-04-08,61.158321380615234,90.43524932861328
2015-04-09,61.02643966674805,90.7527847290039
2015-04-10,60.99711990356445,91.17893981933594
2015-04-13,61.011844635009766,90.81962585449219
2015-04-14,61.12167739868164,90.95330047607422
2015-04-15,61.18032455444336,91.41288757324219
2015-04-16,61.165645599365234,91.37110900878906
2015-04-17,61.268280029296875,90.30992889404297
2015-04-20,61.20230484008789,91.04524993896484
2015-04-21,61.1290168762207,91.02017974853516
2015-04-22,60.90184783935547,91.40453338623047
2015-04-23,61.01905822753906,91.68865203857422
2015-04-24,61.1143913269043,91.7889175415039
2015-04-27,61.070404052734375,91.31260681152344
2015-04-28,60.87991714477539,91.55493927001953
2015-04-29,60.689353942871094,91.15386962890625
2015-04-30,60.75533676147461,90.16787719726562
2015-05-01,60.571014404296875,90.99510192871094
2015-05-04,60.4829216003418,91.31260681152344
2015-05-05,60.387447357177734,90.22637939453125
2015-05-06,60.218597412109375,89.97570037841797
2015-05-07,60.34342575073242,90.31827545166016
2015-05-08,60.50494384765625,91.45466613769531
2015-05-11,60.18922424316406,91.07029724121094
2015-05-12,60.115814208984375,90.80293273925781
2015-05-13,60.08643341064453,90.85304260253906
2015-05-14,60.20391082763672,91.7554931640625
2015-05-15,60.446197509765625,91.86412811279297
2015-05-18,60.225914001464844,92.20671081542969
2015-05-19,60.09378433227539,92.16492462158203
2015-05-20,60.09378433227539,92.10643768310547
2015-05-21,60.284698486328125,92.34038543701172
2015-05-22,60.247955322265625,92.16492462158203
2015-05-26,60.394832611083984,91.2040023803711
2015-05-27,60.42420196533203,92.03958892822266
2015-05-28,60.43153381347656,91.95603942871094
2015-05-29,60.45357131958008,91.33770751953125
2015-06-01,60.25196838378906,91.56328582763672
2015-06-02,60.082794189453125,91.4964599609375
2015-06-03,59.81792449951172,91.81397247314453
2015-06-04,59.965057373046875,91.07866668701172
2015-06-05,59.72967529296875,91.00346374511719
2015-06-08,59.8032341003418,90.4436264038086
2015-06-09,59.626651763916016,90.368408203125
2015-06-10,59.501609802246094,91.47139739990234
2015-06-11,59.781124114990234,91.73040771484375
2015-06-12,59.736995697021484,91.12879943847656
2015-06-15,59.744380950927734,90.71101379394531
2015-06-16,59.89888000488281,91.21234893798828
2015-06-17,59.92092514038086,91.36275482177734
2015-06-18,59.876773834228516,92.26519012451172
2015-06-19,60.04600524902344,91.86412811279297
2015-06-22,59.759033203125,92.42394256591797
2015-06-23,59.61930465698242,92.51587677001953
2015-06-24,59.72967529296875,91.81397247314453
2015-06-25,59.64874267578125,91.52987670898438
2015-06-26,59.53836441040039,91.4778823852539
2015-06-29,59.840030670166016,89.56453704833984
2015-06-30,59.781124114990234,89.80789947509766
2015-07-01,59.63591384887695,90.39530944824219
2015-07-02,59.78335189819336,90.27783203125
2015-07-06,59.9897575378418,90.04286193847656
2015-07-07,60.04873275756836,90.53797912597656
2015-07-08,60.218257904052734,89.0274658203125
2015-07-09,60.019290924072266,89.21209716796875
2015-07-10,59.73915100097656,90.29461669921875
2015-07-13,59.59904479980469,91.31841278076172
2015-07-14,59.709651947021484,91.72959899902344
2015-07-15,59.87919998168945,91.61212158203125
2015-07-16,59.87919998168945,92.24987030029297
2015-07-17,59.88658142089844,92.2750473022461
2015-07-20,59.80548095703125,92.28345489501953
2015-07-21,59.91606140136719,91.88064575195312
2015-07-22,59.93813705444336,91.74639892578125
2015-07-23,60.07821273803711,91.21771240234375
2015-07-24,60.1151123046875,90.26106262207031
2015-07-27,60.23303985595703,89.66523742675781
2015-07-28,60.129817962646484,90.73097229003906
2015-07-29,60.07821273803711,91.35196685791016
2015-07-30,60.10034942626953,91.42747497558594
2015-07-31,60.30672073364258,91.33516693115234
2015-08-03,60.44639205932617,91.00792694091797
2015-08-04,60.23955154418945,90.85684204101562
2015-08-05,60.14353942871094,91.15898132324219
2015-08-06,60.18040466308594,90.412109375
2015-08-07,60.30602264404297,90.15196228027344
2015-08-10,60.18040466308594,91.27645111083984
2015-08-11,60.40946960449219,90.45403289794922
2015-08-12,60.387271881103516,90.54638671875
2015-08-13,60.26170349121094,90.4205093383789
2015-08-14,60.23955154418945,90.76455688476562
2015-08-17,60.350311279296875,91.34357452392578
2015-08-18,60.23955154418945,91.1086196899414
2015-08-19,60.45372009277344,90.29461669921875
2015-08-20,60.50546646118164,88.33097839355469
2015-08-21,60.60149002075195,85.78826141357422
2015-08-24,60.58667755126953,82.3392562866211
2015-08-25,60.387271881103516,81.35745239257812
2015-08-26,60.12871551513672,84.31132507324219
2015-08-27,60.20998001098633,86.35050964355469
2015-08-28,60.23955154418945,86.41764068603516
2015-08-31,60.158241271972656,85.77149200439453
2015-09-01,60.30480194091797,83.25399017333984
2015-09-02,60.26039505004883,84.82324981689453
2015-09-03,60.30480194091797,84.92393493652344
2015-09-04,60.45286178588867,83.71553802490234
2015-09-08,60.30480194091797,85.83026123046875
2015-09-09,60.290016174316406,84.6554183959961
2015-09-10,60.164188385009766,85.09175872802734
2015-09-11,60.290016174316406,85.47779083251953
2015-09-14,60.30480194091797,85.15050506591797
2015-09-15,60.05317687988281,86.22466278076172
2015-09-16,60.016143798828125,86.95474243164062
2015-09-17,60.356666564941406,86.83724212646484
2015-09-18,60.52690124511719,85.46099090576172
2015-09-21,60.30480194091797,85.8050537109375
2015-09-22,60.41588592529297,84.6554183959961
2015-09-23,60.41588592529297,84.48756408691406
2015-09-24,60.438072204589844,84.18547058105469
2015-09-25,60.3270149230957,84.01506805419922
2015-09-28,60.48246765136719,81.76309967041016
2015-09-29,60.52690124511719,81.7462158203125
2015-09-30,60.645320892333984,83.26441955566406
2015-10-01,60.67792510986328,83.43309783935547
2015-10-02,60.90789031982422,84.64766693115234
2015-10-05,60.67053985595703,86.20804595947266
2015-10-06,60.75216293334961,85.92970275878906
2015-10-07,60.75216293334961,86.70568084716797
2015-10-08,60.6557502746582,87.45633697509766
2015-10-09,60.64830017089844,87.57441711425781
2015-10-12,60.75216293334961,87.59126281738281
2015-10-13,60.789207458496094,86.95025634765625
2015-10-14,61.01173782348633,86.50321960449219
2015-10-15,60.893062591552734,87.8105697631836
2015-10-16,60.87079620361328,88.14794921875
2015-10-19,60.87079620361328,88.2491683959961
2015-10-20,60.77439498901367,88.14794921875
2015-10-21,60.8856315612793,87.45633697509766
2015-10-22,60.98949432373047,88.73834991455078
2015-10-23,60.83369064331055,89.66613006591797
2015-10-26,60.90044021606445,89.45529174804688
2015-10-27,60.91533279418945,89.1600570678711
2015-10-28,60.74470901489258,90.33245086669922
2015-10-29,60.529598236083984,90.19752502441406
2015-10-30,60.663108825683594,89.85169219970703
2015-11-02,60.54344940185547,91.03251647949219
2015-11-03,60.439422607421875,91.26024627685547
2015-11-04,60.47654724121094,91.04096221923828
2015-11-05,60.365108489990234,90.9397201538086
2015-11-06,60.12723159790039,90.95660400390625
2015-11-09,60.07521438598633,90.0456771850586
2015-11-10,60.14214324951172,90.24810791015625
2015-11-11,60.14951705932617,89.860107421875
2015-11-12,60.15699005126953,88.51907348632812
2015-11-13,60.26844787597656,87.58283233642578
2015-11-16,60.26844787597656,88.8564453125
2015-11-17,60.33536911010742,88.74678039550781
2015-11-18,60.30564498901367,90.16377258300781
2015-11-19,60.38736343383789,90.0456771850586
2015-11-20,60.372535705566406,90.43368530273438
2015-11-23,60.39482116699219,90.34088897705078
2015-11-24,60.41712188720703,90.57705688476562
2015-11-25,60.42455291748047,90.64453887939453
2015-11-27,60.45426559448242,90.77947998046875
2015-11-30,60.42455291748047,90.39151000976562
2015-12-01,60.653167724609375,91.2433853149414
2015-12-02,60.57868576049805,90.29029846191406
2015-12-03,60.109519958496094,88.94078063964844
2015-12-04,60.347869873046875,90.57705688476562
2015-12-07,60.45210266113281,89.86856842041016
2015-12-08,60.46702194213867,89.32878112792969
2015-12-09,60.44466018676758,88.56122589111328
2015-12-10,60.43720626831055,88.82269287109375
2015-12-11,60.60101318359375,87.07678985595703
2015-12-14,60.31803894042969,87.38885498046875
2015-12-15,60.251014709472656,88.3250961303711
2015-12-16,60.183963775634766,89.60710144042969
2015-12-17,60.31060791015625,88.29132080078125
2015-12-18,60.44466018676758,86.78998565673828
2015-12-21,60.377628326416016,87.4796371459961
2015-12-22,60.29570007324219,88.26850891113281
2015-12-23,60.30317687988281,89.3712158203125
2015-12-24,60.34799575805664,89.26093292236328
2015-12-28,60.34799575805664,89.06584167480469
2015-12-29,60.161258697509766,90.01589965820312
2015-12-30,60.19861602783203,89.33727264404297
2015-12-31,60.31809997558594,88.47207641601562
2016-01-04,60.288211822509766,87.1488037109375
2016-01-05,60.36290740966797,87.34392547607422
2016-01-06,60.63176727294922,86.17333984375
2016-01-07,60.63930130004883,84.06118774414062
2016-01-08,60.713966369628906,83.10266876220703
2016-01-11,60.460044860839844,83.05181121826172
2016-01-12,60.61688232421875,83.62010192871094
2016-01-13,60.766258239746094,81.46558380126953
2016-01-14,60.69153594970703,82.71247863769531
2016-01-15,60.79610061645508,80.97358703613281
2016-01-19,60.72147750854492,80.88875579833984
2016-01-20,60.78865432739258,80.09140014648438
2016-01-21,60.75126647949219,80.4052505493164
2016-01-22,60.728878021240234,82.11872100830078
2016-01-25,60.728878021240234,80.7699966430664
2016-01-26,60.81855010986328,81.9999771118164
2016-01-27,60.81855010986328,81.06689453125
2016-01-28,60.86334228515625,81.38923645019531
2016-01-29,61.04259490966797,83.40806579589844
2016-02-01,60.918338775634766,83.42501068115234
2016-02-02,61.12790298461914,81.8133544921875
2016-02-03,61.17283248901367,82.30532836914062
2016-02-04,61.217716217041016,82.50040435791016
2016-02-05,61.15788269042969,80.80394744873047
2016-02-08,61.41979217529297,79.54853820800781
2016-02-09,61.4123420715332,79.44674682617188
2016-02-10,61.5395622253418,79.49763488769531
2016-02-11,61.5770263671875,78.51365661621094
2016-02-12,61.374900817871094,80.04051971435547
2016-02-16,61.28509521484375,81.49949645996094
2016-02-17,61.270137786865234,82.84819030761719
2016-02-18,61.47970199584961,82.51738739013672
2016-02-19,61.397342681884766,82.53436279296875
2016-02-22,61.4123420715332,83.73886108398438
2016-02-23,61.44975280761719,82.72944641113281
2016-02-24,61.49467849731445,83.15359497070312
2016-02-25,61.584476470947266,84.13754272460938
2016-02-26,61.52460861206055,84.0696792602539
2016-02-29,61.562015533447266,83.39955139160156
2016-03-01,61.35578155517578,85.38449096679688
2016-03-02,61.318260192871094,85.85946655273438
2016-03-03,61.348262786865234,86.28360748291016
2016-03-04,61.318260192871094,86.58048248291016
2016-03-07,61.303260803222656,86.75859832763672
2016-03-08,61.50578689575195,85.68135833740234
2016-03-09,61.40077209472656,86.09697723388672
2016-03-10,61.37080764770508,86.07154083251953
2016-03-11,61.288291931152344,87.5305404663086
2016-03-14,61.42323684692383,87.42872619628906
2016-03-15,61.36322784423828,87.1304931640625
2016-03-16,61.6032600402832,87.67586517333984
2016-03-17,61.73828125,88.34912109375
2016-03-18,61.7907600402832,88.74114990234375
2016-03-21,61.678245544433594,88.82637023925781
2016-03-22,61.66328430175781,88.80079650878906
2016-03-23,61.798255920410156,88.07643127441406
2016-03-24,61.72328186035156,88.05087280273438
2016-03-28,61.75327682495117,88.1104965209961
2016-03-29,62.008243560791016,89.09056091308594
2016-03-30,61.985755920410156,89.43145751953125
2016-03-31,62.105777740478516,89.32917022705078
2016-04-01,62.17568588256836,89.89163970947266
2016-04-04,62.17568588256836,89.51667785644531
2016-04-05,62.288387298583984,88.64739990234375
2016-04-06,62.25834274291992,89.61892700195312
2016-04-07,62.461204528808594,88.5451431274414
2016-04-08,62.40862274169922,88.80079650878906
2016-04-11,62.40111541748047,88.55368041992188
2016-04-12,62.30342483520508,89.41442108154297
2016-04-13,62.340980529785156,90.46260833740234
2016-04-14,62.288387298583984,90.42855834960938
2016-04-15,62.43122100830078,90.38594055175781
2016-04-18,62.40862274169922,90.99100494384766
2016-04-19,62.44620132446289,91.24665832519531
2016-04-20,62.27336120605469,91.34041595458984
2016-04-21,62.19820785522461,90.88873291015625
2016-04-22,62.17568588256836,91.01655578613281
2016-04-25,62.100460052490234,90.79497528076172
2016-04-26,62.010318756103516,91.0421371459961
2016-04-27,62.19820785522461,91.26371002197266
2016-04-28,62.310935974121094,90.44559478759766
2016-04-29,62.35603713989258,89.91719818115234
2016-05-02,62.2460823059082,90.61603546142578
2016-05-03,62.41927719116211,89.70414733886719
2016-05-04,62.44190979003906,89.17577362060547
2016-05-05,62.554847717285156,89.14167785644531
2016-05-06,62.524723052978516,89.46553802490234
2016-05-09,62.569881439208984,89.55926513671875
2016-05-10,62.569881439208984,90.62451934814453
2016-05-11,62.58490753173828,89.79786682128906
2016-05-12,62.59247970581055,89.7638168334961
2016-05-13,62.66023254394531,88.9883041381836
2016-05-16,62.524723052978516,89.87459564208984
2016-05-17,62.47951889038086,89.06498718261719
2016-05-18,62.18582534790039,89.05646514892578
2016-05-19,62.25361633300781,88.70706176757812
2016-05-20,62.25361633300781,89.38883972167969
2016-05-23,62.26865768432617,89.2780532836914
2016-05-24,62.238548278808594,90.47115325927734
2016-05-25,62.21598434448242,91.12736511230469
2016-05-26,62.3213996887207,91.1103286743164
2016-05-27,62.298805236816406,91.51939392089844
2016-05-31,62.351470947265625,91.47674560546875
2016-06-01,62.37336349487305,91.72388458251953
2016-06-02,62.49409103393555,92.03070068359375
2016-06-03,62.88650894165039,91.7750244140625
2016-06-06,62.78842544555664,92.25228118896484
2016-06-07,62.79594421386719,92.43123626708984
2016-06-08,62.87143325805664,92.75507354736328
2016-06-09,62.931827545166016,92.5676040649414
2016-06-10,62.992156982421875,91.61311340332031
2016-06-13,63.007240295410156,90.85462951660156
2016-06-14,62.999671936035156,90.69117736816406
2016-06-15,63.1430549621582,90.59699249267578
2016-06-16,63.21098327636719,90.86234283447266
2016-06-17,63.12038803100586,90.56275177001953
2016-06-20,62.977046966552734,91.1790771484375
2016-06-21,62.89401626586914,91.37594604492188
2016-06-22,62.91667556762695,91.17052459716797
2016-06-23,62.803504943847656,92.42877960205078
2016-06-24,63.15813064575195,89.06478118896484
2016-06-27,63.47507095336914,87.29293060302734
2016-06-28,63.550506591796875,88.89358520507812
2016-06-29,63.52786636352539,90.4857177734375
2016-06-30,63.61093521118164,91.7269058227539
2016-07-01,63.78779602050781,91.90666198730469
2016-07-05,64.007080078125,91.22185516357422
2016-07-06,64.12049102783203,91.77825164794922
2016-07-07,64.01459503173828,91.7354507446289
2016-07-08,64.18097686767578,93.1649169921875
2016-07-11,63.9919319152832,93.55014038085938
2016-07-12,63.73491287231445,94.32908630371094
2016-07-13,63.848304748535156,94.27774047851562
2016-07-14,63.750003814697266,94.73139190673828
2016-07-15,63.5458984375,94.6286849975586
2016-07-18,63.568538665771484,94.89401245117188
2016-07-19,63.666873931884766,94.70571899414062
2016-07-20,63.59880065917969,95.21073913574219
2016-07-21,63.67438888549805,94.83411407470703
2016-07-22,63.68199157714844,95.28778839111328
2016-07-25,63.64414978027344,95.03952026367188
2016-07-26,63.636619567871094,95.1422348022461
2016-07-27,63.82562255859375,95.0309829711914
2016-07-28,63.78779602050781,95.15081787109375
2016-07-29,63.9919319152832,95.37335205078125
2016-08-01,63.79121017456055,95.24496459960938
2016-08-02,63.73060989379883,94.52596282958984
2016-08-03,63.73060989379883,94.87688446044922
2016-08-04,63.84423065185547,94.9881591796875
2016-08-05,63.63211441040039,95.77567291259766
2016-08-08,63.639705657958984,95.71575164794922
2016-08-09,63.821502685546875,95.8013687133789
2016-08-10,63.904842376708984,95.51890563964844
2016-08-11,63.738162994384766,95.99822998046875
2016-08-12,63.88212966918945,95.90408325195312
2016-08-15,63.77605438232422,96.25504302978516
2016-08-16,63.745765686035156,95.70718383789062
2016-08-17,63.84423065185547,95.82703399658203
2016-08-18,63.91240692138672,96.12663269042969
2016-08-19,63.783634185791016,95.98966217041016
2016-08-22,63.87450408935547,96.0153579711914
2016-08-23,63.904842376708984,96.27218627929688
2016-08-24,63.89726257324219,95.7328872680664
2016-08-25,63.829097747802734,95.67296600341797
2016-08-26,63.66999435424805,95.47607421875
2016-08-29,63.88969421386719,95.99822998046875
2016-08-30,63.836669921875,95.84414672851562
2016-08-31,63.79121017456055,95.57023620605469
2016-09-01,63.87923812866211,95.62159729003906
2016-09-02,63.78815841674805,96.10951232910156
2016-09-06,63.977909088134766,96.38343811035156
2016-09-07,63.98555374145508,96.5118408203125
2016-09-08,63.74266052246094,96.2635726928711
2016-09-09,63.461769104003906,93.86683654785156
2016-09-12,63.484561920166016,95.176513671875
2016-09-13,63.302406311035156,93.68756866455078
2016-09-14,63.3858642578125,93.69619750976562
2016-09-15,63.43901824951172,94.6595687866211
2016-09-16,63.49213409423828,94.28108215332031
2016-09-19,63.44659423828125,94.4187240600586
2016-09-20,63.461769104003906,94.37567138671875
2016-09-21,63.64393615722656,95.45947265625
2016-09-22,63.77296829223633,96.15621948242188
2016-09-23,63.757789611816406,95.60569763183594
2016-09-26,63.86406707763672,94.84876251220703
2016-09-27,63.93997573852539,95.39065551757812
2016-09-28,63.93997573852539,95.94976806640625
2016-09-29,63.947601318359375,95.01222229003906
2016-09-30,63.86406707763672,95.76051330566406
2016-10-03,63.796390533447266,95.46808624267578
2016-10-04,63.58345031738281,95.03801727294922
2016-10-05,63.47698974609375,95.40788269042969
2016-10-06,63.45416259765625,95.4422836303711
2016-10-07,63.507389068603516,95.08102416992188
2016-10-10,63.43895721435547,95.59711456298828
2016-10-11,63.34010696411133,94.3240737915039
2016-10-12,63.378108978271484,94.43592834472656
2016-10-13,63.45416259765625,94.10044860839844
2016-10-14,63.32484436035156,94.07463836669922
2016-10-17,63.46174621582031,93.80799865722656
2016-10-18,63.54544448852539,94.3584976196289
2016-10-19,63.591060638427734,94.6595687866211
2016-10-20,63.55305099487305,94.47891235351562
2016-10-21,63.60625076293945,94.44451141357422
2016-10-24,63.51499557495117,94.91759490966797
2016-10-25,63.51499557495117,94.51332092285156
2016-10-26,63.400943756103516,94.22944641113281
2016-10-27,63.22605895996094,93.91120910644531
2016-10-28,63.19560241699219,93.60157012939453
2016-10-31,63.264068603515625,93.66177368164062
2016-11-01,63.243499755859375,92.96502685546875
2016-11-02,63.30449295043945,92.31993103027344
2016-11-03,63.266353607177734,91.91565704345703
2016-11-04,63.380615234375,91.85545349121094
2016-11-07,63.29683303833008,93.88540649414062
2016-11-08,63.18254470825195,94.28968811035156
2016-11-09,62.55772018432617,95.45947265625
2016-11-10,62.291015625,95.79496765136719
2016-11-11,62.17671203613281,95.829345703125
2016-11-14,61.940467834472656,96.07878875732422
2016-11-15,62.02436065673828,96.82713317871094
2016-11-16,62.153892517089844,96.68950653076172
2016-11-17,61.90241622924805,97.1797866821289
2016-11-18,61.75003433227539,96.9991455078125
2016-11-21,61.742431640625,97.73027801513672
2016-11-22,61.795738220214844,98.01412963867188
2016-11-23,61.6357421875,98.15177154541016
2016-11-25,61.658573150634766,98.53022003173828
2016-11-28,61.803348541259766,97.9625244140625
2016-11-29,61.849090576171875,98.10015106201172
2016-11-30,61.6357421875,97.8678970336914
2016-12-01,61.40663528442383,97.46363067626953
2016-12-02,61.62810134887695,97.46363067626953
2016-12-05,61.70442199707031,98.14315795898438
2016-12-06,61.6967887878418,98.64203643798828
2016-12-07,61.841861724853516,99.86346435546875
2016-12-08,61.71970748901367,100.22469329833984
2016-12-09,61.53645324707031,100.76661682128906
2016-12-12,61.467750549316406,100.50857543945312
2016-12-13,61.53645324707031,101.09346008300781
2016-12-14,61.22344970703125,100.18171691894531
2016-12-15,61.131832122802734,100.59459686279297
2016-12-16,61.18525695800781,100.43977355957031
2016-12-19,61.34559631347656,100.72360229492188
2016-12-20,61.35322189331055,101.15377044677734
2016-12-21,61.44483184814453,100.86814880371094
2016-12-22,61.402748107910156,100.60848999023438
2016-12-23,61.43336486816406,100.7643051147461
2016-12-27,61.38743209838867,101.01528930664062
2016-12-28,61.54050064086914,100.17574310302734
2016-12-29,61.708927154541016,100.18441009521484
2016-12-30,61.83903121948242,99.81221008300781
2017-01-03,61.84672927856445,100.57386779785156
2017-01-04,61.892608642578125,101.34418487548828
2017-01-05,62.20646667480469,101.1451187133789
2017-01-06,61.961517333984375,101.46537017822266
2017-01-09,62.114585876464844,101.07586669921875
2017-01-10,62.09931945800781,101.15377044677734
2017-01-11,62.129913330078125,101.47400665283203
2017-01-12,62.145225524902344,101.20569610595703
2017-01-13,62.04569625854492,101.45669555664062
2017-01-17,62.237098693847656,101.00662231445312
2017-01-18,61.91560363769531,101.2403335571289
2017-01-19,61.80843734741211,100.84217071533203
2017-01-20,61.85432052612305,101.18840789794922
2017-01-23,62.02276611328125,100.92008209228516
2017-01-24,61.93087387084961,101.70771026611328
2017-01-25,61.747188568115234,102.58187866210938
2017-01-26,61.770172119140625,102.43473815917969
2017-01-27,61.83903121948242,102.27030181884766
2017-01-30,61.82372283935547,101.57787322998047
2017-01-31,61.95387268066406,101.66442108154297
2017-02-01,61.84490966796875,101.65576171875
2017-02-02,61.8832893371582,101.72501373291016
2017-02-03,61.898681640625,102.49533081054688
2017-02-06,62.090389251708984,102.25298309326172
2017-02-07,62.19014358520508,102.24431610107422
2017-02-08,62.35888671875,102.35684967041016
2017-02-09,62.19014358520508,103.03194427490234
2017-02-10,62.17475128173828,103.4647216796875
2017-02-13,62.10572052001953,103.9840316772461
2017-02-14,61.975341796875,104.36487579345703
2017-02-15,61.8756217956543,104.93608856201172
2017-02-16,61.99066162109375,104.84091186523438
2017-02-17,62.13640594482422,104.9966812133789
2017-02-21,62.128753662109375,105.61988830566406
2017-02-22,62.16708755493164,105.48140716552734
2017-02-23,62.28214645385742,105.40349578857422
2017-02-24,62.512245178222656,105.57659149169922
2017-02-27,62.3818359375,105.8102798461914
2017-02-28,62.33583450317383,105.42076873779297
2017-03-01,62.0806999206543,106.84026336669922
2017-03-02,61.96538162231445,106.15650177001953
2017-03-03,62.01152038574219,106.24304962158203
2017-03-06,61.97310256958008,105.82760620117188
2017-03-07,61.85786056518555,105.49005889892578
2017-03-08,61.71183395385742,105.19574737548828
2017-03-09,61.51962661743164,105.2477035522461
2017-03-10,61.64262008666992,105.62853240966797
2017-03-13,61.51962661743164,105.70641326904297
2017-03-14,61.511993408203125,105.32559967041016
2017-03-15,61.8962516784668,106.27767944335938
2017-03-16,61.80402755737305,106.14783477783203
2017-03-17,61.92698669433594,106.0872573852539
2017-03-20,62.04996109008789,105.83626556396484
2017-03-21,62.19597625732422,104.35618591308594
2017-03-22,62.28053665161133,104.49466705322266
2017-03-23,62.24976348876953,104.4600601196289
2017-03-24,62.23443603515625,104.47051239013672
2017-03-27,62.36505889892578,104.3487777709961
2017-03-28,62.24976348876953,105.07910919189453
2017-03-29,62.37270736694336,105.27037811279297
2017-03-30,62.27284240722656,105.66162109375
2017-03-31,62.31128692626953,105.47903442382812
2017-04-03,62.53767776489258,105.21820831298828
2017-04-04,62.468360900878906,105.27037811279297
2017-04-05,62.522274017333984,104.84435272216797
2017-04-06,62.54533767700195,105.17474365234375
2017-04-07,62.40676498413086,105.09648895263672
2017-04-10,62.468360900878906,105.22691345214844
2017-04-11,62.66862869262695,105.19212341308594
2017-04-12,62.81496047973633,104.65306854248047
2017-04-13,62.907386779785156,103.94013977050781
2017-04-17,62.868839263916016,104.84435272216797
2017-04-18,63.09218215942383,104.61832427978516
2017-04-19,62.97666931152344,104.53136444091797
2017-04-20,62.89195251464844,105.39209747314453
2017-04-21,62.907386779785156,105.05303192138672
2017-04-24,62.82265090942383,106.1658935546875
2017-04-25,62.63008117675781,106.82666015625
2017-04-26,62.69169998168945,106.85274505615234
2017-04-27,62.73789978027344,106.95709228515625
2017-04-28,62.80727005004883,106.60061645507812
2017-05-01,62.68990707397461,106.87882995605469
2017-05-02,62.797996520996094,106.87882995605469
2017-05-03,62.72850799560547,106.61799621582031
2017-05-04,62.65904998779297,106.69623565673828
2017-05-05,62.6976432800293,107.22660064697266
2017-05-08,62.5895881652832,107.06140899658203
2017-05-09,62.5587272644043,107.02660369873047
2017-05-10,62.55097961425781,107.26136779785156
2017-05-11,62.59730529785156,106.9483871459961
2017-05-12,62.78253173828125,106.73973083496094
2017-05-15,62.76708221435547,107.31356048583984
2017-05-16,62.8288459777832,107.25267791748047
2017-05-17,63.16841125488281,105.32254028320312
2017-05-18,63.114383697509766,105.63552856445312
2017-05-19,63.15300750732422,106.39195251464844
2017-05-22,63.098995208740234,106.95709228515625
2017-05-23,62.96773147583008,107.13964080810547
2017-05-24,63.098995208740234,107.45264434814453
2017-05-25,63.098995208740234,107.90474700927734
2017-05-26,63.12981414794922,107.88738250732422
2017-05-30,63.22245788574219,107.7134780883789
2017-05-31,63.25332260131836,107.6787109375
2017-06-01,63.27030563354492,108.67852783203125
2017-06-02,63.479129791259766,109.03500366210938
2017-06-05,63.378604888916016,108.89588928222656
2017-06-06,63.494606018066406,108.61766052246094
2017-06-07,63.40952682495117,108.73938751220703
2017-06-08,63.36311721801758,108.93067169189453
2017-06-09,63.30897903442383,108.84373474121094
2017-06-12,63.29351043701172,108.82633209228516
2017-06-13,63.30897903442383,109.3653793334961
2017-06-14,63.541015625,109.20889282226562
2017-06-15,63.47136688232422,108.96544647216797
2017-06-16,63.541015625,108.89588928222656
2017-06-19,63.44816207885742,109.78268432617188
2017-06-20,63.541015625,109.03500366210938
2017-06-21,63.57190704345703,108.90834045410156
2017-06-22,63.59514236450195,108.95203399658203
2017-06-23,63.61061477661133,109.2227783203125
2017-06-26,63.68022537231445,109.3013916015625
2017-06-27,63.46366500854492,108.40176391601562
2017-06-28,63.46366500854492,109.42366027832031
2017-06-29,63.33222198486328,108.55024719238281
2017-06-30,63.285804748535156,108.69871520996094
2017-07-03,63.29280090332031,108.96076965332031
2017-07-05,63.33163070678711,109.08304595947266
2017-07-06,63.184059143066406,108.00870513916016
2017-07-07,63.16853713989258,108.7598648071289
2017-07-10,63.199623107910156,108.83849334716797
2017-07-11,63.26171112060547,108.81228637695312
2017-07-12,63.40926742553711,109.58963775634766
2017-07-13,63.385963439941406,109.76434326171875
2017-07-14,63.40926742553711,110.25344848632812
2017-07-17,63.494728088378906,110.25344848632812
2017-07-18,63.64225387573242,110.32330322265625
2017-07-19,63.64999008178711,110.9609375
2017-07-20,63.68885040283203,111.03080749511719
2017-07-21,63.75873947143555,110.88231658935547
2017-07-24,63.727664947509766,110.89107513427734
2017-07-25,63.48691940307617,111.25787353515625
2017-07-26,63.64225387573242,111.17927551269531
2017-07-27,63.564598083496094,110.98712921142578
2017-07-28,63.68107223510742,110.80369567871094
2017-07-31,63.67329406738281,110.7425537109375
2017-08-01,63.932212829589844,110.96965026855469
2017-08-02,63.89319610595703,110.86485290527344
2017-08-03,64.02583312988281,110.6115493774414
2017-08-04,63.92446517944336,110.84736633300781
2017-08-07,63.94781494140625,111.06574249267578
2017-08-08,63.86202621459961,110.76004791259766
2017-08-09,63.90882873535156,110.63777160644531
2017-08-10,64.00240325927734,109.01316833496094
2017-08-11,64.05697631835938,109.21408081054688
2017-08-14,64.01019287109375,110.33206939697266
2017-08-15,63.90108108520508,110.22724914550781
2017-08-16,63.994571685791016,110.42811584472656
2017-08-17,64.11161804199219,108.67253112792969
2017-08-18,64.08037567138672,108.4891128540039
2017-08-21,64.11161804199219,108.64632415771484
2017-08-22,64.0335922241211,109.73811340332031
2017-08-23,64.22075653076172,109.40621185302734
2017-08-24,64.127197265625,109.23152923583984
2017-08-25,64.2052001953125,109.49357604980469
2017-08-28,64.23635864257812,109.5372314453125
2017-08-29,64.30653381347656,109.58089447021484
2017-08-30,64.29878234863281,110.15739440917969
2017-08-31,64.35333251953125,110.90851593017578
2017-09-01,64.24706268310547,111.16181182861328
2017-09-05,64.51275634765625,110.30587005615234
2017-09-06,64.40335845947266,110.6115493774414
2017-09-07,64.6065673828125,110.55913543701172
2017-09-08,64.53622436523438,110.48056030273438
2017-09-11,64.34085083007812,111.66839599609375
2017-09-12,64.24706268310547,112.09638977050781
2017-09-13,64.16893005371094,112.14878845214844
2017-09-14,64.20801544189453,112.1138687133789
2017-09-15,64.21581268310547,112.323486328125
2017-09-18,64.16893005371094,112.59426879882812
2017-09-19,64.12199401855469,112.64663696289062
2017-09-20,64.06734466552734,112.83007049560547
2017-09-21,64.05169677734375,112.5156478881836
2017-09-22,64.11421966552734,112.6059799194336
2017-09-25,64.25489807128906,112.42176818847656
2017-09-26,64.22355651855469,112.4481201171875
2017-09-27,64.02824401855469,113.06212615966797
2017-09-28,64.04386138916016,113.246337890625
2017-09-29,64.05169677734375,113.61475372314453
2017-10-02,64.0266342163086,114.21123504638672
2017-10-03,64.05793762207031,114.43933868408203
2017-10-04,64.05793762207031,114.55335998535156
2017-10-05,64.01094055175781,115.15864562988281
2017-10-06,63.94047927856445,115.07968139648438
2017-10-09,64.00315856933594,114.85163116455078
2017-10-10,64.034423828125,115.12354278564453
2017-10-11,64.06578826904297,115.28142547607422
2017-10-12,64.12060546875,115.14108276367188
2017-10-13,64.25372314453125,115.22881317138672
2017-10-16,64.19107055664062,115.30775451660156
2017-10-17,64.19892120361328,115.36036682128906
2017-10-18,64.09712982177734,115.509521484375
2017-10-19,64.12845611572266,115.5358657836914
2017-10-20,63.9718132019043,116.15863800048828
2017-10-23,64.0266342163086,115.66742706298828
2017-10-24,63.9169807434082,115.8691635131836
2017-10-25,63.86214828491211,115.2638931274414
2017-10-26,63.78384780883789,115.41301727294922
2017-10-27,63.9248046875,116.35162353515625
2017-10-30,64.0736312866211,115.84285736083984
2017-10-31,64.034423828125,116.07971954345703
2017-11-01,64.07604217529297,116.17619323730469
2017-11-02,64.13885498046875,116.20248413085938
2017-11-03,64.19376373291016,116.50952911376953
2017-11-06,64.24083709716797,116.72881317138672
2017-11-07,64.26438903808594,116.52706146240234
2017-11-08,64.21733856201172,116.72004699707031
2017-11-09,64.15452575683594,116.24636840820312
2017-11-10,63.89554214477539,116.26390838623047
2017-11-13,63.903404235839844,116.3252944946289
2017-11-14,63.981868743896484,116.11476135253906
2017-11-15,64.13099670410156,115.51829528808594
2017-11-16,64.04468536376953,116.57091522216797
2017-11-17,64.10745239257812,116.35162353515625
2017-11-20,64.06822967529297,116.64987182617188
2017-11-21,64.1231460571289,117.45687866210938
2017-11-22,64.25655364990234,117.36918640136719
2017-11-24,64.24083709716797,117.64107513427734
2017-11-27,64.21733856201172,117.51829528808594
2017-11-28,64.21733856201172,118.68497467041016
2017-11-29,64.06034088134766,118.68497467041016
2017-11-30,63.966190338134766,119.59724426269531
2017-12-01,64.1375732421875,119.36042785644531
2017-12-04,64.1455078125,119.20250701904297
2017-12-05,64.22412872314453,118.6937484741211
2017-12-06,64.29488372802734,118.62358856201172
2017-12-07,64.20840454101562,119.09725952148438
2017-12-08,64.18477630615234,119.72008514404297
2017-12-11,64.1375732421875,120.00077056884766
2017-12-12,64.12972259521484,120.13231658935547
2017-12-13,64.31063079833984,120.14985656738281
2017-12-14,64.33423614501953,119.58849334716797
2017-12-15,64.34209442138672,120.6587142944336
2017-12-18,64.23983764648438,121.49200439453125
2017-12-19,64.04324340820312,121.000732421875
2017-12-20,63.917423248291016,120.99198150634766
2017-12-21,63.95674133300781,121.26795196533203
2017-12-22,63.98819351196289,121.22386169433594
2017-12-26,64.05205535888672,121.12686157226562
2017-12-27,64.24915313720703,121.17098236083984
2017-12-28,64.20976257324219,121.43540954589844
2017-12-29,64.312255859375,120.98580932617188
2018-01-02,64.13091278076172,121.84088134765625
2018-01-03,64.18611145019531,122.54608154296875
2018-01-04,64.15455627441406,123.01329803466797
2018-01-05,64.0678482055664,123.73612976074219
2018-01-08,64.07573699951172,124.0181884765625
2018-01-09,63.886512756347656,124.24736785888672
2018-01-10,63.89438247680664,124.0534439086914
2018-01-11,63.89438247680664,125.10244750976562
2018-01-12,63.886512756347656,125.83407592773438
2018-01-16,63.93380355834961,125.27874755859375
2018-01-17,63.862850189208984,126.43348693847656
2018-01-18,63.736690521240234,126.21314239501953
2018-01-19,63.602664947509766,126.86541748046875
2018-01-22,63.555328369140625,127.87032318115234
2018-01-23,63.720924377441406,128.1876983642578
2018-01-24,63.64993667602539,128.0642547607422
2018-01-25,63.82343673706055,128.11715698242188
2018-01-26,63.705142974853516,129.45706176757812
2018-01-29,63.61841583251953,128.6107940673828
2018-01-30,63.50014877319336,127.27088928222656
2018-01-31,63.515926361083984,127.31498718261719
2018-02-01,63.33974075317383,127.26206970214844
2018-02-02,63.15007781982422,124.55589294433594
2018-02-05,63.426658630371094,119.65477752685547
2018-02-06,63.221221923828125,121.61170959472656
2018-02-07,63.07900619506836,121.0739517211914
2018-02-08,63.03156661987305,116.7193603515625
2018-02-09,62.87351989746094,118.32368469238281
2018-02-12,62.889320373535156,119.90159606933594
2018-02-13,62.94465255737305,120.2806167602539
2018-02-14,62.73921585083008,121.96430206298828
2018-02-15,62.80240249633789,123.45404815673828
2018-02-16,62.936763763427734,123.5069351196289
2018-02-20,62.87351989746094,122.76644897460938
2018-02-21,62.636474609375,122.19349670410156
2018-02-22,62.715476989746094,122.27287292480469
2018-02-23,62.8814582824707,124.16802978515625
2018-02-26,62.91303253173828,125.47270202636719
2018-02-27,62.77872085571289,123.89479064941406
2018-02-28,62.857723236083984,122.52845001220703
2018-03-01,62.964603424072266,121.0739517211914
2018-03-02,62.845848083496094,121.85853576660156
2018-03-05,62.80624008178711,123.23362731933594
2018-03-06,62.829986572265625,123.68324279785156
2018-03-07,62.814186096191406,123.78895568847656
2018-03-08,62.88541793823242,124.25618743896484
2018-03-09,62.80624008178711,126.31893157958984
2018-03-12,62.869606018066406,126.24835968017578
2018-03-13,62.88541793823242,125.46382141113281
2018-03-14,63.02006149291992,124.82917785644531
2018-03-15,63.02793884277344,124.66168212890625
2018-03-16,62.972564697265625,124.87324523925781
2018-03-19,62.925045013427734,123.26893615722656
2018-03-20,62.845848083496094,123.45404815673828
2018-03-21,62.845848083496094,123.3482666015625
2018-03-22,62.94881820678711,120.32660675048828
2018-03-23,62.964603424072266,117.8041000366211
2018-03-26,62.925045013427734,120.91075897216797
2018-03-27,63.138816833496094,118.76884460449219
2018-03-28,63.13092041015625,118.4944839477539
2018-03-29,63.289241790771484,120.12300872802734
2018-04-02,63.28134536743164,117.38809204101562
2018-04-03,63.209903717041016,118.84849548339844
2018-04-04,63.209903717041016,120.18495178222656
2018-04-05,63.12257766723633,121.02579498291016
2018-04-06,63.28134536743164,118.4856185913086
2018-04-09,63.3448486328125,118.8839111328125
2018-04-10,63.23371887207031,120.8133773803711
2018-04-11,63.28134536743164,120.25578308105469
2018-04-12,63.16222381591797,121.22933197021484
2018-04-13,63.209903717041016,120.88421630859375
2018-04-16,63.21786117553711,121.89318084716797
2018-04-17,63.24162292480469,123.17656707763672
2018-04-18,63.03525161743164,123.3447036743164
2018-04-19,62.88441848754883,122.67205047607422
2018-04-20,62.72566223144531,121.69844055175781
2018-04-23,62.693939208984375,121.65422821044922
2018-04-24,62.582759857177734,120.1938247680664
2018-04-25,62.4954719543457,120.32660675048828
2018-04-26,62.622467041015625,121.46830749511719
2018-04-27,62.71772766113281,121.54798126220703
2018-04-30,62.74950408935547,120.66291809082031
2018-05-01,62.652435302734375,120.84880065917969
2018-05-02,62.66035842895508,120.14958953857422
2018-05-03,62.716060638427734,119.82207489013672
2018-05-04,62.75585174560547,121.37100219726562
2018-05-07,62.724021911621094,121.90200805664062
2018-05-08,62.67625427246094,121.9462890625
2018-05-09,62.60467529296875,123.09690856933594
2018-05-10,62.73197937011719,124.1678466796875
2018-05-11,62.79564666748047,124.41567993164062
2018-05-14,62.716060638427734,124.47761535644531
2018-05-15,62.42168045043945,123.72528839111328
2018-05-16,62.37398147583008,124.3271484375
2018-05-17,62.318294525146484,124.3625717163086
2018-05-18,62.4853515625,124.08818054199219
2018-05-21,62.4853515625,125.01750183105469
2018-05-22,62.50125503540039,124.55725860595703
2018-05-23,62.692222595214844,124.88477325439453
2018-05-24,62.81949996948242,124.68116760253906
2018-05-25,62.95475769042969,124.44220733642578
2018-05-29,63.392356872558594,123.21194458007812
2018-05-30,63.20139694213867,124.80506134033203
2018-05-31,63.17749786376953,123.946533203125
2018-06-01,63.2166862487793,125.23881530761719
2018-06-04,63.08079147338867,125.82293701171875
2018-06-05,63.136741638183594,126.0087890625
2018-06-06,62.96089553833008,127.12399291992188
2018-06-07,63.1207389831543,126.93811798095703
2018-06-08,63.04083251953125,127.3718032836914
2018-06-11,62.984901428222656,127.55767822265625
2018-06-12,62.976898193359375,127.8232192993164
2018-06-13,62.93694305419922,127.34527587890625
2018-06-14,63.07279968261719,127.70816040039062
2018-06-15,63.08079147338867,127.58427429199219
2018-06-18,63.08079147338867,127.44259643554688
2018-06-19,63.184715270996094,127.017822265625
2018-06-20,63.04083251953125,127.30982971191406
2018-06-21,63.07279968261719,126.43363952636719
2018-06-22,63.11277389526367,126.61404418945312
2018-06-25,63.104740142822266,124.8364028930664
2018-06-26,63.20869064331055,125.120849609375
2018-06-27,63.360557556152344,123.95650482177734
2018-06-28,63.312538146972656,124.72976684570312
2018-06-29,63.29657745361328,124.81859588623047
2018-07-02,63.257354736328125,125.120849609375
2018-07-03,63.385555267333984,124.80086517333984
2018-07-05,63.473690032958984,125.85858154296875
2018-07-06,63.545753479003906,126.91622924804688
2018-07-09,63.489688873291016,128.07177734375
2018-07-10,63.44961929321289,128.400634765625
2018-07-11,63.48167419433594,127.48509216308594
2018-07-12,63.529727935791016,128.533935546875
2018-07-13,63.58580017089844,128.6139678955078
2018-07-16,63.497718811035156,128.4095001220703
2018-07-17,63.473690032958984,128.99615478515625
2018-07-18,63.44161605834961,129.2805633544922
2018-07-19,63.561771392822266,128.96949768066406
2018-07-20,63.41761779785156,128.7383575439453
2018-07-23,63.217288970947266,128.94281005859375
2018-07-24,63.31342315673828,129.22723388671875
2018-07-25,63.31342315673828,130.3294219970703
2018-07-26,63.31342315673828,130.11605834960938
2018-07-27,63.29740905761719,129.0761260986328
2018-07-30,63.22529983520508,128.23171997070312
2018-07-31,63.27337646484375,128.96060180664062
2018-08-01,63.23887252807617,128.80950927734375
2018-08-02,63.27098846435547,129.57388305664062
2018-08-03,63.40748596191406,130.00941467285156
2018-08-06,63.463680267333984,130.59605407714844
2018-08-07,63.351261138916016,131.0226593017578
2018-08-08,63.33518600463867,130.8982391357422
2018-08-09,63.455650329589844,130.8093719482422
2018-08-10,63.58413314819336,129.99166870117188
2018-08-13,63.59220504760742,129.49388122558594
2018-08-14,63.55198669433594,130.34718322753906
2018-08-15,63.624305725097656,129.3160858154297
2018-08-16,63.65641403198242,130.3294219970703
2018-08-17,63.72868728637695,130.8093719482422
2018-08-20,63.80898666381836,131.05825805664062
2018-08-21,63.77684783935547,131.547119140625
2018-08-22,63.817054748535156,131.59152221679688
2018-08-23,63.817054748535156,131.333740234375
2018-08-24,63.84916305541992,132.15145874023438
2018-08-27,63.768829345703125,133.1025390625
2018-08-28,63.6724853515625,133.18255615234375
2018-08-29,63.632347106933594,133.88473510742188
2018-08-30,63.68050765991211,133.33364868164062
2018-08-31,63.69657516479492,133.386962890625
2018-09-04,63.598358154296875,133.20030212402344
2018-09-05,63.61445236206055,132.76478576660156
2018-09-06,63.71107864379883,132.36480712890625
2018-09-07,63.509830474853516,132.06260681152344
2018-09-10,63.55004119873047,132.34707641601562
2018-09-11,63.413230895996094,132.79147338867188
2018-09-12,63.461517333984375,132.8003692626953
2018-09-13,63.501766204833984,133.46697998046875
2018-09-14,63.39714813232422,133.5736083984375
2018-09-17,63.38911056518555,132.72921752929688
2018-09-18,63.24415588378906,133.44024658203125
2018-09-19,63.14759826660156,133.45806884765625
2018-09-20,63.22808837890625,134.48916625976562
2018-09-21,63.268341064453125,134.35580444335938
2018-09-24,63.18782043457031,133.86692810058594
2018-09-25,63.13956832885742,133.79580688476562
2018-09-26,63.30051040649414,133.28028869628906
2018-09-27,63.34884262084961,133.59136962890625
2018-09-28,63.34884262084961,133.6485137939453
2018-10-01,63.230228424072266,133.8539581298828
2018-10-02,63.34320831298828,133.65750122070312
2018-10-03,63.02047348022461,133.83609008789062
2018-10-04,62.859092712402344,132.701904296875
2018-10-05,62.74610900878906,131.84457397460938
2018-10-08,62.721920013427734,131.74635314941406
2018-10-09,62.84297180175781,131.5140838623047
2018-10-10,62.7945671081543,127.32562255859375
2018-10-11,62.97206497192383,124.61065673828125
2018-10-12,62.955928802490234,126.25386047363281
2018-10-15,62.939762115478516,125.6912841796875
2018-10-16,62.98820495605469,128.4597930908203
2018-10-17,62.8752326965332,128.42408752441406
2018-10-18,62.83488082885742,126.56648254394531
2018-10-19,62.80259323120117,126.23607635498047
2018-10-22,62.77843475341797,125.73591613769531
2018-10-23,62.86714553833008,124.99465942382812
2018-10-24,63.036624908447266,121.10980224609375
2018-10-25,62.964012145996094,123.3871078491211
2018-10-26,63.076969146728516,121.25270080566406
2018-10-29,63.02047348022461,120.58289337158203
2018-10-30,62.93171691894531,122.46730041503906
2018-10-31,62.80259323120117,123.74433898925781
2018-11-01,62.91910171508789,125.14647674560547
2018-11-02,62.68452453613281,124.63742065429688
2018-11-05,62.73305130004883,125.24473571777344
2018-11-06,62.7249641418457,125.95914459228516
2018-11-07,62.78162384033203,128.53125
2018-11-08,62.67642593383789,128.2811737060547
2018-11-09,62.83012771606445,126.9683837890625
2018-11-12,62.927181243896484,124.53030395507812
2018-11-13,62.89484405517578,124.35166931152344
2018-11-14,62.9433708190918,123.44071197509766
2018-11-15,62.95146179199219,124.83389282226562
2018-11-16,63.08893966674805,125.1018295288086
2018-11-19,63.08893966674805,122.93167877197266
2018-11-20,63.04848861694336,120.74364471435547
2018-11-21,63.113224029541016,121.33307647705078
2018-11-23,63.1051025390625,120.68115234375
2018-11-26,63.0566291809082,122.55657958984375
2018-11-27,63.0970458984375,122.70841979980469
2018-11-28,63.129417419433594,125.56626892089844
2018-11-29,63.177921295166016,125.33404541015625
2018-11-30,63.20222091674805,126.23607635498047
2018-12-03,63.30108642578125,127.70962524414062
2018-12-04,63.45515823364258,123.5389404296875
2018-12-06,63.568626403808594,123.3871078491211
2018-12-07,63.69842529296875,120.4757080078125
2018-12-10,63.76327896118164,120.60967254638672
2018-12-11,63.771366119384766,120.58289337158203
2018-12-12,63.70650863647461,121.27052307128906
2018-12-13,63.755149841308594,120.97583770751953
2018-12-14,63.81192398071289,118.88603973388672
2018-12-17,63.933597564697266,116.3497085571289
2018-12-18,64.03083801269531,116.31399536132812
2018-12-19,64.14436340332031,114.52781677246094
2018-12-20,64.05517578125,112.67918395996094
2018-12-21,64.05517578125,110.2857437133789
2018-12-24,64.06978607177734,107.5287857055664
2018-12-26,63.93159484863281,112.7031021118164
2018-12-27,64.06978607177734,113.71822357177734
2018-12-28,64.2242660522461,113.57447814941406
2018-12-31,64.3868179321289,114.65245819091797
2019-01-02,64.51686096191406,114.7423095703125
2019-01-03,64.76885223388672,112.08326721191406
2019-01-04,64.57380676269531,115.79332733154297
2019-01-07,64.4762191772461,116.96114349365234
2019-01-08,64.39494323730469,118.16488647460938
2019-01-09,64.48435974121094,118.72184753417969
2019-01-10,64.35428619384766,119.30577087402344
2019-01-11,64.48435974121094,119.33268737792969
2019-01-14,64.42744445800781,118.57809448242188
2019-01-15,64.43555450439453,119.87169647216797
2019-01-16,64.45999908447266,120.21305084228516
2019-01-17,64.3868179321289,121.1832504272461
2019-01-18,64.33804321289062,122.75530242919922
2019-01-22,64.45183563232422,121.07544708251953
2019-01-23,64.51686096191406,121.20121765136719
2019-01-24,64.65506744384766,121.45274353027344
2019-01-25,64.58189392089844,122.59358978271484
2019-01-28,64.60626220703125,121.6952896118164
2019-01-29,64.73633575439453,121.52459716796875
2019-01-30,64.8014144897461,123.3572006225586
2019-01-31,65.10211944580078,124.44414520263672
2019-02-01,64.92121124267578,124.62382507324219
2019-02-04,64.86420440673828,125.51312255859375
2019-02-05,65.00272369384766,126.03419494628906
2019-02-06,64.978271484375,125.90838623046875
2019-02-07,65.02717590332031,124.7136459350586
2019-02-08,65.12495422363281,124.83940887451172
2019-02-11,65.10052490234375,125.09992218017578
2019-02-12,65.09236907958984,126.66299438476562
2019-02-13,64.9946060180664,127.0582504272461
2019-02-14,65.10862731933594,126.83364868164062
2019-02-15,65.13308715820312,128.22607421875
2019-02-19,65.19015502929688,128.47760009765625
2019-02-20,65.16570281982422,128.74710083007812
2019-02-21,65.03529357910156,128.30690002441406
2019-02-22,65.18201446533203,129.15138244628906
2019-02-25,65.15753173828125,129.33998107910156
2019-02-26,65.2471923828125,129.09744262695312
2019-02-27,65.11676788330078,129.14239501953125
2019-02-28,65.04348754882812,128.8728485107422
2019-03-01,64.84256744384766,129.73524475097656
2019-03-04,64.95689392089844,129.13339233398438
2019-03-05,65.00585174560547,128.8907928466797
2019-03-06,65.08758544921875,127.91165161132812
2019-03-07,65.27543640136719,126.91452026367188
2019-03-08,65.35710906982422,126.65401458740234
2019-03-11,65.32443237304688,128.51353454589844
2019-03-12,65.47966766357422,128.94471740722656
2019-03-13,65.44695281982422,129.7711944580078
2019-03-14,65.38977813720703,129.6633758544922
2019-03-15,65.51229095458984,130.26524353027344
2019-03-18,65.47147369384766,130.75030517578125
2019-03-19,65.43881225585938,130.72335815429688
2019-03-20,65.72464752197266,130.18443298339844
2019-03-21,65.74098205566406,131.71153259277344
2019-03-22,66.10035705566406,128.9626922607422
2019-03-25,66.1820297241211,128.87416076660156
2019-03-26,66.19834899902344,129.86767578125
2019-03-27,66.32088470458984,129.2715606689453
2019-03-28,66.35356903076172,129.84059143066406
2019-03-29,66.3045425415039,130.6986083984375
2019-04-01,66.04254913330078,132.2158966064453
2019-04-02,66.0752944946289,132.2069091796875
2019-04-03,65.98523712158203,132.52294921875
2019-04-04,66.05069732666016,132.80300903320312
2019-04-05,66.09986114501953,133.47132873535156
2019-04-08,66.03436279296875,133.58877563476562
2019-04-09,66.13257598876953,132.78492736816406
2019-04-10,66.22264099121094,133.39907836914062
2019-04-11,66.1080551147461,133.39002990722656
2019-04-12,65.98523712158203,134.2841796875
2019-04-15,66.00161743164062,134.1758270263672
2019-04-16,65.8869857788086,134.2119140625
2019-04-17,65.8869857788086,133.7152099609375
2019-04-18,65.97704315185547,133.91387939453125
2019-04-22,65.91151428222656,133.9500274658203
2019-04-23,66.02613067626953,135.29574584960938
2019-04-24,66.1980972290039,135.11509704589844
2019-04-25,66.18172454833984,134.88934326171875
2019-04-26,66.32911682128906,135.62091064453125
2019-04-29,66.18988800048828,135.81959533691406
2019-04-30,66.28816223144531,135.82861328125
2019-05-01,66.292236328125,134.8170623779297
2019-05-02,66.14453125,134.59127807617188
2019-05-03,66.26765441894531,136.04542541503906
2019-05-06,66.34970092773438,135.61187744140625
2019-05-07,66.44819641113281,133.2726593017578
2019-05-08,66.39897155761719,133.0558624267578
2019-05-09,66.46464538574219,132.6313934326172
2019-05-10,66.45642852783203,133.2455596923828
2019-05-13,66.59593963623047,129.876708984375
2019-05-14,66.6369857788086,131.05084228515625
2019-05-15,66.7354965209961,131.8275604248047
2019-05-16,66.6369857788086,133.019775390625
2019-05-17,66.65339660644531,132.08047485351562
2019-05-20,66.57133483886719,131.14114379882812
2019-05-21,66.53850555419922,132.42367553710938
2019-05-22,66.66162109375,131.9449462890625
2019-05-23,66.89962768554688,130.26504516601562
2019-05-24,66.89962768554688,130.5811767578125
2019-05-28,67.03914642333984,129.4341278076172
2019-05-29,67.02273559570312,128.54904174804688
2019-05-30,67.2033462524414,128.8019256591797
2019-05-31,67.49881744384766,127.06783294677734
2019-06-03,67.69047546386719,126.81493377685547
2019-06-04,67.57526397705078,129.6599578857422
2019-06-05,67.57526397705078,130.65347290039062
2019-06-06,67.55886840820312,131.38499450683594
2019-06-07,67.73979187011719,132.57717895507812
2019-06-10,67.59996795654297,133.3178253173828
2019-06-11,67.55059814453125,133.1913604736328
2019-06-12,67.66580200195312,133.01072692871094
2019-06-13,67.78096008300781,133.6248779296875
2019-06-14,67.7891845703125,133.3358612060547
2019-06-17,67.7891845703125,133.43289184570312
2019-06-18,67.94547271728516,134.89239501953125
2019-06-19,68.17585754394531,135.35472106933594
2019-06-20,68.28279113769531,136.5966339111328
2019-06-21,68.0936050415039,136.6147918701172
2019-06-24,68.21700286865234,135.853271484375
2019-06-25,68.24169158935547,134.56600952148438
2019-06-26,68.08535766601562,134.31219482421875
2019-06-27,68.28279113769531,135.11904907226562
2019-06-28,68.3404312133789,136.0618438720703
2019-07-01,68.33541870117188,137.022705078125
2019-07-02,68.46736145019531,137.33999633789062
2019-07-03,68.59107208251953,138.3734588623047
2019-07-05,68.26948547363281,138.2918701171875
2019-07-08,68.26126861572266,137.5485382080078
2019-07-09,68.17053985595703,137.7932891845703
2019-07-10,68.22825622558594,138.35533142089844
2019-07-11,68.00559997558594,138.5457000732422
2019-07-12,68.06330108642578,139.25282287597656
2019-07-15,68.16229248046875,139.16217041015625
2019-07-16,68.07159423828125,138.80859375
2019-07-17,68.2777099609375,137.89300537109375
2019-07-18,68.40141296386719,138.40065002441406
2019-07-19,68.32720947265625,137.61196899414062
2019-07-22,68.40141296386719,137.93833923339844
2019-07-23,68.34371948242188,138.86300659179688
2019-07-24,68.40966796875,139.71517944335938
2019-07-25,68.33541870117188,138.97178649902344
2019-07-26,68.33541870117188,139.97805786132812
2019-07-29,68.37667846679688,139.64260864257812
2019-07-30,68.36016845703125,139.50665283203125
2019-07-31,68.44263458251953,137.9837188720703
2019-08-01,68.93278503417969,136.70550537109375
2019-08-02,68.9988784790039,135.59951782226562
2019-08-05,69.29645538330078,131.574462890625
2019-08-06,69.47001647949219,133.28781127929688
2019-08-07,69.47001647949219,133.43289184570312
2019-08-08,69.52788543701172,135.97120666503906
2019-08-09,69.40388488769531,135.00115966796875
2019-08-12,69.7096939086914,133.33311462402344
2019-08-13,69.60225677490234,135.23681640625
2019-08-14,69.85023498535156,131.32968139648438
2019-08-15,70.18907928466797,131.574462890625
2019-08-16,70.1147232055664,133.5688018798828
2019-08-19,69.89153289794922,135.1551971435547
2019-08-20,70.07341766357422,134.121826171875
2019-08-21,70.0403060913086,135.2550048828125
2019-08-22,69.9081039428711,135.1371307373047
2019-08-23,70.16432189941406,131.72857666015625
2019-08-26,70.12297058105469,133.06117248535156
2019-08-27,70.3626708984375,132.44476318359375
2019-08-28,70.38750457763672,133.38754272460938
2019-08-29,70.34616088867188,135.1551971435547
2019-08-30,70.33789825439453,135.1099090576172
2019-09-03,70.40248107910156,134.23062133789062
2019-09-04,70.5350341796875,135.66287231445312
2019-09-05,70.17054748535156,137.47598266601562
2019-09-06,70.25337219238281,137.5032196044922
2019-09-09,69.93032836914062,137.58477783203125
2019-09-10,69.57410430908203,137.7207489013672
2019-09-11,69.5326919555664,138.84490966796875
2019-09-12,69.40017700195312,139.2618865966797
2019-09-13,69.00251770019531,139.12588500976562
2019-09-16,69.18480682373047,138.8435516357422
2019-09-17,69.34217071533203,139.18052673339844
2019-09-18,69.39189910888672,139.16229248046875
2019-09-19,69.4913101196289,139.07127380371094
2019-09-20,69.73980712890625,138.46107482910156
2019-09-23,69.78948211669922,138.533935546875
2019-09-24,70.02974700927734,137.2498779296875
2019-09-25,69.6983871459961,138.1150665283203
2019-09-26,69.81433868408203,137.69610595703125
2019-09-27,69.8888931274414,136.87649536132812
2019-09-30,69.93863677978516,137.51397705078125
2019-10-01,70.00666046142578,135.71990966796875
2019-10-02,70.16438293457031,133.51605224609375
2019-10-03,70.39684295654297,134.59976196289062
2019-10-04,70.51307678222656,136.35740661621094
2019-10-07,70.33045196533203,135.82008361816406
2019-10-08,70.36367797851562,133.62533569335938
2019-10-09,70.28062438964844,134.85479736328125
2019-10-10,70.06478881835938,135.71990966796875
2019-10-11,69.80746459960938,137.17703247070312
2019-10-14,69.9236831665039,137.04954528808594
2019-10-15,69.74103546142578,138.39735412597656
2019-10-16,69.8157730102539,138.1423797607422
2019-10-17,69.8157730102539,138.59771728515625
2019-10-18,69.84896087646484,138.04217529296875
2019-10-21,69.68292236328125,138.94374084472656
2019-10-22,69.80746459960938,138.52479553222656
2019-10-23,69.84066009521484,138.80715942382812
2019-10-24,69.84896087646484,139.18966674804688
2019-10-25,69.73274230957031,139.7451629638672
2019-10-28,69.58330535888672,140.59210205078125
2019-10-29,69.59990692138672,140.56480407714844
2019-10-30,69.82406616210938,140.90170288085938
2019-10-31,70.15608978271484,140.4099578857422
2019-11-01,70.09370422363281,141.91262817382812
2019-11-04,69.89404296875,142.43167114257812
2019-11-05,69.65277862548828,142.30421447753906
2019-11-06,69.80254364013672,142.2404327392578
2019-11-07,69.44476318359375,142.7230987548828
2019-11-08,69.37821197509766,143.1238555908203
2019-11-11,69.41984558105469,142.84149169921875
2019-11-12,69.4614028930664,143.08738708496094
2019-11-13,69.58621978759766,143.15113830566406
2019-11-14,69.78588104248047,143.29684448242188
2019-11-15,69.76092529296875,144.38967895507812
2019-11-18,69.86075592041016,144.4716339111328
2019-11-19,69.93560791015625,144.5171661376953
2019-11-20,70.12699127197266,144.06178283691406
2019-11-21,70.01053619384766,143.69754028320312
2019-11-22,70.0521240234375,144.0163116455078
2019-11-25,70.11866760253906,145.38235473632812
2019-11-26,70.23516082763672,145.69189453125
2019-11-27,70.12699127197266,146.38409423828125
2019-11-29,70.12699127197266,145.7283935546875
2019-12-02,69.94357299804688,144.40785217285156
2019-12-03,70.31875610351562,143.55186462402344
2019-12-04,70.1770248413086,144.4807891845703
2019-12-05,70.10199737548828,144.69015502929688
2019-12-06,70.01029205322266,145.97430419921875
2019-12-09,70.02693939208984,145.50982666015625
2019-12-10,69.97689819335938,145.38235473632812
2019-12-11,70.21035766601562,145.7283935546875
2019-12-12,69.87687683105469,146.92138671875
2019-12-13,70.19367218017578,146.92138671875
2019-12-16,70.00190734863281,147.9959716796875
2019-12-17,70.01029205322266,148.05062866210938
2019-12-18,69.9185562133789,148.1143798828125
2019-12-19,69.96858215332031,148.760986328125
2019-12-20,69.98523712158203,149.5259552001953
2019-12-23,69.94096374511719,149.6170196533203
2019-12-24,70.0078125,149.6499786376953
2019-12-26,70.07463836669922,150.37332153320312
2019-12-27,70.17495727539062,150.2360076904297
2019-12-30,70.14986419677734,149.42111206054688
2019-12-31,70.07463836669922,149.81480407714844
2020-01-02,70.16658782958984,151.06005859375
2020-01-03,70.41726684570312,150.09864807128906
2020-01-06,70.33370208740234,150.61141967773438
2020-01-07,70.27521514892578,150.2543182373047
2020-01-08,70.16658782958984,150.9959716796875
2020-01-09,70.25010681152344,151.93905639648438
2020-01-10,70.36711120605469,151.4995574951172
2020-01-13,70.32535552978516,152.5342254638672
2020-01-14,70.42562866210938,152.4518280029297
2020-01-15,70.53424072265625,152.8272705078125
2020-01-16,70.49246978759766,154.13656616210938
2020-01-17,70.48412322998047,154.52108764648438
2020-01-21,70.65959930419922,154.19151306152344
2020-01-22,70.71809387207031,154.28305053710938
2020-01-23,70.84345245361328,154.45704650878906
2020-01-24,70.95205688476562,152.99200439453125
2020-01-27,71.18605041503906,150.69381713867188
2020-01-28,71.06072235107422,152.149658203125
2020-01-29,71.26121520996094,152.04893493652344
2020-01-30,71.27794647216797,152.41517639160156
2020-01-31,71.46179962158203,149.72325134277344
2020-02-03,71.3973159790039,151.04177856445312
2020-02-04,71.1795654296875,153.42236328125
2020-02-05,71.06231689453125,154.93316650390625
2020-02-06,71.12934112548828,155.3634796142578
2020-02-07,71.3470458984375,154.47535705566406
2020-02-10,71.45594787597656,155.61070251464844
2020-02-11,71.33866119384766,156.0410919189453
2020-02-12,71.25493621826172,157.02081298828125
2020-02-13,71.32195281982422,156.95669555664062
2020-02-14,71.3973159790039,157.2130584716797
2020-02-18,71.50614166259766,156.8468017578125
2020-02-19,71.49779510498047,157.6434326171875
2020-02-20,71.67366790771484,157.1672821044922
2020-02-21,71.8495101928711,155.55577087402344
2020-02-24,72.07559204101562,150.43743896484375
2020-02-25,72.13424682617188,145.84095764160156
2020-02-26,72.09232330322266,145.03524780273438
2020-02-27,72.17610931396484,138.68081665039062
2020-02-28,72.65343475341797,137.7468719482422
2020-03-02,72.6055679321289,143.45118713378906
2020-03-03,73.04193115234375,139.7520751953125
2020-03-04,73.0251235961914,145.33738708496094
2020-03-05,73.3019790649414,140.4936981201172
2020-03-06,73.80547332763672,137.8842010498047
2020-03-09,73.64604187011719,126.81428527832031
2020-03-10,72.65592956542969,133.10459899902344
2020-03-11,71.27981567382812,126.36559295654297
2020-03-12,67.40328979492188,114.07788848876953
2020-03-13,70.24776458740234,124.46112823486328
2020-03-16,70.98615264892578,110.29635620117188
2020-03-17,69.51776885986328,115.8267593383789
2020-03-18,67.83963012695312,109.15182495117188
2020-03-19,67.79766845703125,109.95758056640625
2020-03-20,68.94718170166016,105.47101593017578
2020-03-23,70.47428131103516,102.46775817871094
2020-03-24,70.54985046386719,112.19172668457031
2020-03-25,71.49801635742188,113.73912811279297
2020-03-26,71.82526397705078,120.64411926269531
2020-03-27,72.21124267578125,116.79777526855469
2020-03-30,72.2867202758789,120.3404541015625
2020-03-31,71.61548614501953,118.61973571777344
2020-04-01,71.98550415039062,113.14470672607422
2020-04-02,72.32186126708984,115.50032043457031
2020-04-03,72.28824615478516,113.53116607666016
2020-04-06,72.51528930664062,121.47225952148438
2020-04-07,72.58256530761719,121.61029052734375
2020-04-08,72.76757049560547,125.87992858886719
2020-04-09,73.56647491455078,128.23556518554688
2020-04-13,73.3310317993164,126.70807647705078
2020-04-14,73.3310317993164,130.55442810058594
2020-04-15,73.69263458251953,127.4902114868164
2020-04-16,73.73465728759766,128.0883331298828
2020-04-17,73.63373565673828,131.71380615234375
2020-04-20,73.51604461669922,129.57899475097656
2020-04-21,73.6085433959961,125.557861328125
2020-04-22,73.54967498779297,128.3919677734375
2020-04-23,73.6673812866211,128.41038513183594
2020-04-24,73.64215850830078,130.32432556152344
2020-04-27,73.38147735595703,132.6339874267578
2020-04-28,73.60013580322266,132.21994018554688
2020-04-29,73.65059661865234,135.9650115966797
2020-04-30,73.59172058105469,134.19830322265625
2020-05-01,73.56138610839844,130.49000549316406
2020-05-04,73.63721466064453,130.9868927001953
2020-05-05,73.56980895996094,132.20152282714844
2020-05-06,73.24115753173828,131.4745635986328
2020-05-07,73.47713470458984,133.1953125
2020-05-08,73.26644134521484,135.6981658935547
2020-05-11,73.03893280029297,135.7165985107422
2020-05-12,73.27487182617188,132.8272705078125
2020-05-13,73.35913848876953,130.15872192382812
2020-05-14,73.56138610839844,131.55738830566406
2020-05-15,73.60347747802734,132.34872436523438
2020-05-18,73.46871185302734,136.73797607421875
2020-05-19,73.56138610839844,135.28408813476562
2020-05-20,73.75518798828125,137.7869873046875
2020-05-21,73.83104705810547,136.9588165283203
2020-05-22,73.85631561279297,137.3452606201172
2020-05-26,73.81415557861328,139.25924682617188
2020-05-27,73.84789276123047,141.45843505859375
2020-05-28,73.87310791015625,140.97080993652344
2020-05-29,74.08380126953125,141.44007873535156
2020-06-01,74.02384948730469,142.3970184326172
2020-06-02,74.0829849243164,143.47364807128906
2020-06-03,73.91410064697266,145.70968627929688
2020-06-04,73.73681640625,145.24957275390625
2020-06-05,73.72838592529297,148.9762725830078
2020-06-08,73.80435943603516,151.0006866455078
2020-06-09,73.85499572753906,149.62045288085938
2020-06-10,74.16737365722656,148.50697326660156
2020-06-11,74.0323486328125,139.7469482421875
2020-06-12,74.10831451416016,141.67933654785156
2020-06-15,74.26026153564453,143.1975860595703
2020-06-16,74.16737365722656,145.94894409179688
2020-06-17,74.18427276611328,145.2403564453125
2020-06-18,74.26870727539062,145.3600311279297
2020-06-19,74.29402160644531,144.54104614257812
2020-06-22,74.26870727539062,145.54400634765625
2020-06-23,74.23494720458984,146.11453247070312
2020-06-24,74.24337768554688,142.1486053466797
2020-06-25,74.3193359375,143.86790466308594
2020-06-26,74.45443725585938,140.521728515625
2020-06-29,74.50506591796875,142.5830535888672
2020-06-30,74.58106231689453,144.69058227539062
2020-07-01,74.59966278076172,145.53176879882812
2020-07-02,74.71808624267578,146.1141357421875
2020-07-06,74.69270324707031,148.41578674316406
2020-07-07,74.81112670898438,146.90902709960938
2020-07-08,74.76884460449219,148.1107635498047
2020-07-09,74.97180938720703,147.1956024169922
2020-07-10,74.88721466064453,148.77626037597656
2020-07-13,74.92105865478516,147.1678924560547
2020-07-14,75.01412963867188,149.0998077392578
2020-07-15,75.02259826660156,150.94851684570312
2020-07-16,75.07329559326172,150.2737274169922
2020-07-17,75.1494369506836,150.84689331054688
2020-07-20,75.22557067871094,152.00233459472656
2020-07-21,75.26783752441406,152.43678283691406
2020-07-22,75.36936950683594,153.23171997070312
2020-07-23,75.43701934814453,151.55862426757812
2020-07-24,75.42011260986328,150.38467407226562
2020-07-27,75.36936950683594,151.6787872314453
2020-07-28,75.40316772460938,150.56956481933594
2020-07-29,75.52162170410156,152.56613159179688
2020-07-30,75.56387329101562,152.22418212890625
2020-07-31,75.66539001464844,153.0006103515625
2020-08-03,75.6391372680664,154.33175659179688
2020-08-04,75.80010223388672,154.94178771972656
2020-08-05,75.69842529296875,156.0695037841797
2020-08-06,75.81706237792969,156.82745361328125
2020-08-07,75.73231506347656,156.95692443847656
2020-08-10,75.6476058959961,157.39134216308594
2020-08-11,75.38493347167969,156.1249237060547
2020-08-12,75.19002532958984,158.2140655517578
2020-08-13,74.94432830810547,158.09388732910156
2020-08-14,74.85958099365234,158.04763793945312
2020-08-17,74.95281219482422,158.722412109375
2020-08-18,75.05448150634766,158.9627685546875
2020-08-19,74.9273910522461,158.34341430664062
2020-08-20,75.05448150634766,158.79637145996094
2020-08-21,75.21546173095703,159.19383239746094
2020-08-24,75.13074493408203,160.7190399169922
2020-08-25,74.98670196533203,161.25515747070312
2020-08-26,74.94432830810547,162.7156982421875
2020-08-27,74.67317962646484,163.10394287109375
2020-08-28,74.73248291015625,164.24090576171875
2020-08-31,74.95281219482422,163.8711395263672
2020-09-01,75.1590805053711,165.3223876953125
2020-09-02,75.32028198242188,167.5316162109375
2020-09-03,75.32881927490234,161.70814514160156
2020-09-04,74.887451171875,160.33078002929688
2020-09-08,74.9977798461914,155.82913208007812
2020-09-09,74.94685363769531,158.8795928955078
2020-09-10,74.96385955810547,156.27285766601562
2020-09-11,75.04019165039062,156.3283233642578
2020-09-14,75.04019165039062,158.76866149902344
2020-09-15,75.0826644897461,159.67454528808594
2020-09-16,75.065673828125,159.14764404296875
2020-09-17,75.065673828125,157.83505249023438
2020-09-18,74.9808120727539,156.3005828857422
2020-09-21,75.02326202392578,154.41490173339844
2020-09-22,75.0487060546875,155.9493408203125
2020-09-23,74.87895202636719,152.1871795654297
2020-09-24,74.887451171875,152.51071166992188
2020-09-25,74.87895202636719,154.96478271484375
2020-09-28,74.94685363769531,157.7770538330078
2020-09-29,74.9977798461914,156.8953094482422
2020-09-30,74.87895202636719,158.0740966796875
2020-10-01,74.95545959472656,159.39202880859375
2020-10-02,74.90447235107422,158.14834594726562
2020-10-05,74.62390899658203,160.9977569580078
2020-10-06,74.72591400146484,159.01148986816406
2020-10-07,74.62390899658203,161.7866973876953
2020-10-08,74.75140380859375,163.2067413330078
2020-10-09,74.7684326171875,164.58042907714844
2020-10-12,74.87893676757812,167.02149963378906
2020-10-13,74.93848419189453,166.13973999023438
2020-10-14,74.98097229003906,165.0352325439453
2020-10-15,74.93848419189453,165.0908966064453
2020-10-16,74.87893676757812,164.79393005371094
2020-10-19,74.81094360351562,162.4364013671875
2020-10-20,74.68338012695312,163.00259399414062
2020-10-21,74.59839630126953,162.44569396972656
2020-10-22,74.4708251953125,163.5966033935547
2020-10-23,74.56438446044922,164.1349334716797
2020-10-26,74.67488861083984,161.15554809570312
2020-10-27,74.85344696044922,160.5058135986328
2020-10-28,74.75140380859375,155.18748474121094
2020-10-29,74.58992767333984,156.65399169921875
2020-10-30,74.46238708496094,154.99256896972656
2020-11-02,74.56542205810547,156.60760498046875
2020-11-03,74.54837036132812,159.61477661132812
2020-11-04,75.05937194824219,163.09539794921875
2020-11-05,75.13602447509766,166.46458435058594
2020-11-06,74.9656982421875,166.3810577392578
2020-11-09,74.61649322509766,168.35801696777344
2020-11-10,74.4717025756836,168.07955932617188
2020-11-11,74.52284240722656,169.44400024414062
2020-11-12,74.76980590820312,167.7732696533203
2020-11-13,74.79537963867188,170.1493682861328
2020-11-16,74.83792877197266,172.2284393310547
2020-11-17,74.9656982421875,171.838623046875
2020-11-18,75.05083465576172,170.01937866210938
2020-11-19,75.20417022705078,170.96615600585938
2020-11-20,75.27227783203125,170.0657958984375
2020-11-23,75.21267700195312,171.45803833007812
2020-11-24,75.13602447509766,174.1125946044922
2020-11-25,75.10195922851562,174.047607421875
2020-11-27,75.2637939453125,174.66018676757812
2020-11-30,75.3659896850586,173.2865447998047
2020-12-01,75.13821411132812,175.48631286621094
2020-12-02,75.0102767944336,175.63473510742188
2020-12-03,75.15528869628906,175.9874267578125
2020-12-04,74.95909881591797,177.75096130371094
2020-12-07,75.06145477294922,177.55604553222656
2020-12-08,75.08702087402344,178.32640075683594
2020-12-09,74.95909881591797,176.5721893310547
2020-12-10,75.11262512207031,176.83206176757812
2020-12-11,75.2320556640625,176.51651000976562
2020-12-14,75.20646667480469,176.0153045654297
2020-12-15,75.2405776977539,178.42849731445312
2020-12-16,75.163818359375,178.67909240722656
2020-12-17,75.18087005615234,180.08062744140625
2020-12-18,75.15528869628906,179.57012939453125
2020-12-21,75.163818359375,179.05038452148438
2020-12-22,75.28324127197266,179.0874786376953
2020-12-23,75.19852447509766,179.393798828125
2020-12-24,75.3268814086914,179.69386291503906
2020-12-28,75.30121612548828,180.83082580566406
2020-12-29,75.3268814086914,180.07598876953125
2020-12-30,75.37822723388672,180.56056213378906
2020-12-31,75.48094177246094,181.38998413085938
2021-01-04,75.37822723388672,178.80856323242188
2021-01-05,75.24987030029297,180.25303649902344
2021-01-06,74.91607666015625,181.87457275390625
2021-01-07,74.76197814941406,184.79148864746094
2021-01-08,74.69353485107422,185.6861572265625
2021-01-11,74.61650848388672,184.57720947265625
2021-01-12,74.5993881225586,185.2295379638672
2021-01-13,74.79624938964844,185.43453979492188
2021-01-14,74.70208740234375,185.25747680664062
2021-01-15,74.76197814941406,183.645263671875
2021-01-19,74.8647232055664,185.32273864746094
2021-01-20,74.85616302490234,187.66184997558594
2021-01-21,74.75343322753906,187.5220489501953
2021-01-22,74.78767395019531,187.2145233154297
2021-01-25,74.95889282226562,187.74571228027344
2021-01-26,74.95030212402344,187.06539916992188
2021-01-27,74.95030212402344,182.57354736328125
2021-01-28,74.89041137695312,184.00869750976562
2021-01-29,74.83048248291016,180.7842559814453
2021-02-01,74.8553466796875,183.86891174316406
2021-02-02,74.76105499267578,186.5062713623047
2021-02-03,74.63243865966797,186.7858428955078
2021-02-04,74.64961242675781,189.15293884277344
2021-02-05,74.54672241210938,190.21534729003906
2021-02-08,74.63243865966797,191.9207305908203
2021-02-09,74.59814453125,191.9953155517578
2021-02-10,74.71817016601562,191.9114227294922
2021-02-11,74.64102935791016,192.3680419921875
2021-02-12,74.44384765625,193.36526489257812
2021-02-16,74.09241485595703,193.0204315185547
2021-02-17,74.24668884277344,192.6196746826172
2021-02-18,74.20381927490234,191.51071166992188
2021-02-19,73.9466552734375,191.94869995117188
2021-02-22,73.74093627929688,190.12216186523438
2021-02-23,73.72373962402344,190.09414672851562
2021-02-24,73.6809310913086,192.228271484375
2021-02-25,73.03797149658203,187.20518493652344
2021-02-26,73.67231750488281,186.45965576171875
2021-03-01,73.57701873779297,191.24977111816406
2021-03-02,73.56843566894531,189.4511260986328
2021-03-03,73.33660888671875,186.72059631347656
2021-03-04,73.1048355102539,183.76638793945312
2021-03-05,73.0619125366211,187.08404541015625
2021-03-08,72.7270736694336,186.1707763671875
2021-03-09,72.96746063232422,189.05970764160156
2021-03-10,73.1048355102539,190.41102600097656
2021-03-11,73.11341857910156,192.8992462158203
2021-03-12,72.67552947998047,193.28131103515625
2021-03-15,72.76139068603516,194.63262939453125
2021-03-16,72.75281524658203,193.84982299804688
2021-03-17,72.7270736694336,194.58602905273438
2021-03-18,72.42656707763672,191.04473876953125
2021-03-19,72.4866714477539,191.28700256347656
2021-03-22,72.6927490234375,192.32142639160156
2021-03-23,72.85588073730469,190.13143920898438
2021-03-24,72.96746063232422,188.5564727783203
2021-03-25,72.91593170166016,189.9515380859375
2021-03-26,72.78716278076172,193.0558624267578
2021-03-29,72.6927490234375,192.1488494873047
2021-03-30,72.77000427246094,192.09278869628906
2021-03-31,72.73567962646484,193.26156616210938
2021-04-01,72.96969604492188,195.6833038330078
2021-04-05,72.85786437988281,197.96478271484375
2021-04-06,73.11597442626953,198.03953552246094
2021-04-07,73.02993774414062,197.8712615966797
2021-04-08,73.19342803955078,199.0213623046875
2021-04-09,73.0987777709961,200.22752380371094
2021-04-12,73.08153533935547,200.28363037109375
2021-04-13,73.27090454101562,200.84463500976562
2021-04-14,73.21924591064453,200.39585876464844
2021-04-15,73.5290298461914,202.52772521972656
2021-04-16,73.33114624023438,203.0419921875
2021-04-19,73.28810119628906,201.71426391601562
2021-04-20,73.40856170654297,199.8628692626953
2021-04-21,73.48600006103516,202.2472381591797
2021-04-22,73.52043914794922,200.66702270507812
2021-04-23,73.5290298461914,203.09808349609375
2021-04-26,73.4774169921875,203.83676147460938
2021-04-27,73.28810119628906,203.74325561523438
2021-04-28,73.32251739501953,203.7152099609375
2021-04-29,73.26227569580078,204.4912872314453
2021-04-30,73.36550903320312,202.99520874023438
2021-05-03,73.38361358642578,203.3505401611328
2021-05-04,73.47843170166016,201.8264617919922
2021-05-05,73.5215072631836,201.78903198242188
2021-05-06,73.55598449707031,202.81756591796875
2021-05-07,73.5645751953125,204.5380401611328
2021-05-10,73.39227294921875,202.13499450683594
2021-05-11,73.24575805664062,200.50802612304688
2021-05-12,72.98721313476562,195.9918670654297
2021-05-13,73.13372802734375,198.15174865722656
2021-05-14,73.30606079101562,201.53656005859375
2021-05-17,73.2371597290039,201.1064910888672
2021-05-18,73.1595458984375,199.53561401367188
2021-05-19,73.08197784423828,198.9558868408203
2021-05-20,73.32328796386719,201.11581420898438
2021-05-21,73.34053039550781,201.0036163330078
2021-05-24,73.4267349243164,203.03265380859375
2021-05-25,73.61634826660156,202.4716033935547
2021-05-26,73.59048461914062,203.20095825195312
2021-05-27,73.4870376586914,203.574951171875
2021-05-28,73.47843170166016,203.92091369628906
2021-06-01,73.47325897216797,204.00506591796875
2021-06-02,73.55094146728516,204.27621459960938
2021-06-03,73.41280364990234,203.36927795410156
2021-06-04,73.70633697509766,205.13644409179688
2021-06-07,73.65451049804688,205.3047637939453
2021-06-08,73.79258728027344,205.72555541992188
2021-06-09,73.93937683105469,205.1457977294922
2021-06-10,74.09471130371094,206.05276489257812
2021-06-11,74.07749938964844,206.6605682373047
2021-06-14,73.88758087158203,206.97850036621094
2021-06-15,73.88758087158203,206.43612670898438
2021-06-16,73.680419921875,205.40762329101562
2021-06-17,73.93073272705078,205.21128845214844
2021-06-18,74.1637954711914,202.66799926757812
2021-06-21,73.90486145019531,205.4637451171875
2021-06-22,74.0084228515625,206.63253784179688
2021-06-23,73.95664978027344,206.54837036132812
2021-06-24,73.99115753173828,207.95054626464844
2021-06-25,73.85301971435547,208.7289276123047
2021-06-28,74.05158996582031,208.96343994140625
2021-06-29,74.08610534667969,208.97279357910156
2021-06-30,74.13790893554688,208.98223876953125
2021-07-01,74.13099670410156,210.11705017089844
2021-07-02,74.26065826416016,211.280029296875
2021-07-06,74.52860260009766,210.8204803466797
2021-07-07,74.68425750732422,211.1018524169922
2021-07-08,74.75340270996094,209.31979370117188
2021-07-09,74.52000427246094,211.8521728515625
2021-07-12,74.49407958984375,212.44302368164062
2021-07-13,74.26065826416016,211.26129150390625
2021-07-14,74.51138305664062,210.97056579589844
2021-07-15,74.69293212890625,210.22958374023438
2021-07-16,74.62377166748047,208.5789337158203
2021-07-19,75.04737091064453,205.6151580810547
2021-07-20,74.96952056884766,209.16976928710938
2021-07-21,74.72749328613281,211.04559326171875
2021-07-22,74.89175415039062,211.2237548828125
2021-07-23,74.80529022216797,213.33404541015625
2021-07-26,74.76207733154297,213.76544189453125
2021-07-27,74.95225524902344,212.6118621826172
2021-07-28,75.02143096923828,212.9401092529297
2021-07-29,74.89175415039062,213.87803649902344
2021-07-30,75.0041275024414,212.6118621826172
2021-08-02,75.1824722290039,212.3117218017578
2021-08-03,75.19979095458984,213.83114624023438
2021-08-04,75.19979095458984,212.8744659423828
2021-08-05,75.0266342163086,214.3938446044922
2021-08-06,74.671630859375,214.65646362304688
2021-08-09,74.53309631347656,214.57205200195312
2021-08-10,74.42052459716797,214.71275329589844
2021-08-11,74.47248077392578,215.13482666015625
2021-08-12,74.48114776611328,215.73507690429688
2021-08-13,74.77555084228516,215.8570098876953
2021-08-16,74.84480285644531,215.94139099121094
2021-08-17,74.76686096191406,214.3376007080078
2021-08-18,74.74954986572266,212.19921875
2021-08-19,74.9140625,212.0397491455078
2021-08-20,74.8967514038086,213.9436798095703
2021-08-23,74.9140625,216.01641845703125
2021-08-24,74.76686096191406,216.78549194335938
2021-08-25,74.6456527709961,217.40452575683594
2021-08-26,74.6543197631836,215.9507598876953
2021-08-27,74.87078857421875,218.27676391601562
2021-08-30,74.95735168457031,219.1020965576172
2021-08-31,74.86210632324219,218.68943786621094
2021-09-01,74.87511444091797,219.073974609375
2021-09-02,74.97917938232422,219.81492614746094
2021-09-03,74.82311248779297,219.7398681640625
2021-09-07,74.60628509521484,218.7926025390625
2021-09-08,74.72770690917969,218.27676391601562
2021-09-09,74.99655151367188,217.51705932617188
2021-09-10,74.81442260742188,215.79132080078125
2021-09-13,74.92718505859375,216.2790069580078
2021-09-14,75.10926055908203,214.975341796875
2021-09-15,75.03992462158203,216.7480010986328
2021-09-16,74.90116882324219,216.55101013183594
2021-09-17,74.80574798583984,214.81591796875
2021-09-20,75.01387023925781,211.09246826171875
2021-09-21,74.99655151367188,211.07371520996094
2021-09-22,75.07456970214844,213.2027587890625
2021-09-23,74.6756820678711,215.80072021484375
2021-09-24,74.51959228515625,216.0584716796875
2021-09-27,74.4328384399414,215.58810424804688
2021-09-28,74.1119613647461,211.0719451904297
2021-09-29,74.12063598632812,211.21307373046875
2021-09-30,74.10330963134766,208.92677307128906
2021-10-01,74.35519409179688,211.8058319091797
2021-10-04,74.30306243896484,208.61631774902344
2021-10-05,74.12065887451172,210.5639190673828
2021-10-06,74.15544128417969,211.4388885498047
2021-10-07,73.94697570800781,213.47117614746094
2021-10-08,73.76457214355469,213.000732421875
2021-10-11,73.65165710449219,211.4670867919922
2021-10-12,73.9209213256836,211.3165740966797
2021-10-13,74.12065887451172,212.27627563476562
2021-10-14,74.25096130371094,215.8044891357422
2021-10-15,74.06856536865234,217.0840606689453
2021-10-18,74.0251693725586,217.87435913085938
2021-10-19,73.81670379638672,219.46438598632812
2021-10-20,73.72982788085938,220.3206024169922
2021-10-21,73.62562561035156,220.9227752685547
2021-10-22,73.78196716308594,220.49935913085938
2021-10-25,73.81670379638672,221.8542022705078
2021-10-26,73.96434020996094,221.76950073242188
2021-10-27,74.23361206054688,220.25469970703125
2021-10-28,74.1380615234375,222.6068572998047
2021-10-29,74.15544128417969,222.89854431152344
2021-11-01,74.0979995727539,224.0087432861328
2021-11-02,74.23716735839844,224.70498657226562
2021-11-03,74.1067123413086,226.2950439453125
2021-11-04,74.44596099853516,227.15122985839844
2021-11-05,74.67216491699219,228.02621459960938
2021-11-08,74.50688171386719,228.4025421142578
2021-11-09,74.71565246582031,227.74395751953125
2021-11-10,74.21110534667969,225.5047149658203
2021-11-11,74.08930969238281,225.777587890625
2021-11-12,74.0979995727539,227.4523162841797
2021-11-15,73.79357147216797,227.4523162841797
2021-11-16,73.7413558959961,228.43077087402344
2021-11-17,73.89794158935547,227.4899139404297
2021-11-18,73.98493957519531,227.847412109375
2021-11-19,74.14152526855469,227.1982421875
2021-11-22,73.776123046875,226.1068878173828
2021-11-23,73.48040771484375,226.18211364746094
2021-11-24,73.65438079833984,226.9442138671875
2021-11-26,74.17627716064453,222.03292846679688
2021-11-29,74.16757202148438,224.12164306640625
2021-11-30,74.30677795410156,219.64317321777344
2021-12-01,74.3547134399414,216.54776000976562
2021-12-02,74.3634033203125,220.06654357910156
2021-12-03,74.65097045898438,217.51681518554688
2021-12-06,74.45053100585938,220.31118774414062
2021-12-07,74.28501892089844,225.02490234375
2021-12-08,74.05845642089844,225.99395751953125
2021-12-09,74.09329986572266,223.83944702148438
2021-12-10,74.11947631835938,225.36355590820312
2021-12-13,74.37213897705078,223.31248474121094
2021-12-14,74.2501449584961,221.63775634765625
2021-12-15,74.15431213378906,225.0531005859375
2021-12-16,74.2501449584961,222.5316162109375
2021-12-17,74.38086700439453,221.51548767089844
2021-12-20,74.25888061523438,218.4012451171875
2021-12-21,74.18046569824219,222.68214416503906
2021-12-22,74.25888061523438,224.88377380371094
2021-12-23,74.1461181640625,226.43614196777344
2021-12-27,74.18109130859375,229.40953063964844
2021-12-28,74.17234802246094,228.9374237060547
2021-12-29,73.9276123046875,229.06959533691406
2021-12-30,74.09365844726562,228.70138549804688
2021-12-31,74.07618713378906,227.9743194580078
2022-01-03,73.57796478271484,229.4189910888672
2022-01-04,73.56922149658203,228.98460388183594
2022-01-05,73.31575012207031,224.01797485351562
2022-01-06,73.23709869384766,223.9613037109375
2022-01-07,73.03606414794922,222.9415740966797
2022-01-10,72.97488403320312,222.55442810058594
2022-01-11,73.12344360351562,224.7733917236328
2022-01-12,73.09723663330078,225.1227264404297
2022-01-13,73.21958923339844,221.82736206054688
2022-01-14,72.8175277709961,221.912353515625
2022-01-18,72.36302947998047,217.5972442626953
2022-01-19,72.53784942626953,215.31219482421875
2022-01-20,72.61652374267578,212.8005828857422
2022-01-21,72.88745880126953,208.58929443359375
2022-01-24,72.77384185791016,209.9300994873047
2022-01-25,72.67769622802734,206.9935760498047
2022-01-26,72.27562713623047,206.19097900390625
2022-01-27,72.5115966796875,204.66131591796875
2022-01-28,72.59903717041016,209.70352172851562
2022-01-31,72.54657745361328,214.1602783203125
2022-02-01,72.51770782470703,215.79376220703125
2022-02-02,72.62274932861328,217.2195587158203
2022-02-03,72.31636047363281,212.05465698242188
2022-02-04,71.86983489990234,213.46151733398438
2022-02-07,71.93110656738281,212.92333984375
2022-02-08,71.69473266601562,214.87786865234375
2022-02-09,71.74727630615234,218.37149047851562
2022-02-10,71.09064483642578,214.67013549804688
2022-02-11,71.55464935302734,210.50608825683594
2022-02-14,71.15193176269531,209.73184204101562
2022-02-15,71.0030746459961,213.46151733398438
2022-02-16,71.09938049316406,213.65980529785156
2022-02-17,71.25698852539062,208.80648803710938
2022-02-18,71.37954711914062,207.1352081298828
2022-02-22,71.33575439453125,204.75576782226562
2022-02-23,70.97681427001953,200.98825073242188
2022-02-24,71.13441467285156,204.51025390625
2022-02-25,71.19568634033203,209.06143188476562
2022-02-28,71.72098541259766,208.83480834960938
2022-03-01,72.09716796875,205.5772247314453
2022-03-02,71.21154022216797,209.4768829345703
2022-03-03,71.5271987915039,207.88113403320312
2022-03-04,71.78148651123047,205.8038330078125
2022-03-07,71.43077087402344,199.4586181640625
2022-03-08,71.09751892089844,198.33502197265625
2022-03-09,70.90462493896484,203.83985900878906
2022-03-10,70.52755737304688,202.9239501953125
2022-03-11,70.47494506835938,200.1667938232422
2022-03-14,69.82604217529297,198.193359375
2022-03-15,69.94005584716797,202.3290557861328
2022-03-16,70.04527282714844,207.39013671875
2022-03-17,70.10665893554688,210.16619873046875
2022-03-18,70.30834197998047,212.62115478515625
2022-03-21,69.58930206298828,212.42286682128906
2022-03-22,69.41392517089844,215.02894592285156
2022-03-23,69.72962951660156,212.1002655029297
2022-03-24,69.64191436767578,215.1217498779297
2022-03-25,69.028076171875,216.04052734375
2022-03-28,69.22976684570312,217.4423370361328
2022-03-29,69.53669738769531,220.7384796142578
2022-03-30,69.6945571899414,218.94833374023438
2022-03-31,69.74714660644531,215.6427001953125
2022-04-01,69.59596252441406,216.50465393066406
2022-04-04,69.64869689941406,218.34213256835938
2022-04-05,68.9454345703125,215.15017700195312
2022-04-06,68.73442840576172,212.6780548095703
2022-04-07,68.59378051757812,213.48312377929688
2022-04-08,68.2245864868164,212.82012939453125
2022-04-11,67.90812683105469,209.4955596923828
2022-04-12,68.12787628173828,208.85145568847656
2022-04-13,68.2070083618164,211.58880615234375
2022-04-14,67.7410888671875,209.0125274658203
2022-04-18,67.52132415771484,208.652587890625
2022-04-19,67.099365234375,212.32757568359375
2022-04-20,67.52132415771484,212.05291748046875
2022-04-21,67.16089630126953,208.58627319335938
2022-04-22,67.07298278808594,202.90321350097656
2022-04-25,67.49495697021484,204.0113983154297
2022-04-26,67.6707534790039,198.19581604003906
2022-04-27,67.45980834960938,198.58412170410156
2022-04-28,67.43343353271484,203.4241485595703
2022-04-29,66.97633361816406,195.95098876953125
2022-05-02,66.63372802734375,197.4285430908203
2022-05-03,66.79225158691406,198.3662567138672
2022-05-04,67.22377014160156,204.18191528320312
2022-05-05,66.5544662475586,196.65187072753906
2022-05-06,66.27264404296875,195.07009887695312
2022-05-09,66.57206726074219,188.15577697753906
2022-05-10,66.76580810546875,188.53463745117188
2022-05-11,66.99479675292969,185.12481689453125
2022-05-12,67.12690734863281,185.32373046875
2022-05-13,66.88030242919922,190.2869110107422
2022-05-16,66.98597717285156,189.3491973876953
2022-05-17,66.58968353271484,193.39358520507812
2022-05-18,66.87149810791016,185.8257293701172
2022-05-19,67.01242065429688,185.00169372558594
2022-05-20,67.21498107910156,185.00169372558594
2022-05-23,66.97720336914062,188.16522216796875
2022-05-24,67.5232162475586,186.28036499023438
2022-05-25,67.79622650146484,188.35467529296875
2022-05-26,67.72578430175781,192.20965576171875
2022-05-27,67.9195556640625,197.07814025878906
2022-05-31,67.53202819824219,195.45846557617188
2022-06-01,67.23023986816406,194.1703338623047
2022-06-02,67.2920150756836,198.12945556640625
2022-06-03,67.19495391845703,194.96592712402344
2022-06-06,66.79789733886719,195.543701171875
2022-06-07,67.02729797363281,197.6653594970703
2022-06-08,66.75376892089844,195.448974609375
2022-06-09,66.66552734375,190.7699737548828
2022-06-10,66.10076141357422,185.10586547851562
2022-06-13,65.03308868408203,177.54745483398438
2022-06-14,64.68010711669922,177.0454559326172
2022-06-15,65.42134094238281,179.62173461914062
2022-06-16,65.5625,173.3514862060547
2022-06-17,65.59783172607422,174.00503540039062
2022-06-21,65.29781341552734,178.21995544433594
2022-06-22,65.83604431152344,178.19151306152344
2022-06-23,66.15373229980469,179.8072052001953
2022-06-24,66.03019714355469,185.6175537109375
2022-06-27,65.71250915527344,185.04696655273438
2022-06-28,65.74783325195312,181.23362731933594
2022-06-29,66.12725830078125,180.9293212890625
2022-06-30,66.40962219238281,179.36976623535156
2022-07-01,66.93924713134766,181.2621612548828
2022-07-05,67.05416870117188,181.90878295898438
2022-07-06,66.64744567871094,182.27017211914062
2022-07-07,66.46177673339844,185.2751922607422
2022-07-08,66.24072265625,185.08499145507812
2022-07-11,66.48831176757812,182.7456512451172
2022-07-12,66.60322570800781,181.1670684814453
2022-07-13,66.81543731689453,180.37777709960938
2022-07-14,66.60322570800781,179.57891845703125
2022-07-15,66.84196472167969,183.06900024414062
2022-07-18,66.63859558105469,181.80418395996094
2022-07-19,66.5855712890625,186.88232421875
2022-07-20,66.52369689941406,188.39431762695312
2022-07-21,67.07183837890625,190.25820922851562
2022-07-22,67.62003326416016,188.19464111328125
2022-07-25,67.3724594116211,188.451416015625
2022-07-26,67.39013671875,186.12155151367188
2022-07-27,67.57582092285156,191.00949096679688
2022-07-28,68.04440307617188,193.50100708007812
2022-07-29,67.99140167236328,196.13514709472656
2022-08-01,68.2863540649414,195.67868041992188
2022-08-02,67.59535217285156,194.6231231689453
2022-08-03,67.93199920654297,197.75177001953125
2022-08-04,68.10034942626953,197.56158447265625
2022-08-05,67.32958984375,197.49502563476562
2022-08-08,67.63079071044922,197.67568969726562
2022-08-09,67.48019409179688,196.42994689941406
2022-08-10,67.66624450683594,200.90895080566406
2022-08-11,67.28528594970703,200.91845703125
2022-08-12,67.59535217285156,204.39898681640625
2022-08-15,67.66624450683594,205.19775390625
2022-08-16,67.57763671875,205.6352081298828
2022-08-17,67.17897033691406,203.7903594970703
2022-08-18,67.30300903320312,204.3228759765625
2022-08-19,66.87776947021484,201.40342712402344
2022-08-22,66.57658386230469,197.0956268310547
2022-08-23,66.54997253417969,196.72474670410156
2022-08-24,66.38166809082031,197.55209350585938
2022-08-25,66.744873046875,200.41445922851562
2022-08-26,66.61199951171875,193.77674865722656
2022-08-29,66.310791015625,192.35983276367188
2022-08-30,66.36392211914062,190.2201690673828
2022-08-31,66.08930206298828,188.82225036621094
2022-09-01,65.73064422607422,188.9364013671875
2022-09-02,65.89933013916016,187.0630340576172
2022-09-06,65.30453491210938,186.30223083496094
2022-09-07,65.7750473022461,189.7446746826172
2022-09-08,65.57086181640625,191.2472381591797
2022-09-09,65.54421997070312,194.4233856201172
2022-09-12,65.46430969238281,196.5155487060547
2022-09-13,65.13583374023438,188.07102966308594
2022-09-14,65.21573638916016,188.80325317382812
2022-09-15,65.02043151855469,186.7872314453125
2022-09-16,64.94939422607422,185.08499145507812
2022-09-19,64.90503692626953,186.3973388671875
2022-09-20,64.58544921875,184.22914123535156
2022-09-21,64.7629623413086,181.08145141601562
2022-09-22,64.09716796875,179.05592346191406
2022-09-23,63.919593811035156,175.9674530029297
2022-09-26,63.102840423583984,174.03839111328125
2022-09-27,62.827640533447266,173.78054809570312
2022-09-28,63.8041877746582,177.4381561279297
2022-09-29,63.47572326660156,173.7518768310547
2022-09-30,63.32477569580078,171.39306640625
2022-10-03,63.85506057739258,175.747802734375
2022-10-04,64.01520538330078,181.39186096191406
2022-10-05,63.677093505859375,181.04803466796875
2022-10-06,63.4368896484375,179.3195037841797
2022-10-07,63.107696533203125,174.19117736816406
2022-10-10,62.82297897338867,172.8064422607422
2022-10-11,62.840789794921875,171.69866943359375
2022-10-12,62.91195297241211,171.23069763183594
2022-10-13,62.68952560424805,175.48043823242188
2022-10-14,62.38702392578125,171.34527587890625
2022-10-17,62.52048110961914,175.9197540283203
2022-10-18,62.66283416748047,178.06849670410156
2022-10-19,62.14680480957031,176.5500030517578
2022-10-20,61.728633880615234,175.02203369140625
2022-10-21,61.835391998291016,179.05210876464844
2022-10-24,61.74643325805664,180.98118591308594
2022-10-25,62.33366012573242,184.25685119628906
2022-10-26,62.58274459838867,183.12039184570312
2022-10-27,62.91195297241211,182.2609405517578
2022-10-28,62.787410736083984,186.5010986328125
2022-10-31,62.59164810180664,185.2978057861328
2022-11-01,62.65678024291992,184.72476196289062
2022-11-02,62.55866241455078,179.86386108398438
2022-11-03,62.31785202026367,178.1448516845703
2022-11-04,62.335697174072266,180.43687438964844
2022-11-07,62.094947814941406,182.0794219970703
2022-11-08,62.37137222290039,183.03445434570312
2022-11-09,62.46058654785156,179.09031677246094
2022-11-10,63.75365447998047,189.2228240966797
2022-11-11,63.75365447998047,191.15191650390625
2022-11-14,63.54853439331055,189.42335510253906
2022-11-15,63.99445343017578,191.34291076660156
2022-11-16,64.36006164550781,189.3947296142578
2022-11-17,64.0925521850586,188.6020965576172
2022-11-18,63.98554611206055,189.49020385742188
2022-11-21,63.98554611206055,188.68801879882812
2022-11-22,64.31547546386719,191.16146850585938
2022-11-23,64.70787048339844,192.3265380859375
2022-11-25,64.70787048339844,192.46978759765625
2022-11-28,64.62760162353516,189.34698486328125
2022-11-29,64.3868179321289,189.0509033203125
2022-11-30,64.88623046875,194.8763885498047
2022-12-01,65.42695617675781,194.990966796875
2022-12-02,65.69512939453125,194.8095245361328
2022-12-05,65.17670440673828,190.98001098632812
2022-12-06,65.39122009277344,188.11500549316406
2022-12-07,65.96326446533203,187.80943298339844
2022-12-08,65.77554321289062,189.4329376220703
2022-12-09,65.39122009277344,187.8476104736328
2022-12-12,65.39122009277344,190.5502471923828
2022-12-13,65.838134765625,191.9732208251953
2022-12-14,65.99899291992188,190.90359497070312
2022-12-15,66.0347671508789,186.14773559570312
2022-12-16,65.86494445800781,184.01808166503906
2022-12-19,65.47164154052734,182.1654052734375
2022-12-20,65.04264068603516,182.54739379882812
2022-12-21,65.194580078125,185.30731201171875
2022-12-22,65.18563079833984,182.67898559570312
2022-12-23,64.98139190673828,183.68655395507812
2022-12-27,64.47965240478516,182.91888427734375
2022-12-28,64.39007568359375,180.6158905029297
2022-12-29,64.63197326660156,183.93603515625
2022-12-30,64.36319732666016,183.46585083007812
2023-01-03,64.70364379882812,182.7174072265625
2023-01-04,65.07096099853516,184.3390655517578
2023-01-05,64.99928283691406,182.18002319335938
2023-01-06,65.71605682373047,186.2007293701172
2023-01-09,65.89521789550781,186.27748107910156
2023-01-10,65.63540649414062,187.74566650390625
2023-01-11,65.98480987548828,190.22146606445312
2023-01-12,66.49549865722656,191.14266967773438
2023-01-13,66.27152252197266,191.95831298828125
2023-01-17,66.18192291259766,191.69923400878906
2023-01-18,66.7911376953125,188.67649841308594
2023-01-19,66.65673828125,187.1411590576172
2023-01-20,66.36109924316406,190.73001098632812
2023-01-23,66.19983673095703,193.14820861816406
2023-01-24,66.49549865722656,192.83154296875
2023-01-25,66.57611083984375,192.92747497558594
2023-01-26,66.45067596435547,194.91387939453125
2023-01-27,66.37904357910156,195.70077514648438
2023-01-30,66.19088745117188,193.0810546875
2023-01-31,66.49549865722656,196.17095947265625
2023-02-01,66.92296600341797,198.56036376953125
2023-02-02,66.9678726196289,201.52554321289062
2023-02-03,66.37516021728516,199.44320678710938
2023-02-06,65.9620361328125,197.94622802734375
2023-02-07,65.87224578857422,200.4412078857422
2023-02-08,65.98898315429688,198.30125427246094
2023-02-09,65.71955108642578,196.37249755859375
2023-02-10,65.44117736816406,196.7275390625
2023-02-13,65.62077331542969,199.0689697265625
2023-02-14,65.39627075195312,199.14573669433594
2023-02-15,65.25257110595703,200.0381622314453
2023-02-16,65.00112915039062,197.3704833984375
2023-02-17,65.14482116699219,196.79470825195312
2023-02-21,64.57904815673828,192.71641540527344
2023-02-22,64.72273254394531,192.55328369140625
2023-02-23,64.95621490478516,193.5800323486328
2023-02-24,64.59699249267578,191.42091369628906
2023-02-27,64.70477294921875,192.10226440429688
2023-02-28,64.72273254394531,191.45933532714844
2023-03-01,64.33927154541016,191.91993713378906
2023-03-02,64.20426940917969,192.2174072265625
2023-03-03,64.69933319091797,195.34571838378906
2023-03-06,64.54629516601562,195.0866241455078
2023-03-07,64.47431945800781,192.17906188964844
2023-03-08,64.42029571533203,192.4285125732422
2023-03-09,64.63632202148438,188.62852478027344
2023-03-10,65.41040802001953,185.4522247314453
2023-03-13,65.93244171142578,184.6845703125
2023-03-14,65.51840209960938,187.97598266601562
2023-03-15,66.1935043334961,186.52700805664062
2023-03-16,65.8784408569336,189.75125122070312
2023-03-17,66.35552215576172,187.30426025390625
2023-03-20,66.0674819946289,188.93557739257812
2023-03-21,65.88743591308594,191.63206481933594
2023-03-22,66.4725341796875,188.20626831054688
2023-03-23,66.62554168701172,188.54925537109375
2023-03-24,66.76053619384766,189.7343292236328
2023-03-27,66.0674819946289,190.216064453125
2023-03-28,65.95045471191406,189.94627380371094
2023-03-29,66.02249908447266,192.68252563476562
2023-03-30,66.11248779296875,193.72305297851562
2023-03-31,66.45454406738281,196.64234924316406
2023-04-03,66.73696899414062,197.16262817382812
2023-04-04,67.00765228271484,195.84266662597656
2023-04-05,67.18812561035156,195.1297149658203
2023-04-06,67.1700668334961,195.77520751953125
2023-04-10,66.71890258789062,196.2184295654297
2023-04-11,66.74598693847656,196.42076110839844
2023-04-12,66.81817626953125,195.5921630859375
2023-04-13,66.7820816040039,198.13571166992188
2023-04-14,66.48432922363281,197.58651733398438
2023-04-17,66.12338256835938,198.37657165527344
2023-04-18,66.22262573242188,198.47291564941406
2023-04-19,66.13239288330078,198.56927490234375
2023-04-20,66.42115783691406,197.3360137939453
2023-04-21,66.3038558959961,197.5094451904297
2023-04-24,66.56552124023438,197.58651733398438
2023-04-25,66.9986572265625,194.29148864746094
2023-04-26,66.7640380859375,193.4147491455078
2023-04-27,66.47529602050781,197.04701232910156
2023-04-28,66.84525299072266,198.761962890625
2023-05-01,66.15779113769531,198.6656036376953
2023-05-02,66.80908203125,196.23770141601562
2023-05-03,67.08942413330078,195.09117126464844
2023-05-04,66.99900817871094,193.63636779785156
2023-05-05,66.75479125976562,197.21078491210938
2023-05-08,66.43820190429688,197.4227752685547
2023-05-09,66.36583709716797,196.61343383789062
2023-05-10,66.77287292480469,197.4805450439453
2023-05-11,66.98995971679688,197.2204132080078
2023-05-12,66.63720703125,196.75794982910156
2023-05-15,66.46533966064453,197.5961456298828
2023-05-16,66.30252838134766,196.06423950195312
2023-05-17,66.1849136352539,198.60780334472656
2023-05-18,65.91357421875,200.58290100097656
2023-05-19,65.73265075683594,200.10118103027344
2023-05-22,65.7145767211914,200.44801330566406
2023-05-23,65.7597885131836,198.3284149169922
2023-05-24,65.5788803100586,196.79649353027344
2023-05-25,65.33468627929688,198.13571166992188
2023-05-26,65.41609191894531,200.74668884277344
2023-05-30,65.8502426147461,200.81410217285156
2023-05-31,66.06734466552734,199.60977172851562
2023-06-01,66.2459945678711,201.60418701171875
2023-06-02,65.87419128417969,204.937744140625
2023-06-05,65.88323974609375,204.398193359375
2023-06-06,65.97393035888672,205.33274841308594
2023-06-07,65.60209655761719,204.9281005859375
2023-06-08,65.92857360839844,205.89157104492188
2023-06-09,65.79254150390625,206.11317443847656
2023-06-12,65.92857360839844,207.9630126953125
2023-06-13,65.63839721679688,209.4949188232422
2023-06-14,65.69280242919922,209.4949188232422
2023-06-15,66.10088348388672,212.04806518554688
2023-06-16,65.95580291748047,211.2484130859375
2023-06-20,66.04647064208984,210.20787048339844
2023-06-21,66.1552963256836,209.0517120361328
2023-06-22,65.83790588378906,209.6105194091797
2023-06-23,66.02835845947266,207.87644958496094
2023-06-26,66.10997009277344,207.15110778808594
2023-06-27,65.98300170898438,209.67532348632812
2023-06-28,66.19158172607422,209.84939575195312
2023-06-29,65.69280242919922,210.85525512695312
2023-06-30,65.9195327758789,213.04095458984375
2023-07-03,65.73223876953125,213.67929077148438
2023-07-05,65.45945739746094,213.0312957763672
2023-07-06,65.04126739501953,211.1356964111328
2023-07-07,65.00492095947266,210.87457275390625
2023-07-10,65.23219299316406,211.7933807373047
2023-07-11,65.36859130859375,213.45680236816406
2023-07-12,65.88679504394531,215.09127807617188
2023-07-13,66.28683471679688,216.90948486328125
2023-07-14,65.97769927978516,216.59036254882812
2023-07-17,66.05043029785156,217.4124298095703
2023-07-18,66.1322250366211,219.1436004638672
2023-07-19,66.28683471679688,219.71420288085938
2023-07-20,65.97769927978516,218.1280975341797
2023-07-21,66.0231704711914,218.10874938964844
2023-07-24,65.91407012939453,218.88246154785156
2023-07-25,65.84133911132812,219.43373107910156
2023-07-26,66.05951690673828,219.59815979003906
2023-07-27,65.49583435058594,217.90565490722656
2023-07-28,65.72312927246094,220.17845153808594
2023-07-31,65.84133911132812,220.84576416015625
2023-08-01,65.4338607788086,220.24612426757812
2023-08-02,65.22419738769531,217.1222686767578
2023-08-03,64.82308197021484,216.49366760253906
2023-08-04,65.3609390258789,215.57485961914062
2023-08-07,65.26065826416016,217.22866821289062
2023-08-08,65.49765014648438,216.2228546142578
2023-08-09,65.5158920288086,214.6754150390625
2023-08-10,65.1512451171875,214.714111328125
2023-08-11,64.94158172607422,214.51101684570312
2023-08-14,64.85956573486328,215.57485961914062
2023-08-15,64.71369171142578,213.1279754638672
2023-08-16,64.5313949584961,211.36781311035156
2023-08-17,64.46757507324219,209.63661193847656
2023-08-18,64.60428619384766,209.87840270996094
2023-08-21,64.29438781738281,211.08734130859375
2023-08-22,64.37641143798828,210.52639770507812
2023-08-23,64.95980834960938,212.8281707763672
2023-08-24,64.80485534667969,209.9751434326172
2023-08-25,64.80485534667969,211.40647888183594
2023-08-28,64.92337036132812,212.76048278808594
2023-08-29,65.32447814941406,215.85531616210938
2023-08-30,65.29710388183594,216.8127899169922
2023-08-31,65.40650177001953,216.5806884765625
2023-09-01,65.09204864501953,217.2963409423828
2023-09-05,64.73555755615234,216.00039672851562
2023-09-06,64.66242980957031,214.64639282226562
2023-09-07,64.88182067871094,213.91136169433594
2023-09-08,64.90009307861328,214.14349365234375
2023-09-11,64.79954528808594,215.48782348632812
2023-09-12,64.84526062011719,214.4433135986328
2023-09-13,64.9457778930664,214.4723358154297
2023-09-14,64.83612060546875,216.3098907470703
2023-09-15,64.70814514160156,213.76629638671875
2023-09-18,64.7721176147461,213.78565979003906
2023-09-19,64.63502502441406,213.24404907226562
2023-09-20,64.55274200439453,211.35813903808594
2023-09-21,64.15055084228516,207.81321716308594
2023-09-22,64.41563415527344,207.3764190673828
2023-09-25,63.940303802490234,208.21119689941406
2023-09-26,63.876312255859375,205.21180725097656
2023-09-27,63.64780044555664,205.42535400390625
2023-09-28,63.81234359741211,206.78428649902344
2023-09-29,63.78490447998047,206.18246459960938
2023-10-02,63.346778869628906,205.91067504882812
2023-10-03,62.83348083496094,202.92098999023438
2023-10-04,63.245941162109375,204.38668823242188
2023-10-05,63.29178237915039,204.27992248535156
2023-10-06,63.04430389404297,206.7163543701172
2023-10-09,63.68592834472656,208.0170440673828
2023-10-10,63.62175369262695,209.3080596923828
2023-10-11,63.91506576538086,210.1331329345703
2023-10-12,63.365108489990234,208.4441680908203
2023-10-13,63.658409118652344,207.26963806152344
2023-10-16,63.32844161987305,209.67691040039062
2023-10-17,62.915977478027344,209.94871520996094
2023-10-18,62.64100646972656,206.842529296875
2023-10-19,62.36601638793945,204.89146423339844
2023-10-20,62.59516525268555,202.35800170898438
2023-10-23,62.83348083496094,201.8046875
2023-10-24,63.04430389404297,203.3286590576172
2023-10-25,62.56766891479492,200.30982971191406
2023-10-26,62.989315032958984,198.23255920410156
2023-10-27,62.989315032958984,197.1648406982422
2023-10-30,62.83348083496094,199.4362335205078
2023-10-31,62.81513595581055,200.72723388671875
2023-11-01,63.4246711730957,202.73655700683594
2023-11-02,63.792396545410156,206.76486206054688
2023-11-03,64.16931915283203,209.09451293945312
2023-11-06,63.89353942871094,209.181884765625
2023-11-07,64.21527099609375,209.80311584472656
2023-11-08,64.41754150390625,209.77398681640625
2023-11-09,63.939476013183594,207.98793029785156
2023-11-10,64.05902099609375,211.08441162109375
2023-11-13,64.0406265258789,210.95822143554688
2023-11-14,64.82207489013672,215.63687133789062
2023-11-15,64.4635009765625,216.17079162597656
2023-11-16,64.84963989257812,216.02517700195312
2023-11-17,64.94155883789062,216.5687713623047
2023-11-20,65.03349304199219,218.19949340820312
2023-11-21,65.12540435791016,217.6073760986328
2023-11-22,65.18060302734375,218.5392608642578
2023-11-24,64.86801147460938,218.772216796875
2023-11-27,65.2633285522461,218.49073791503906
2023-11-28,65.53913879394531,218.62657165527344
2023-11-29,65.8792724609375,218.7236785888672
2023-11-30,65.6678237915039,219.62640380859375
2023-12-01,66.2034683227539,221.4804229736328
2023-12-04,65.93610382080078,220.68446350097656
2023-12-05,66.36019134521484,220.25735473632812
2023-12-06,66.55377960205078,219.32550048828125
2023-12-07,66.53535461425781,221.0824432373047
2023-12-08,66.21271514892578,222.14048767089844
2023-12-11,66.22190856933594,223.0529022216797
2023-12-12,66.4155044555664,223.8974151611328
2023-12-13,67.26365661621094,227.37246704101562
2023-12-14,67.770751953125,228.72171020507812
2023-12-15,67.6693344116211,228.41107177734375
2023-12-18,67.53102111816406,229.40118408203125
2023-12-19,67.66010284423828,231.08042907714844
2023-12-20,67.8813705444336,227.634521484375
2023-12-21,67.87214660644531,230.15159606933594
2023-12-22,67.82682800292969,230.67800903320312
2023-12-26,67.8915786743164,231.8185577392578
2023-12-27,68.32612609863281,232.25726318359375
2023-12-28,68.15969848632812,232.14028930664062
2023-12-29,68.00251007080078,231.25315856933594
2024-01-02,67.71590423583984,229.7031707763672
2024-01-03,67.77137756347656,227.5
2024-01-04,67.46626281738281,226.91510009765625
2024-01-05,67.26285552978516,227.2563018798828
2024-01-08,67.55873107910156,230.50254821777344
2024-01-09,67.54947662353516,230.07359313964844
2024-01-10,67.42929077148438,231.2628936767578
2024-01-11,67.78062438964844,231.10694885253906
2024-01-12,67.91930389404297,231.1459197998047
2024-01-16,67.43851470947266,230.07359313964844
2024-01-17,67.2813491821289,228.6893310546875
2024-01-18,67.18888854980469,230.70726013183594
2024-01-19,67.18888854980469,233.51478576660156
2024-01-22,67.29985046386719,234.52862548828125
2024-01-23,67.14266204833984,234.9575958251953
2024-01-24,67.00399017333984,234.91859436035156
2024-01-25,67.31832885742188,236.22488403320312
2024-01-26,67.21661376953125,236.02989196777344
2024-01-29,67.4847412109375,238.17459106445312
2024-01-30,67.60494232177734,237.84315490722656
2024-01-31,67.8915786743164,233.83648681640625
2024-02-01,68.30142211914062,236.98526000976562
2024-02-02,67.68942260742188,239.012939453125
2024-02-05,67.1516342163086,237.88214111328125
2024-02-06,67.46688842773438,238.6912384033203
2024-02-07,67.33706665039062,240.57269287109375
2024-02-08,67.160888671875,241.1673583984375
2024-02-09,67.10526275634766,242.63937377929688
2024-02-12,67.1238021850586,242.8733367919922
2024-02-13,66.53966522216797,238.98367309570312
2024-02-14,66.78999328613281,241.6255340576172
2024-02-15,66.97544860839844,243.48748779296875
2024-02-16,66.76216888427734,242.21044921875
2024-02-20,66.84564208984375,240.68966674804688
2024-02-21,66.66018676757812,240.73843383789062
2024-02-22,66.68799591064453,245.4956817626953
2024-02-23,66.9290771484375,245.66140747070312
2024-02-26,66.80853271484375,244.92051696777344
2024-02-27,66.7065658569336,245.60292053222656
2024-02-28,66.85491180419922,245.19346618652344
2024-02-29,66.96617889404297,246.22679138183594
2024-03-01,67.24698638916016,248.48846435546875
2024-03-04,67.08892059326172,248.24473571777344
2024-03-05,67.45156860351562,245.61265563964844
2024-03-06,67.57245635986328,247.065185546875
2024-03-07,67.68402099609375,249.47305297851562
2024-03-08,67.74910736083984,248.0302734375
2024-03-11,67.72119903564453,247.630615234375
2024-03-12,67.51665496826172,250.0774688720703
2024-03-13,67.40505981445312,249.7655029296875
2024-03-14,67.00521087646484,248.80039978027344
2024-03-15,66.96802520751953,247.32838439941406
2024-03-18,66.88435363769531,248.58595275878906
2024-03-19,67.06101989746094,250.0189666748047
2024-03-20,67.18189239501953,252.55361938476562
2024-03-21,67.23768615722656,253.5966339111328
2024-03-22,67.46086883544922,252.88348388671875
2024-03-25,67.33067321777344,252.31610107421875
2024-03-26,67.386474609375,251.8660888671875
2024-03-27,67.61893463134766,254.08680725097656
2024-03-28,67.53523254394531,254.25306701660156
2024-04-01,67.07453155517578,254.05743408203125
2024-04-02,66.99993133544922,251.7095184326172
2024-04-03,67.04653930664062,252.10086059570312
2024-04-04,67.18643188476562,249.0780029296875
2024-04-05,66.85069274902344,251.59213256835938
2024-04-08,66.79472351074219,251.88565063476562
2024-04-09,67.0372085571289,252.24761962890625
2024-04-10,66.25382232666016,249.43019104003906
2024-04-11,66.25382232666016,251.12261962890625
2024-04-12,66.40303039550781,247.5030059814453
2024-04-15,65.96471405029297,244.46055603027344
2024-04-16,65.79682922363281,243.7268524169922
2024-04-17,66.1139144897461,242.29856872558594
2024-04-18,65.93672180175781,241.79965209960938
2024-04-19,66.02066040039062,239.9018096923828
2024-04-22,66.04862976074219,242.2594451904297
2024-04-23,66.16987609863281,245.14535522460938
2024-04-24,66.00201416015625,245.20404052734375
2024-04-25,65.81548309326172,244.03993225097656
2024-04-26,65.96471405029297,246.3094940185547
2024-04-29,66.16056060791016,247.2779998779297
2024-04-30,65.90873718261719,243.20838928222656
2024-05-01,66.14635467529297,242.6018524169922
2024-05-02,66.40827178955078,245.11598205566406
2024-05-03,66.74504089355469,248.02146911621094
2024-05-06,66.81050109863281,250.68238830566406
2024-05-07,66.94148254394531,250.9073944091797
2024-05-08,66.78245544433594,250.7312774658203
2024-05-09,66.9601821899414,252.2084503173828
2024-05-10,66.7730941772461,252.4432373046875
2024-05-13,66.8292236328125,252.5802459716797
2024-05-14,67.02568817138672,253.81285095214844
2024-05-15,67.45600128173828,256.93353271484375
2024-05-16,67.34375,256.23895263671875
2024-05-17,67.17534637451172,256.60089111328125
2024-05-20,67.10985565185547,256.8650817871094
2024-05-21,67.25018310546875,257.393310546875
2024-05-22,67.16600799560547,256.522705078125
2024-05-23,66.96952819824219,254.3411102294922
2024-05-24,67.04438781738281,256.1802062988281
2024-05-28,66.72633361816406,256.1802062988281
2024-05-29,66.48311614990234,254.07701110839844
2024-05-30,66.7730941772461,252.8345947265625
2024-05-31,67.01632690429688,254.78134155273438
2024-06-03,67.3907241821289,254.85960388183594
2024-06-04,67.64407348632812,254.83029174804688
2024-06-05,67.83174133300781,257.950927734375
2024-06-06,67.84112548828125,257.7259521484375
2024-06-07,67.29688262939453,257.23681640625
2024-06-10,67.19366455078125,258.0976867675781
2024-06-11,67.46578216552734,258.53790283203125
2024-06-12,67.77546691894531,260.9737243652344
2024-06-13,68.07569885253906,261.0911865234375
2024-06-14,68.17890930175781,260.8955383300781
2024-06-17,67.92556762695312,262.88140869140625
2024-06-18,68.16014099121094,263.5466003417969
2024-06-20,68.0287857055664,262.88140869140625
2024-06-21,68.04753112792969,262.4803466796875
2024-06-24,68.08507537841797,262.04010009765625
2024-06-25,68.12260437011719,262.9009704589844
2024-06-26,67.80358123779297,262.8912353515625
2024-06-27,67.92556762695312,263.5270690917969
2024-06-28,67.60652923583984,262.6258544921875
2024-07-01,67.24981689453125,263.1559753417969
2024-07-02,67.44747924804688,264.6777038574219
2024-07-03,67.83336639404297,265.7674560546875
2024-07-05,68.14396667480469,267.15167236328125
2024-07-08,68.14396667480469,267.5149230957031
2024-07-09,68.11572265625,267.44622802734375
2024-07-10,68.17220306396484,270.0379943847656
2024-07-11,68.51102447509766,268.8304748535156
2024-07-12,68.68987274169922,270.607421875
2024-07-15,68.47340393066406,271.765869140625
2024-07-16,68.73693084716797,274.00421142578125
2024-07-17,68.80281066894531,270.1361999511719
2024-07-18,68.62398529052734,267.7799987792969
2024-07-19,68.44515228271484,266.1109924316406
2024-07-22,68.41693115234375,268.8893737792969
2024-07-23,68.42633056640625,268.6930236816406
2024-07-24,68.22867584228516,262.64544677734375
2024-07-25,68.37928009033203,261.6343078613281
2024-07-26,68.65222930908203,264.76605224609375
2024-07-29,68.73693084716797,264.7856750488281
2024-07-30,68.82164001464844,263.6861267089844
2024-07-31,69.19810485839844,267.5934753417969
2024-08-01,69.4568099975586,263.40142822265625
2024-08-02,70.2498550415039,258.10003662109375
2024-08-05,70.18376159667969,250.5209503173828
2024-08-06,69.74947357177734,253.0636749267578
2024-08-07,69.57955169677734,251.129638671875
2024-08-08,69.47569274902344,257.0102844238281
2024-08-09,69.72115325927734,258.11968994140625
2024-08-12,69.8438949584961,257.9527282714844
2024-08-13,70.10823059082031,262.2429504394531
2024-08-14,70.24038696289062,262.9891052246094
2024-08-15,69.94774627685547,267.54437255859375
2024-08-16,70.09879302978516,268.1825256347656
2024-08-19,70.18376159667969,270.7154235839844
2024-08-20,70.39147186279297,270.0576171875
2024-08-21,70.54251861572266,271.41241455078125
2024-08-22,70.25929260253906,269.11517333984375
2024-08-23,70.57084655761719,272.52178955078125
2024-08-26,70.49530792236328,271.8346252441406
2024-08-27,70.49530792236328,272.08001708984375
2024-08-28,70.44811248779297,270.4208984375
2024-08-29,70.34425354003906,270.68597412109375
2024-08-30,70.20265197753906,273.29742431640625
2024-09-03,70.50186920166016,267.4167785644531
2024-09-04,70.81438446044922,266.8178405761719
2024-09-05,70.98483276367188,265.9932556152344
2024-09-06,71.07008361816406,261.57537841796875
2024-09-09,71.16475677490234,264.37335205078125
2024-09-10,71.40149688720703,265.4042053222656
2024-09-11,71.36363220214844,268.0450439453125
2024-09-12,71.28785705566406,270.2735900878906
2024-09-13,71.43936920166016,272.1585388183594
2024-09-16,71.62876892089844,272.6985168457031
2024-09-17,71.53407287597656,272.9734191894531
2024-09-18,71.31626892089844,272.28619384765625
2024-09-19,71.31626892089844,276.90032958984375
2024-09-20,71.30680847167969,276.3211364746094
2024-09-23,71.25945281982422,277.00836181640625
2024-09-24,71.34469604492188,277.7054138183594
2024-09-25,71.07953643798828,276.7923889160156
2024-09-26,71.07953643798828,278.0293884277344
2024-09-27,71.28785705566406,277.7546081542969
2024-09-30,71.12687683105469,278.8476867675781
2024-10-01,71.33678436279297,276.3070068359375
2024-10-02,71.20380401611328,276.3661193847656
2024-10-03,70.890380859375,275.7752685546875
2024-10-04,70.42501068115234,278.4439697265625
2024-10-07,70.21605682373047,275.9032897949219
2024-10-08,70.3205337524414,278.2273254394531
2024-10-09,70.13056182861328,280.16729736328125
2024-10-10,70.10209655761719,279.5862731933594
2024-10-11,70.11156463623047,281.7527770996094
2024-10-14,70.06409454345703,283.9488220214844
2024-10-15,70.33953094482422,281.99896240234375
2024-10-16,70.43451690673828,283.436767578125
2024-10-17,70.09259796142578,283.377685546875
2024-10-18,70.13056182861328,284.490478515625
2024-10-21,69.65570068359375,283.5943603515625
2024-10-22,69.6841812133789,283.2693176269531
2024-10-23,69.51322937011719,280.70892333984375
2024-10-24,69.627197265625,281.4573669433594
2024-10-25,69.48474884033203,281.1914978027344
2024-10-28,69.39926147460938,282.3338317871094
2024-10-29,69.45623779296875,282.7080078125
2024-10-30,69.3897705078125,282.0088195800781
2024-10-31,69.38025665283203,276.75018310546875
2024-11-01,69.11160278320312,277.931884765625
2024-11-04,69.38789367675781,277.4296569824219
2024-11-05,69.55938720703125,280.95513916015625
2024-11-06,68.98774719238281,288.8136291503906
2024-11-07,69.50221252441406,290.8323669433594
2024-11-08,69.63561248779297,292.19134521484375
2024-11-11,69.50221252441406,293.0087585449219
2024-11-12,69.0830078125,291.8565673828125
2024-11-13,69.05443572998047,291.71868896484375
2024-11-14,69.0353775024414,289.5620422363281
2024-11-15,69.05443572998047,285.88885498046875
2024-11-18,69.12113189697266,287.0509033203125
2024-11-19,69.2449722290039,288.3704528808594
2024-11-20,69.16876220703125,288.537841796875
2024-11-21,69.13065338134766,290.556640625
2024-11-22,69.15922546386719,291.99444580078125
2024-11-25,69.79756927490234,293.42230224609375
2024-11-26,69.67369842529297,294.4957275390625
2024-11-27,69.86425018310547,293.6586608886719
2024-11-29,70.1214828491211,295.29339599609375
2024-12-02,70.16258239746094,295.8547058105469
2024-12-03,70.00013732910156,295.8547058105469
2024-12-04,70.23902893066406,297.8439636230469
2024-12-05,70.24859619140625,297.0166931152344
2024-12-06,70.43972778320312,297.8439636230469
2024-12-09,70.22947692871094,295.94329833984375
2024-12-10,70.15303039550781,294.8305969238281
2024-12-11,70.00013732910156,297.203857421875
2024-12-12,69.72299194335938,295.5100402832031
2024-12-13,69.44584655761719,295.3623046875
2024-12-16,69.5223159790039,296.563720703125
2024-12-17,69.5318603515625,295.0964660644531
2024-12-18,68.98715209960938,285.9676513671875
2024-12-19,68.79601287841797,285.5638732910156
2024-12-20,69.00627136230469,288.8136291503906
2024-12-23,68.78646850585938,290.45458984375
2024-12-24,68.88521575927734,293.53692626953125
2024-12-26,68.93316650390625,293.70489501953125
2024-12-27,68.78934478759766,290.52374267578125
2024-12-30,69.05777740478516,287.3129577636719
2024-12-31,68.9427490234375,286.3150939941406
2025-01-02,68.97151947021484,285.7717590332031
2025-01-03,68.88521575927734,289.5259094238281
2025-01-06,68.818115234375,291.1461486816406
2025-01-07,68.57843017578125,287.89581298828125
2025-01-08,68.65513610839844,288.1625061035156
2025-01-10,68.30039978027344,283.8353576660156
2025-01-13,68.23328399658203,284.2997131347656
2025-01-14,68.28121185302734,284.94189453125
2025-01-15,68.82769775390625,290.1680603027344
2025-01-16,68.96192169189453,289.9507141113281
2025-01-17,68.98109436035156,292.6280212402344
2025-01-21,69.18244934082031,295.5325927734375
2025-01-22,69.03863525390625,296.9749755859375
2025-01-23,68.93316650390625,298.5359191894531
2025-01-24,69.06737518310547,297.6665344238281
2025-01-27,69.43170166015625,293.5172119140625
2025-01-28,69.39334106445312,296.0364074707031
2025-01-29,69.35501861572266,294.7718811035156
2025-01-30,69.45088195800781,296.6192932128906
2025-01-31,69.35501861572266,294.9991149902344
2025-02-03,69.41753387451172,292.84539794921875
2025-02-04,69.5136947631836,294.969482421875
2025-02-05,69.86961364746094,296.33282470703125
2025-02-06,69.79265594482422,297.06390380859375
2025-02-07,69.5810546875,294.40631103515625
2025-02-10,69.60026550292969,296.2933044433594
2025-02-11,69.48486328125,296.13519287109375
2025-02-12,69.12896728515625,295.15716552734375
2025-02-13,69.5425796508789,298.23956298828125
2025-02-14,69.76378631591797,298.20001220703125
2025-02-18,69.50408935546875,299.0397644042969
2025-02-19,69.60026550292969,299.464599609375
2025-02-20,69.68683624267578,297.8542175292969
2025-02-21,69.99464416503906,292.3514099121094
2025-02-24,70.09083557128906,290.859619140625
2025-02-25,70.53328704833984,289.417236328125
2025-02-26,70.63909912109375,289.5160217285156
2025-02-27,70.55252075195312,285.03076171875
2025-02-28,70.85070037841797,289.4270935058594
2025-03-03,71.01374053955078,284.2403869628906
2025-03-04,70.81114959716797,280.6937255859375
2025-03-05,70.56031799316406,283.8847961425781
2025-03-06,70.50243377685547,278.6091613769531
2025-03-07,70.4252700805664,279.923095703125
2025-03-10,70.75325012207031,272.29620361328125
2025-03-11,70.48314666748047,270.3894958496094
2025-03-12,70.33842468261719,271.7232360839844
2025-03-13,70.55067443847656,267.9097595214844
2025-03-14,70.37701416015625,273.6496887207031
2025-03-17,70.4735107421875,275.912109375
2025-03-18,70.55067443847656,272.9383544921875
2025-03-19,70.76290893554688,276.04052734375
2025-03-20,70.7918472290039,275.37860107421875
2025-03-21,70.73397827148438,275.4872741699219
2025-03-24,70.4252700805664,280.5850524902344
2025-03-25,70.51207733154297,281.05926513671875
2025-03-26,70.35774230957031,277.7694091796875
2025-03-27,70.32878112792969,276.5945739746094
2025-03-28,70.73397827148438,271.0823059082031
2025-03-31,70.85938262939453,272.4801940917969
2025-04-01,71.0820083618164,273.4022216796875
2025-04-02,71.02391815185547,275.5635070800781
2025-04-03,71.39173126220703,261.693603515625
2025-04-04,71.44979858398438,246.3366241455078
2025-04-07,70.58838653564453,245.53358459472656
2025-04-08,70.18185424804688,241.65716552734375
2025-04-09,70.3464126586914,266.1748352050781
2025-04-10,69.7850341796875,255.21969604492188
2025-04-11,69.70758819580078,259.49267578125
2025-04-14,70.10443115234375,261.8819885253906
2025-04-15,70.27864837646484,261.4259338378906
2025-04-16,70.47222137451172,255.9929962158203
2025-04-17,70.31736755371094,256.52838134765625
2025-04-21,69.93021392822266,250.43118286132812
2025-04-22,70.0560302734375,256.8059387207031
2025-04-23,70.20121765136719,261.1781005859375
2025-04-24,70.59805297851562,266.6804504394531
2025-04-25,70.83035278320312,268.3162841796875
2025-04-28,71.00457763671875,268.7029113769531
2025-04-29,71.18846893310547,270.3189392089844
2025-04-30,71.14007568359375,270.4775695800781
2025-05-01,70.9419937133789,272.1629333496094
2025-05-02,70.5924072265625,276.40618896484375
2025-05-05,70.49533081054688,274.83978271484375
2025-05-06,70.65068817138672,272.6091003417969
2025-05-07,70.78662872314453,273.7392883300781
2025-05-08,70.40792846679688,275.89068603515625
2025-05-09,70.4662094116211,275.58331298828125
2025-05-12,70.22343444824219,284.8034973144531
2025-05-13,70.19432067871094,286.73675537109375
2025-05-14,69.9515609741211,286.92510986328125
2025-05-15,70.33025360107422,288.094970703125
2025-05-16,70.37881469726562,290.06787109375
2025-05-19,70.35938262939453,290.2959289550781
2025-05-20,70.233154296875,289.3441467285156
2025-05-21,69.79619598388672,284.3077697753906
2025-05-22,69.99040985107422,284.2582092285156
2025-05-23,70.09721374511719,282.5926513671875
2025-05-27,70.42735290527344,288.4023132324219
2025-05-28,70.2719955444336,286.70703125
2025-05-29,70.52445983886719,287.6289978027344
2025-05-30,70.66040802001953,287.3910827636719
2025-06-02,70.5045166015625,288.85833740234375
2025-06-03,70.42658233642578,290.8511047363281
2025-06-04,70.86498260498047,290.8213806152344
2025-06-05,70.72859954833984,289.21527099609375
2025-06-06,70.34864044189453,292.5860900878906
2025-06-09,70.45580291748047,292.8240051269531
2025-06-10,70.59220123291016,294.3706359863281
2025-06-11,70.81627655029297,293.58740234375
2025-06-12,71.07929992675781,294.5292663574219
2025-06-13,70.82600402832031,291.0494079589844
2025-06-16,70.68962097167969,293.92449951171875
2025-06-17,70.91368865966797,291.4757080078125
2025-06-18,70.9526596069336,291.5847473144531
2025-06-20,71.00135803222656,290.91058349609375
2025-06-23,71.17674255371094,293.70635986328125
2025-06-24,71.39105224609375,297.13665771484375
2025-06-25,71.41055297851562,296.7896728515625
2025-06-26,71.6151351928711,299.3475341796875
2025-06-27,71.44950866699219,300.70574951171875
2025-06-30,71.73204040527344,302.2301940917969
2025-07-01,71.67828369140625,302.2301940917969
2025-07-02,71.60010528564453,303.8013610839844
2025-07-03,71.42417907714844,306.3072509765625
2025-07-07,71.18961334228516,303.8908386230469
2025-07-08,71.15052795410156,303.8709411621094
2025-07-09,71.43395233154297,305.78021240234375
2025-07-10,71.4437255859375,306.59564208984375
2025-07-11,71.15052795410156,305.3028869628906
2025-07-14,71.1407470703125,305.99896240234375
2025-07-15,70.92573547363281,304.3880615234375
2025-07-16,71.06255340576172,305.54156494140625
2025-07-17,71.08210754394531,307.5303649902344
2025-07-18,71.19938659667969,307.361328125
2025-07-21,71.4046401977539,307.7093505859375
2025-07-22,71.52191925048828,308.06732177734375
2025-07-23,71.37532043457031,310.6627502441406
2025-07-24,71.28734588623047,310.5533447265625
2025-07-25,71.4632797241211,311.93560791015625
2025-07-28,71.34599304199219,311.8460998535156
2025-07-29,71.71737670898438,310.86163330078125
2025-07-30,71.53169250488281,310.503662109375
2025-07-31,71.54145050048828,309.1512451171875
2025-08-01,72.16118621826172,304.030029296875
2025-08-04,72.2102279663086,308.79327392578125
2025-08-05,72.23963928222656,307.4309387207031
2025-08-06,72.18080139160156,309.5092468261719
2025-08-07,72.1513900756836,309.33026123046875
2025-08-08,71.99449157714844,311.279296875
2025-08-11,72.04352569580078,310.56329345703125
2025-08-12,72.05333709716797,314.3619384765625
2025-08-13,72.31808471679688,315.8833923339844
2025-08-14,72.1121597290039,315.416015625
2025-08-15,72.01411437988281,314.7000732421875
2025-08-18,71.93566131591797,314.81939697265625
2025-08-19,72.07293701171875,312.9101257324219
2025-08-20,72.12197875976562,312.0847473144531
2025-08-21,71.9454574584961,311.0108337402344
2025-08-22,72.30827331542969,316.4004821777344
2025-08-25,72.2102279663086,314.8790283203125
2025-08-26,72.29847717285156,316.31097412109375
2025-08-27,72.36711883544922,317.1562194824219
2025-08-28,72.45536804199219,318.30975341796875
2025-08-29,72.36711883544922,316.4203796386719
2025-09-02,72.212646484375,314.22271728515625
2025-09-03,72.44877624511719,315.5552062988281
2025-09-04,72.7242431640625,318.34954833984375
2025-09-05,73.06857299804688,317.7628173828125
2025-09-08,73.3046875,318.7771301269531
2025-09-09,73.1669692993164,319.1848449707031
2025-09-10,73.29486083984375,320.0002136230469
2025-09-11,73.45226287841797,322.9635925292969
2025-09-12,73.36372375488281,322.4961853027344
2025-09-15,73.50145721435547,324.0673828125
2025-09-16,73.51129150390625,323.6298522949219
2025-09-17,73.3833999633789,323.3414611816406
2025-09-18,73.19647979736328,325.3799743652344
2025-09-19,73.22599029541016,326.60308837890625
2025-09-22,73.0882568359375,328.01513671875
2025-09-23,73.23583221435547,326.25506591796875
2025-09-24,73.0882568359375,325.0617980957031
2025-09-25,73.00955200195312,323.3215637207031
2025-09-26,73.00955200195312,325.35015869140625
2025-09-29,73.19647979736328,326.1748046875
2025-09-30,73.1669692993164,327.2417907714844
2025-10-01,73.35151672363281,328.3785400390625
2025-10-02,73.43048095703125,328.8572082519531
2025-10-03,73.3416519165039,329.03668212890625
2025-10-06,73.17386627197266,330.2731628417969
2025-10-07,73.31204223632812,328.68768310546875
2025-10-08,73.31204223632812,330.8714904785156
2025-10-09,73.2626953125,329.7247314453125
2025-10-10,73.54891967773438,320.8897705078125
2025-10-13,73.6673583984375,326.0052795410156
2025-10-14,73.77591705322266,325.9055480957031
2025-10-15,73.72657012939453,327.4512023925781
2025-10-16,74.0029296875,324.8485412597656
2025-10-17,73.90422058105469,326.3742370605469
2025-10-20,74.0029296875,330.013916015625
2025-10-21,74.09174346923828,329.9740295410156
2025-10-22,74.09174346923828,327.9696960449219
2025-10-23,73.9437026977539,330.0737609863281
2025-10-24,74.04240417480469,332.76611328125
2025-10-27,74.08187866210938,336.4755859375
2025-10-28,74.1213607788086,336.994140625
2025-10-29,73.75617980957031,336.7547912597656
2025-10-30,73.62786865234375,333.1350402832031
2025-10-31,73.60813903808594,334.4712829589844
2025-11-03,73.5229721069336,334.8501892089844
2025-11-04,73.56258392333984,330.8016662597656
2025-11-05,73.3546371459961,332.2176818847656
2025-11-06,73.64179992675781,328.4383850097656
2025-11-07,73.6021957397461,329.1563415527344
2025-11-10,73.58238220214844,333.9726867675781
2025-11-11,73.79032897949219,334.79034423828125
2025-11-12,73.76062774658203,334.9100036621094
2025-11-13,73.54277801513672,328.97686767578125
2025-11-14,73.43386840820312,328.9269714355469
2025-11-17,73.47345733642578,325.5066833496094
2025-11-18,73.53287506103516,323.3029479980469
2025-11-19,73.503173828125,324.3599548339844
2025-11-20,73.61209106445312,319.1946105957031
2025-11-21,73.79032897949219,322.8841247558594
2025-11-24,73.9190673828125,327.71044921875
2025-11-25,74.08739471435547,331.2204895019531
2025-11-26,74.16661834716797,333.4940490722656
2025-11-28,74.04778289794922,335.3587646484375
2025-12-01,73.75871276855469,333.71343994140625
2025-12-02,73.8282470703125,334.1122741699219
2025-12-03,73.9375228881836,335.6080322265625
2025-12-04,73.79844665527344,336.13653564453125
2025-12-05,73.70903778076172,336.605224609375
2025-12-08,73.59976959228516,335.6180114746094
2025-12-09,73.55010986328125,335.27899169921875
2025-12-10,73.76864624023438,337.77191162109375
2025-12-11,73.76864624023438,338.90869140625
2025-12-12,73.54016876220703,335.0396423339844
2025-12-15,73.62957763671875,334.3815002441406
2025-12-16,73.76864624023438,333.41424560546875
2025-12-17,73.748779296875,329.77459716796875
2025-12-18,73.90526580810547,332.3074035644531
2025-12-19,73.7956314086914,335.2690124511719
2025-12-22,73.77568817138672,337.6000061035156
2025-12-23,73.76573181152344,338.7200012207031
2025-12-24,73.94513702392578,339.8800048828125
2025-12-26,73.94513702392578,339.6700134277344
2025-12-29,74.05477142333984,338.3900146484375
2025-12-30,74.02486419677734,337.8500061035156
