Date,BND,VT
2013-01-02,57.815673828125,37.887447357177734
2013-01-03,57.64344024658203,37.67737579345703
2013-01-04,57.73297119140625,37.8574333190918
2013-01-07,57.69168472290039,37.662376403808594
2013-01-08,57.74678039550781,37.51981735229492
2013-01-09,57.726131439208984,37.68489074707031
2013-01-10,57.726131439208984,38.0825080871582
2013-01-11,57.7674674987793,38.06000900268555
2013-01-14,57.7674674987793,38.0825080871582
2013-01-15,57.84326171875,38.044986724853516
2013-01-16,57.836395263671875,37.969966888427734
2013-01-17,57.7398796081543,38.21753692626953
2013-01-18,57.829471588134766,38.25506591796875
2013-01-22,57.77432632446289,38.405113220214844
2013-01-23,57.8639030456543,38.37509536743164
2013-01-24,57.78125762939453,38.45011520385742
2013-01-25,57.59516143798828,38.66018295288086
2013-01-28,57.52629089355469,38.51013946533203
2013-01-29,57.4642448425293,38.72020721435547
2013-01-30,57.40222930908203,38.667701721191406
2013-01-31,57.50559616088867,38.56266784667969
2013-02-01,57.34404373168945,38.92277908325195
2013-02-04,57.54429626464844,38.37509536743164
2013-02-05,57.44759750366211,38.63768005371094
2013-02-06,57.585693359375,38.67519760131836
2013-02-07,57.59260559082031,38.47264099121094
2013-02-08,57.57878494262695,38.70521926879883
2013-02-11,57.50975036621094,38.65269088745117
2013-02-12,57.52353286743164,38.77273178100586
2013-02-13,57.44759750366211,38.84775161743164
2013-02-14,57.53047180175781,38.78773498535156
2013-02-15,57.48214340209961,38.69020462036133
2013-02-19,57.461429595947266,39.0278205871582
2013-02-20,57.502838134765625,38.58515930175781
2013-02-21,57.55807113647461,38.18755340576172
2013-02-22,57.585693359375,38.577659606933594
2013-02-25,57.77214431762695,37.8574333190918
2013-02-26,57.7996711730957,38.09749221801758
2013-02-27,57.78590774536133,38.51763916015625
2013-02-28,57.81355285644531,38.44263458251953
2013-03-01,57.84538269042969,38.540164947509766
2013-03-04,57.8315544128418,38.630184173583984
2013-03-05,57.79694366455078,38.99031066894531
2013-03-06,57.70011520385742,39.05031967163086
2013-03-07,57.61708450317383,39.19286346435547
2013-03-08,57.45799255371094,39.35041809082031
2013-03-11,57.4303092956543,39.462955474853516
2013-03-12,57.540992736816406,39.26039505004883
2013-03-13,57.47178268432617,39.237892150878906
2013-03-14,57.4925651550293,39.515472412109375
2013-03-15,57.56170654296875,39.4029541015625
2013-03-18,57.672420501708984,39.14784622192383
2013-03-19,57.70700454711914,38.87777328491211
2013-03-20,57.651702880859375,39.215370178222656
2013-03-21,57.66551208496094,38.90778350830078
2013-03-22,57.72084045410156,39.1741943359375
2013-03-25,57.713924407958984,38.94088363647461
2013-03-26,57.73466873168945,39.234413146972656
2013-03-27,57.85227966308594,39.18926239013672
2013-03-28,57.85916519165039,39.34732437133789
2013-04-01,57.911983489990234,39.008628845214844
2013-04-02,57.918922424316406,39.2419548034668
2013-04-03,57.953643798828125,38.81294250488281
2013-04-04,58.1202278137207,39.031211853027344
2013-04-05,58.27997589111328,38.903255462646484
2013-04-08,58.252166748046875,39.09142303466797
2013-04-09,58.18965530395508,39.21183776855469
2013-04-10,58.07858657836914,39.746212005615234
2013-04-11,58.106353759765625,39.941890716552734
2013-04-12,58.245235443115234,39.7687873840332
2013-04-15,58.30768966674805,38.782833099365234
2013-04-16,58.29384231567383,39.4150505065918
2013-04-17,58.32160949707031,38.71510314941406
2013-04-18,58.35631561279297,38.534481048583984
2013-04-19,58.30768966674805,38.9634895324707
2013-04-22,58.38408660888672,39.09142303466797
2013-04-23,58.37022018432617,39.52794647216797
2013-04-24,58.35631561279297,39.693511962890625
2013-04-25,58.32160949707031,39.919307708740234
2013-04-26,58.39799880981445,39.81393814086914
2013-04-29,58.44660186767578,40.20531463623047
2013-04-30,58.44660186767578,40.40098571777344
2013-05-01,58.54539489746094,40.00962829589844
2013-05-02,58.55929183959961,40.31820297241211
2013-05-03,58.281009674072266,40.75474166870117
2013-05-06,58.27409362792969,40.79989242553711
2013-05-07,58.2183952331543,40.972984313964844
2013-05-08,58.27409362792969,41.25897216796875
2013-05-09,58.18359375,41.05576705932617
2013-05-10,58.03754806518555,41.070823669433594
2013-05-13,57.97496032714844,41.040714263916016
2013-05-14,57.86362838745117,41.304134368896484
2013-05-15,57.93318557739258,41.46220397949219
2013-05-16,58.016685485839844,41.24392318725586
2013-05-17,57.891510009765625,41.582618713378906
2013-05-20,57.87754440307617,41.62777328491211
2013-05-21,57.93318557739258,41.6879768371582
2013-05-22,57.738433837890625,41.266510009765625
2013-05-23,57.7314453125,41.078346252441406
2013-05-24,57.738433837890625,40.83000564575195
2013-05-28,57.41843032836914,40.98805236816406
2013-05-29,57.46712112426758,40.67945861816406
2013-05-30,57.41843032836914,40.87515640258789
2013-05-31,57.321044921875,40.17519760131836
2013-06-03,57.26878356933594,40.423561096191406
2013-06-04,57.24782943725586,40.27305221557617
2013-06-05,57.2269287109375,39.59568405151367
2013-06-06,57.30364990234375,39.92683792114258
2013-06-07,57.15720748901367,40.2880859375
2013-06-10,57.01087188720703,40.31067657470703
2013-06-11,57.03874969482422,39.77630615234375
2013-06-12,56.927181243896484,39.558048248291016
2013-06-13,57.17814254760742,40.145103454589844
2013-06-14,57.24086380004883,39.79888153076172
2013-06-17,57.19904327392578,40.21282958984375
2013-06-18,57.15025329589844,40.513893127441406
2013-06-19,56.815670013427734,39.79888153076172
2013-06-20,56.29985809326172,38.587158203125
2013-06-21,56.0698356628418,38.66242980957031
2013-06-24,55.79801559448242,38.054378509521484
2013-06-25,55.93047332763672,38.56297302246094
2013-06-26,56.12561798095703,38.85905456542969
2013-06-27,56.3486442565918,39.261356353759766
2013-06-28,56.37656784057617,39.101951599121094
2013-07-01,56.472232818603516,39.42836380004883
2013-07-02,56.48619842529297,39.20822525024414
2013-07-03,56.4443244934082,39.268959045410156
2013-07-05,55.815673828125,39.54983139038086
2013-07-08,56.06710433959961,39.70165252685547
2013-07-09,56.12995147705078,39.967323303222656
2013-07-10,55.99030685424805,40.020477294921875
2013-07-11,56.367427825927734,40.90104675292969
2013-07-12,56.29061508178711,40.8023681640625
2013-07-15,56.4443244934082,41.01491165161133
2013-07-16,56.52812576293945,40.89344787597656
2013-07-17,56.65380096435547,41.06047439575195
2013-07-18,56.56306457519531,41.27299880981445
2013-07-19,56.709747314453125,41.27299880981445
2013-07-22,56.74460983276367,41.462791442871094
2013-07-23,56.73066711425781,41.48557662963867
2013-07-24,56.549068450927734,41.348915100097656
2013-07-25,56.52812576293945,41.43241500854492
2013-07-26,56.570030212402344,41.326148986816406
2013-07-29,56.56306457519531,41.10601806640625
2013-07-30,56.52812576293945,41.07565689086914
2013-07-31,56.59096145629883,41.121185302734375
2013-08-01,56.315189361572266,41.66775131225586
2013-08-02,56.4972038269043,41.78920364379883
2013-08-05,56.51820755004883,41.698116302490234
2013-08-06,56.48318099975586,41.500736236572266
2013-08-07,56.56717300415039,41.265419006347656
2013-08-08,56.59518814086914,41.63738250732422
2013-08-09,56.66518783569336,41.60702896118164
2013-08-12,56.56017303466797,41.58424377441406
2013-08-13,56.364192962646484,41.7816162109375
2013-08-14,56.336181640625,41.690513610839844
2013-08-15,56.133235931396484,41.204681396484375
2013-08-16,55.98628234863281,41.15155792236328
2013-08-19,55.82527160644531,40.81754684448242
2013-08-20,55.98628234863281,40.94658660888672
2013-08-21,55.76930236816406,40.52149200439453
2013-08-22,55.82527160644531,40.88584899902344
2013-08-23,55.98628234863281,41.15155792236328
2013-08-26,56.084224700927734,40.961769104003906
2013-08-27,56.224246978759766,40.2406120300293
2013-08-28,56.12623977661133,40.301334381103516
2013-08-29,56.18219757080078,40.3241081237793
2013-08-30,56.10521697998047,40.11156463623047
2013-09-03,55.97966766357422,40.475955963134766
2013-09-04,55.9095344543457,40.89344787597656
2013-09-05,55.523773193359375,40.97695541381836
2013-09-06,55.73416519165039,41.08323287963867
2013-09-09,55.874481201171875,41.644981384277344
2013-09-10,55.75522232055664,42.04730224609375
2013-09-11,55.9095344543457,42.16875457763672
2013-09-12,55.89548873901367,41.948631286621094
2013-09-13,55.98667907714844,42.08525466918945
2013-09-16,56.05685043334961,42.38132095336914
2013-09-17,56.10597610473633,42.47999954223633
2013-09-18,56.554813385009766,43.315025329589844
2013-09-19,56.49172592163086,43.17839050292969
2013-09-20,56.484683990478516,42.791236877441406
2013-09-23,56.52676773071289,42.7264404296875
2013-09-24,56.646053314208984,42.650184631347656
2013-09-25,56.76523971557617,42.61206817626953
2013-09-26,56.681087493896484,42.74932098388672
2013-09-27,56.695152282714844,42.61206817626953
2013-09-30,56.73019027709961,42.35283279418945
2013-10-01,56.66129684448242,42.68831253051758
2013-10-02,56.72454071044922,42.627323150634766
2013-10-03,56.75270462036133,42.3757209777832
2013-10-04,56.689422607421875,42.551082611083984
2013-10-07,56.731624603271484,42.20797348022461
2013-10-08,56.71052169799805,41.75816345214844
2013-10-09,56.675357818603516,41.84201431274414
2013-10-10,56.689422607421875,42.703556060791016
2013-10-11,56.71052169799805,43.00090408325195
2013-10-14,56.59806442260742,43.10765075683594
2013-10-15,56.58400344848633,42.81029510498047
2013-10-16,56.82298278808594,43.28300857543945
2013-10-17,57.019771575927734,43.7099609375
2013-10-18,57.08306121826172,43.969181060791016
2013-10-21,57.012786865234375,44.01494216918945
2013-10-22,57.195491790771484,44.327537536621094
2013-10-23,57.22366714477539,43.938690185546875
2013-10-24,57.22366714477539,44.17504119873047
2013-10-25,57.2868766784668,44.22079086303711
2013-10-28,57.237709045410156,44.213172912597656
2013-10-29,57.279876708984375,44.319915771484375
2013-10-30,57.21659851074219,44.15216827392578
2013-10-31,57.21659851074219,43.92344665527344
2013-11-01,57.06229782104492,43.900569915771484
2013-11-04,57.09756088256836,44.15216827392578
2013-11-05,56.928462982177734,43.82432174682617
2013-11-06,57.02708435058594,44.030181884765625
2013-11-07,57.13983154296875,43.4126091003418
2013-11-08,56.76643753051758,43.79383850097656
2013-11-11,56.71714782714844,43.82432174682617
2013-11-12,56.6889762878418,43.70233154296875
2013-11-13,56.84394836425781,43.946319580078125
2013-11-14,57.00596237182617,44.15216827392578
2013-11-15,57.02708435058594,44.47239303588867
2013-11-18,57.13277816772461,44.44952392578125
2013-11-19,57.02006149291992,44.304664611816406
2013-11-20,56.86506652832031,44.09117889404297
2013-11-21,56.86506652832031,44.388519287109375
2013-11-22,56.99188995361328,44.556270599365234
2013-11-25,57.03415298461914,44.388519287109375
2013-11-26,57.04117202758789,44.40378189086914
2013-11-27,57.02006149291992,44.57149887084961
2013-11-29,57.048248291015625,44.602012634277344
2013-12-02,56.83293533325195,44.29703140258789
2013-12-03,56.88937759399414,44.060672760009766
2013-12-04,56.8046760559082,43.900569915771484
2013-12-05,56.70585632324219,43.74044418334961
2013-12-06,56.79052734375,44.266544342041016
2013-12-09,56.847007751464844,44.304664611816406
2013-12-10,56.96705627441406,44.236045837402344
2013-12-11,56.8682746887207,43.7252082824707
2013-12-12,56.719932556152344,43.51935577392578
2013-12-13,56.783470153808594,43.50410461425781
2013-12-16,56.8046760559082,43.831974029541016
2013-12-17,56.91054916381836,43.65660095214844
2013-12-18,56.88937759399414,44.25891876220703
2013-12-19,56.783470153808594,44.266544342041016
2013-12-20,56.88937759399414,44.51516342163086
2013-12-23,56.81878662109375,44.8681526184082
2013-12-24,56.699134826660156,44.97560119628906
2013-12-26,56.61415481567383,45.13672637939453
2013-12-27,56.61415481567383,45.27486038208008
2013-12-30,56.70618438720703,45.39764404296875
2013-12-31,56.68495178222656,45.581809997558594
2014-01-02,56.73456573486328,44.90652084350586
2014-01-03,56.741580963134766,44.95256042480469
2014-01-06,56.7911376953125,44.82978820800781
2014-01-07,56.861961364746094,45.03697204589844
2014-01-08,56.677913665771484,45.04464340209961
2014-01-09,56.78413009643555,45.03697204589844
2014-01-10,57.060272216796875,45.343936920166016
2014-01-13,57.13814163208008,44.837459564208984
2014-01-14,57.053199768066406,45.244163513183594
2014-01-15,57.01774978637695,45.382293701171875
2014-01-16,57.14522171020508,45.39764404296875
2014-01-17,57.208984375,45.22882080078125
2014-01-21,57.208984375,45.35159683227539
2014-01-22,57.10983657836914,45.46670150756836
2014-01-23,57.26558303833008,45.05233383178711
2014-01-24,57.4142951965332,43.88591384887695
2014-01-27,57.308109283447266,43.65570831298828
2014-01-28,57.35765838623047,44.01637649536133
2014-01-29,57.48515319824219,43.571311950683594
2014-01-30,57.48515319824219,44.00870132446289
2014-01-31,57.563045501708984,43.55595779418945
2014-02-03,57.74824142456055,42.688819885253906
2014-02-04,57.655967712402344,43.04180908203125
2014-02-05,57.53532791137695,43.011112213134766
2014-02-06,57.514068603515625,43.67871856689453
2014-02-07,57.584999084472656,44.16984939575195
2014-02-10,57.620548248291016,44.1391487121582
2014-02-11,57.49987030029297,44.72235870361328
2014-02-12,57.40052032470703,44.8067626953125
2014-02-13,57.54246139526367,44.96791458129883
2014-02-14,57.521148681640625,45.19044494628906
2014-02-18,57.59918975830078,45.389957427978516
2014-02-19,57.54956817626953,45.09836959838867
2014-02-20,57.54246139526367,45.35159683227539
2014-02-21,57.584999084472656,45.359275817871094
2014-02-24,57.570838928222656,45.643192291259766
2014-02-25,57.684391021728516,45.5280876159668
2014-02-26,57.804969787597656,45.53575897216797
2014-02-27,57.87600326538086,45.704586029052734
2014-02-28,57.83339309692383,45.827369689941406
2014-03-03,57.95570755004883,45.20579528808594
2014-03-04,57.756587982177734,45.97317123413086
2014-03-05,57.834815979003906,45.996192932128906
2014-03-06,57.692569732666016,46.20337677001953
2014-03-07,57.521907806396484,46.05757522583008
2014-03-10,57.55744552612305,45.85038757324219
2014-03-11,57.550357818603516,45.612510681152344
2014-03-12,57.6712760925293,45.56645965576172
2014-03-13,57.841888427734375,44.95256042480469
2014-03-14,57.8063850402832,44.90652084350586
2014-03-17,57.72814178466797,45.29022216796875
2014-03-18,57.792110443115234,45.63554000854492
2014-03-19,57.521907806396484,45.19044494628906
2014-03-20,57.472103118896484,45.27486038208008
2014-03-21,57.63568878173828,45.1981315612793
2014-03-24,57.64280700683594,45.159759521484375
2014-03-25,57.62861251831055,45.440677642822266
2014-03-26,57.7850227355957,45.25544738769531
2014-03-27,57.841888427734375,45.371212005615234
2014-03-28,57.73524856567383,45.65676498413086
2014-03-31,57.73524856567383,46.050357818603516
2014-04-01,57.67112350463867,46.38993453979492
2014-04-02,57.557090759277344,46.45938491821289
2014-04-03,57.60691833496094,46.35905838012695
2014-04-04,57.777984619140625,45.95773696899414
2014-04-07,57.884910583496094,45.641326904296875
2014-04-08,57.92768859863281,45.81110763549805
2014-04-09,57.9134407043457,46.35133743286133
2014-04-10,58.09164810180664,45.494686126708984
2014-04-11,58.12727355957031,45.13969039916992
2014-04-14,58.12009811401367,45.386661529541016
2014-04-15,58.148681640625,45.37895202636719
2014-04-16,58.11300277709961,45.857425689697266
2014-04-17,57.96333694458008,46.042633056640625
2014-04-21,57.97761535644531,46.11208724975586
2014-04-22,57.97761535644531,46.28187942504883
2014-04-23,58.07028579711914,46.189266204833984
2014-04-24,58.084564208984375,46.21241760253906
2014-04-25,58.105899810791016,45.84970474243164
2014-04-28,58.04174041748047,45.98860549926758
2014-04-29,58.07028579711914,46.22014236450195
2014-04-30,58.19850540161133,46.38993453979492
2014-05-01,58.3399772644043,46.4825325012207
2014-05-02,58.40427780151367,46.49795913696289
2014-05-05,58.3399772644043,46.505699157714844
2014-05-06,58.39714813232422,46.297306060791016
2014-05-07,58.42572021484375,46.49025344848633
2014-05-08,58.45428466796875,46.42079544067383
2014-05-09,58.38288116455078,46.43621826171875
2014-05-12,58.32564926147461,46.84526824951172
2014-05-13,58.432857513427734,46.82209396362305
2014-05-14,58.582881927490234,46.70633316040039
2014-05-15,58.690006256103516,46.37449264526367
2014-05-16,58.690006256103516,46.58286666870117
2014-05-19,58.66861343383789,46.62915802001953
2014-05-20,58.69717025756836,46.320472717285156
2014-05-21,58.64714813232422,46.63688278198242
2014-05-22,58.6114501953125,46.82209396362305
2014-05-23,58.66861343383789,47.02275466918945
2014-05-27,58.725746154785156,47.23884963989258
2014-05-28,58.918609619140625,47.15395736694336
2014-05-29,58.86859893798828,47.43950653076172
2014-05-30,58.81144714355469,47.33917999267578
2014-06-02,58.66755294799805,47.52440643310547
2014-06-03,58.5244026184082,47.45494842529297
2014-06-04,58.53154373168945,47.501251220703125
2014-06-05,58.59598922729492,47.85625457763672
2014-06-06,58.58885192871094,48.118648529052734
2014-06-09,58.53871536254883,48.17266845703125
2014-06-10,58.4241828918457,48.134090423583984
2014-06-11,58.44564437866211,47.96430206298828
2014-06-12,58.59598922729492,47.779075622558594
2014-06-13,58.581642150878906,47.91027069091797
2014-06-16,58.567352294921875,47.87940216064453
2014-06-17,58.43130874633789,47.97200393676758
2014-06-18,58.581642150878906,48.249847412109375
2014-06-19,58.53154373168945,48.33474349975586
2014-06-20,58.567352294921875,48.41192626953125
2014-06-23,58.54586410522461,48.33474349975586
2014-06-24,58.653228759765625,48.096046447753906
2014-06-25,58.73196792602539,48.18156814575195
2014-06-26,58.81073760986328,48.173797607421875
2014-06-27,58.81073760986328,48.33706283569336
2014-06-30,58.860862731933594,48.383724212646484
2014-07-01,58.747520446777344,48.79580307006836
2014-07-02,58.58967590332031,48.83467483520508
2014-07-03,58.51795196533203,49.05236053466797
2014-07-07,58.58967590332031,48.74136734008789
2014-07-08,58.6972770690918,48.35261917114258
2014-07-09,58.75467300415039,48.554771423339844
2014-07-10,58.76902389526367,48.23599624633789
2014-07-11,58.85515594482422,48.25154495239258
2014-07-14,58.76902389526367,48.53922653198242
2014-07-15,58.72597122192383,48.39149856567383
2014-07-16,58.747520446777344,48.60142135620117
2014-07-17,58.90531921386719,48.002750396728516
2014-07-18,58.90531921386719,48.50812911987305
2014-07-21,58.90531921386719,48.3992805480957
2014-07-22,58.98422622680664,48.64030075073242
2014-07-23,58.95557403564453,48.76470184326172
2014-07-24,58.84076690673828,48.80357360839844
2014-07-25,58.94839096069336,48.60142135620117
2014-07-28,58.93403625488281,48.60142135620117
2014-07-29,58.98422622680664,48.383724212646484
2014-07-30,58.761878967285156,48.407047271728516
2014-07-31,58.6972770690918,47.5362434387207
2014-08-01,58.89278793334961,47.372962951660156
2014-08-04,58.971920013427734,47.67619705200195
2014-08-05,58.89278793334961,47.19416046142578
2014-08-06,58.9575309753418,47.13972473144531
2014-08-07,59.08695602416992,46.85204315185547
2014-08-08,59.043819427490234,47.2019157409668
2014-08-11,59.07258224487305,47.42740249633789
2014-08-12,59.02226257324219,47.372962951660156
2014-08-13,59.13006591796875,47.65286636352539
2014-08-14,59.187599182128906,47.878334045410156
2014-08-15,59.29541015625,47.855018615722656
2014-08-18,59.173221588134766,48.26709747314453
2014-08-19,59.16603469848633,48.39149856567383
2014-08-20,59.079734802246094,48.43037033081055
2014-08-21,59.14445495605469,48.53144454956055
2014-08-22,59.14445495605469,48.48479461669922
2014-08-25,59.16603469848633,48.71025848388672
2014-08-26,59.19479751586914,48.756927490234375
2014-08-27,59.288265228271484,48.84244155883789
2014-08-28,59.367347717285156,48.67917251586914
2014-08-29,59.367347717285156,48.79580307006836
2014-09-02,59.16486740112305,48.87354278564453
2014-09-03,59.2657356262207,48.9746208190918
2014-09-04,59.16486740112305,48.819114685058594
2014-09-05,59.14325714111328,48.927974700927734
2014-09-08,59.10002517700195,48.63251876831055
2014-09-09,58.99916076660156,48.37594985961914
2014-09-10,58.891075134277344,48.53922653198242
2014-09-11,58.847869873046875,48.43814468383789
2014-09-12,58.754173278808594,48.19712829589844
2014-09-15,58.78300857543945,48.096046447753906
2014-09-16,58.761409759521484,48.41482162475586
2014-09-17,58.68932342529297,48.23599624633789
2014-09-18,58.69652557373047,48.47702407836914
2014-09-19,58.81904220581055,48.28263854980469
2014-09-22,58.891075134277344,47.92500305175781
2014-09-23,58.91990661621094,47.59843826293945
2014-09-24,58.8838996887207,47.98044204711914
2014-09-25,59.027976989746094,47.19925308227539
2014-09-26,58.9703254699707,47.472694396972656
2014-09-29,59.04237747192383,47.238304138183594
2014-09-30,59.027976989746094,47.16801834106445
2014-10-01,59.2813720703125,46.464942932128906
2014-10-02,59.23801803588867,46.32433319091797
2014-10-03,59.201942443847656,46.66025924682617
2014-10-06,59.3391227722168,46.70711898803711
2014-10-07,59.49066925048828,46.0509147644043
2014-10-08,59.64952850341797,46.76959991455078
2014-10-09,59.55568313598633,45.69937515258789
2014-10-10,59.6062126159668,45.04318618774414
2014-10-13,59.77945327758789,44.73072814941406
2014-10-14,59.858863830566406,44.79319763183594
2014-10-15,59.99599838256836,44.49636459350586
2014-10-16,59.894962310791016,44.44166946411133
2014-10-17,59.851646423339844,44.99631118774414
2014-10-20,59.90219497680664,45.386898040771484
2014-10-21,59.81556701660156,46.04310607910156
2014-10-22,59.80112075805664,45.63689422607422
2014-10-23,59.62062072753906,46.1212272644043
2014-10-24,59.67119216918945,46.36338424682617
2014-10-27,59.64952850341797,46.300899505615234
2014-10-28,59.613441467285156,46.90240478515625
2014-10-29,59.512351989746094,46.73835754394531
2014-10-30,59.55568313598633,46.996158599853516
2014-10-31,59.454612731933594,47.61328887939453
2014-11-03,59.42784118652344,47.441429138183594
2014-11-04,59.41335678100586,47.26957321166992
2014-11-05,59.48571014404297,47.37893295288086
2014-11-06,59.34825134277344,47.410186767578125
2014-11-07,59.55083465576172,47.441429138183594
2014-11-10,59.42784118652344,47.58203887939453
2014-11-11,59.4567756652832,47.707035064697266
2014-11-12,59.44955825805664,47.58984375
2014-11-13,59.49297332763672,47.5742301940918
2014-11-14,59.507415771484375,47.69922637939453
2014-11-17,59.507415771484375,47.61328887939453
2014-11-18,59.59420394897461,47.92575454711914
2014-11-19,59.442325592041016,47.87889099121094
2014-11-20,59.51463317871094,47.81639099121094
2014-11-21,59.64485549926758,48.22262191772461
2014-11-24,59.652095794677734,48.31636428833008
2014-11-25,59.7606086730957,48.36322021484375
2014-11-26,59.84743881225586,48.48822021484375
2014-11-28,59.948699951171875,48.21479034423828
2014-12-01,59.85883712768555,47.85545349121094
2014-12-02,59.72831344604492,48.027320861816406
2014-12-03,59.71382141113281,48.21479034423828
2014-12-04,59.81531524658203,48.08980941772461
2014-12-05,59.64137268066406,48.16012191772461
2014-12-08,59.76456832885742,47.75390625
2014-12-09,59.786312103271484,47.60548400878906
2014-12-10,59.945777893066406,46.91804122924805
2014-12-11,59.88776397705078,46.92584991455078
2014-12-12,60.090763092041016,46.14466094970703
2014-12-15,59.98202896118164,45.644710540771484
2014-12-16,60.1197624206543,45.56657028198242
2014-12-17,59.97478485107422,46.44150161743164
2014-12-18,59.88054656982422,47.253944396972656
2014-12-19,60.01100158691406,47.410186767578125
2014-12-22,59.98202896118164,47.6837272644043
2014-12-23,59.72060775756836,47.660152435302734
2014-12-24,59.742431640625,47.79378890991211
2014-12-26,59.793426513671875,48.006038665771484
2014-12-29,59.8953971862793,47.88025665283203
2014-12-30,59.939056396484375,47.628719329833984
2014-12-31,59.982791900634766,47.259246826171875
2015-01-02,60.186702728271484,47.133487701416016
2015-01-05,60.36142349243164,46.22162628173828
2015-01-06,60.53621292114258,45.757850646972656
2015-01-07,60.572601318359375,46.34740447998047
2015-01-08,60.47800064086914,47.04701232910156
2015-01-09,60.57992172241211,46.73257064819336
2015-01-12,60.65998458862305,46.488895416259766
2015-01-13,60.71824264526367,46.520328521728516
2015-01-14,60.85663604736328,46.3080940246582
2015-01-15,61.12607192993164,46.158748626708984
2015-01-16,60.94404220581055,46.72471618652344
2015-01-20,60.87846755981445,46.81119155883789
2015-01-21,60.761959075927734,47.157066345214844
2015-01-22,60.77650833129883,47.69947052001953
2015-01-23,60.97315979003906,47.345726013183594
2015-01-26,60.90029525756836,47.66801071166992
2015-01-27,60.93675231933594,47.36930465698242
2015-01-28,61.155181884765625,46.77187728881836
2015-01-29,61.089622497558594,47.1649284362793
2015-01-30,61.424617767333984,46.488895416259766
2015-02-02,61.35166549682617,47.10988998413086
2015-02-03,61.16195297241211,47.79378890991211
2015-02-04,61.1838493347168,47.58154296875
2015-02-05,61.05245590209961,48.14754104614258
2015-02-06,60.65847396850586,47.69947052001953
2015-02-09,60.63657760620117,47.57368469238281
2015-02-10,60.527095794677734,47.9745979309082
2015-02-11,60.527095794677734,47.86453628540039
2015-02-12,60.556331634521484,48.46980667114258
2015-02-13,60.4177131652832,48.776390075683594
2015-02-17,60.17690658569336,48.8314094543457
2015-02-18,60.34469223022461,48.988643646240234
2015-02-19,60.29366683959961,48.92575454711914
2015-02-20,60.30826187133789,49.31878662109375
2015-02-23,60.4322624206543,49.193016052246094
2015-02-24,60.68035125732422,49.36594772338867
2015-02-25,60.73875427246094,49.35810089111328
2015-02-26,60.570892333984375,49.27949905395508
2015-02-27,60.62196731567383,49.25590133666992
2015-03-02,60.426090240478516,49.42885208129883
2015-03-03,60.352943420410156,49.169429779052734
2015-03-04,60.352943420410156,48.88644027709961
2015-03-05,60.38949203491211,48.957183837890625
2015-03-06,60.038536071777344,48.35190963745117
2015-03-09,60.11165237426758,48.44623947143555
2015-03-10,60.345603942871094,47.565818786621094
2015-03-11,60.411441802978516,47.58940124511719
2015-03-12,60.45527648925781,48.171112060546875
2015-03-13,60.396812438964844,47.86453628540039
2015-03-16,60.513755798339844,48.44623947143555
2015-03-17,60.56496047973633,48.36762619018555
2015-03-18,60.937808990478516,49.17729949951172
2015-03-19,60.75505447387695,48.79997634887695
2015-03-20,60.91590881347656,49.47600173950195
2015-03-23,60.94511795043945,49.53102493286133
2015-03-24,61.0474853515625,49.373802185058594
2015-03-25,60.95244216918945,48.72914505004883
2015-03-26,60.75505447387695,48.515838623046875
2015-03-27,60.813507080078125,48.66594696044922
2015-03-30,60.88665008544922,49.005672454833984
2015-03-31,60.95244216918945,48.658042907714844
2015-04-01,61.194969177246094,48.68965530395508
2015-04-02,61.1143684387207,49.01356506347656
2015-04-06,61.16566467285156,49.44017791748047
2015-04-07,61.20230484008789,49.345375061035156
2015-04-08,61.15829086303711,49.62978744506836
2015-04-09,61.026424407958984,49.75619888305664
2015-04-10,60.99715042114258,49.99319839477539
2015-04-13,61.01182174682617,49.740386962890625
2015-04-14,61.12173080444336,49.95369338989258
2015-04-15,61.180320739746094,50.23811340332031
2015-04-16,61.16566467285156,50.285526275634766
2015-04-17,61.26826095581055,49.67720031738281
2015-04-20,61.20230484008789,49.937904357910156
2015-04-21,61.12903594970703,50.06431579589844
2015-04-22,60.90188980102539,50.26972198486328
2015-04-23,61.019107818603516,50.483009338378906
2015-04-24,61.1143684387207,50.617332458496094
2015-04-27,61.0704231262207,50.60942459106445
2015-04-28,60.87990188598633,50.73582077026367
2015-04-29,60.68935775756836,50.419837951660156
2015-04-30,60.75535202026367,49.89839553833008
2015-05-01,60.57102966308594,50.3961181640625
2015-05-04,60.4829216003418,50.43562316894531
2015-05-05,60.387489318847656,49.84309387207031
2015-05-06,60.21860122680664,49.73249816894531
2015-05-07,60.34343719482422,49.78779220581055
2015-05-08,60.50492477416992,50.53041076660156
2015-05-11,60.189273834228516,50.2302131652832
2015-05-12,60.11585235595703,50.18281173706055
2015-05-13,60.086456298828125,50.30921936035156
2015-05-14,60.20393753051758,50.80692672729492
2015-05-15,60.446258544921875,50.9017448425293
2015-05-18,60.225948333740234,50.8780403137207
2015-05-19,60.09379196166992,50.8148307800293
2015-05-20,60.09379196166992,50.79903030395508
2015-05-21,60.284671783447266,50.988624572753906
2015-05-22,60.24798583984375,50.791133880615234
2015-05-26,60.394832611083984,50.15910720825195
2015-05-27,60.4241828918457,50.5936164855957
2015-05-28,60.4315071105957,50.419837951660156
2015-05-29,60.45358657836914,50.06431579589844
2015-06-01,60.251976013183594,50.06431579589844
2015-06-02,60.08274841308594,50.1432991027832
2015-06-03,59.817935943603516,50.332923889160156
2015-06-04,59.965049743652344,49.84309387207031
2015-06-05,59.729652404785156,49.53499984741211
2015-06-08,59.8032112121582,49.32167434692383
2015-06-09,59.626686096191406,49.203163146972656
2015-06-10,59.501564025878906,50.0010986328125
2015-06-11,59.781150817871094,50.088008880615234
2015-06-12,59.736995697021484,49.76408767700195
2015-06-15,59.744361877441406,49.487586975097656
2015-06-16,59.89887237548828,49.62188720703125
2015-06-17,59.920928955078125,49.62188720703125
2015-06-18,59.87678146362305,50.13540267944336
2015-06-19,60.04599380493164,49.89839553833008
2015-06-22,59.75905990600586,50.45931625366211
2015-06-23,59.61927032470703,50.538330078125
2015-06-24,59.729652404785156,50.1986198425293
2015-06-25,59.648719787597656,50.05640411376953
2015-06-26,59.53837585449219,50.09858322143555
2015-06-29,59.84000015258789,48.8254280090332
2015-06-30,59.781150817871094,48.952754974365234
2015-07-01,59.63593673706055,49.2153205871582
2015-07-02,59.78335952758789,49.22328567504883
2015-07-06,59.98974609375,48.698116302490234
2015-07-07,60.04869079589844,48.706077575683594
2015-07-08,60.21828842163086,47.67958450317383
2015-07-09,60.019283294677734,48.0535774230957
2015-07-10,59.73910140991211,49.0402717590332
2015-07-13,59.59904861450195,49.38242721557617
2015-07-14,59.70962905883789,49.67684555053711
2015-07-15,59.879188537597656,49.53361511230469
2015-07-16,59.879188537597656,49.93147659301758
2015-07-17,59.88655471801758,49.851905822753906
2015-07-20,59.805477142333984,49.83599853515625
2015-07-21,59.916053771972656,49.6927604675293
2015-07-22,59.93817901611328,49.45404815673828
2015-07-23,60.07822036743164,49.23920440673828
2015-07-24,60.115081787109375,48.65036392211914
2015-07-27,60.233036041259766,48.25250244140625
2015-07-28,60.129825592041016,48.78564453125
2015-07-29,60.07822036743164,49.09597396850586
2015-07-30,60.10029983520508,49.151668548583984
2015-07-31,60.30674743652344,49.199405670166016
2015-08-03,60.446388244628906,48.992523193359375
2015-08-04,60.23951721191406,49.00048828125
2015-08-05,60.14350891113281,49.11984634399414
2015-08-06,60.1804084777832,48.809513092041016
2015-08-07,60.306007385253906,48.76176452636719
2015-08-10,60.1804084777832,49.374473571777344
2015-08-11,60.40943908691406,48.7458610534668
2015-08-12,60.38725662231445,48.62649917602539
2015-08-13,60.26166534423828,48.56283950805664
2015-08-14,60.23951721191406,48.706077575683594
2015-08-17,60.35032272338867,48.777687072753906
2015-08-18,60.23951721191406,48.5310173034668
2015-08-19,60.453712463378906,48.101322174072266
2015-08-20,60.505489349365234,47.05097198486328
2015-08-21,60.60142135620117,45.75394821166992
2015-08-24,60.58673095703125,43.94766616821289
2015-08-25,60.38725662231445,43.94766616821289
2015-08-26,60.128726959228516,45.236724853515625
2015-08-27,60.209964752197266,46.23137664794922
2015-08-28,60.23951721191406,46.23137664794922
2015-08-31,60.15827178955078,45.93696212768555
2015-09-01,60.30481719970703,44.496700286865234
2015-09-02,60.26044845581055,45.24467086791992
2015-09-03,60.30481719970703,45.30833435058594
2015-09-04,60.4528694152832,44.43305206298828
2015-09-08,60.30481719970703,45.626625061035156
2015-09-09,60.290042877197266,45.19694137573242
2015-09-10,60.16416931152344,45.4833984375
2015-09-11,60.290042877197266,45.57889175415039
2015-09-14,60.30481719970703,45.35608673095703
2015-09-15,60.05316162109375,45.8255615234375
2015-09-16,60.01619338989258,46.406436920166016
2015-09-17,60.35663604736328,46.406436920166016
2015-09-18,60.526893615722656,45.507266998291016
2015-09-21,60.30481719970703,45.5629768371582
2015-09-22,60.41586685180664,44.775203704833984
2015-09-23,60.41586685180664,44.5762825012207
2015-09-24,60.438072204589844,44.44099807739258
2015-09-25,60.32704544067383,44.472190856933594
2015-09-28,60.48249816894531,43.440555572509766
2015-09-29,60.526893615722656,43.4725456237793
2015-09-30,60.64530944824219,44.232295989990234
2015-10-01,60.677978515625,44.42421340942383
2015-10-02,60.90788650512695,45.15994644165039
2015-10-05,60.6705322265625,46.06363296508789
2015-10-06,60.75212860107422,45.99966812133789
2015-10-07,60.75212860107422,46.57544708251953
2015-10-08,60.655704498291016,46.975311279296875
2015-10-09,60.64830017089844,47.047279357910156
2015-10-12,60.75212860107422,46.96730422973633
2015-10-13,60.789207458496094,46.4954719543457
2015-10-14,61.01171875,46.471492767333984
2015-10-15,60.893028259277344,47.207218170166016
2015-10-16,60.87077713012695,47.271202087402344
2015-10-19,60.87077713012695,47.15922546386719
2015-10-20,60.77434158325195,47.10325622558594
2015-10-21,60.885616302490234,46.81535720825195
2015-10-22,60.989444732666016,47.4471321105957
2015-10-23,60.833683013916016,47.88698196411133
2015-10-26,60.900447845458984,47.743019104003906
2015-10-27,60.91529083251953,47.4471321105957
2015-10-28,60.74470138549805,47.846988677978516
2015-10-29,60.529571533203125,47.62308120727539
2015-10-30,60.66313934326172,47.45513153076172
2015-11-02,60.543434143066406,48.05491638183594
2015-11-03,60.43943786621094,48.214866638183594
2015-11-04,60.47658920288086,47.99093246459961
2015-11-05,60.365074157714844,47.92695617675781
2015-11-06,60.12723922729492,47.76701736450195
2015-11-09,60.075233459472656,47.311195373535156
2015-11-10,60.14210510253906,47.28718948364258
2015-11-11,60.1495475769043,47.25519561767578
2015-11-12,60.157005310058594,46.69538879394531
2015-11-13,60.26844787597656,46.17559051513672
2015-11-16,60.26844787597656,46.78337097167969
2015-11-17,60.33531951904297,46.76738357543945
2015-11-18,60.30561065673828,47.37516784667969
2015-11-19,60.387393951416016,47.53511428833008
2015-11-20,60.3725700378418,47.62308120727539
2015-11-23,60.39482879638672,47.4311408996582
2015-11-24,60.41712188720703,47.54310607910156
2015-11-25,60.424537658691406,47.559104919433594
2015-11-27,60.454288482666016,47.527103424072266
2015-11-30,60.424537658691406,47.415157318115234
2015-12-01,60.653167724609375,47.91896057128906
2015-12-02,60.57870864868164,47.40715408325195
2015-12-03,60.109493255615234,46.87135314941406
2015-12-04,60.34781265258789,47.559104919433594
2015-12-07,60.452110290527344,47.14324951171875
2015-12-08,60.46699142456055,46.663414001464844
2015-12-09,60.44466018676758,46.423492431640625
2015-12-10,60.437255859375,46.367523193359375
2015-12-11,60.60105514526367,45.431854248046875
2015-12-14,60.31801223754883,45.57579803466797
2015-12-15,60.25103759765625,46.04762268066406
2015-12-16,60.1839599609375,46.77538299560547
2015-12-17,60.31062316894531,46.11960220336914
2015-12-18,60.44466018676758,45.50382995605469
2015-12-21,60.37760925292969,45.856388092041016
2015-12-22,60.295711517333984,46.258846282958984
2015-12-23,60.30318832397461,46.902774810791016
2015-12-24,60.34801483154297,46.80619812011719
2015-12-28,60.34801483154297,46.70154571533203
2015-12-29,60.161293029785156,47.1281623840332
2015-12-30,60.19862365722656,46.782047271728516
2015-12-31,60.31814193725586,46.379581451416016
2016-01-04,60.28826141357422,45.59880447387695
2016-01-05,60.36293411254883,45.60685729980469
2016-01-06,60.63180160522461,44.930728912353516
2016-01-07,60.639259338378906,43.88433074951172
2016-01-08,60.71394729614258,43.369178771972656
2016-01-11,60.46004104614258,43.39332962036133
2016-01-12,60.61686325073242,43.634803771972656
2016-01-13,60.7662239074707,42.660831451416016
2016-01-14,60.69154357910156,43.35307693481445
2016-01-15,60.79611587524414,42.13765335083008
2016-01-19,60.72142791748047,42.266422271728516
2016-01-20,60.78862380981445,41.590301513671875
2016-01-21,60.75130081176758,41.831764221191406
2016-01-22,60.728912353515625,42.878173828125
2016-01-25,60.728912353515625,42.210079193115234
2016-01-26,60.81852722167969,42.91841506958008
2016-01-27,60.81852722167969,42.53205871582031
2016-01-28,60.86333465576172,42.67695617675781
2016-01-29,61.0426025390625,43.6589469909668
2016-02-01,60.918331146240234,43.71529006958008
2016-02-02,61.12791442871094,42.67695617675781
2016-02-03,61.17280578613281,43.06330108642578
2016-02-04,61.21774673461914,43.1518440246582
2016-02-05,61.15785598754883,42.411312103271484
2016-02-08,61.41981506347656,41.72712707519531
2016-02-09,61.41233825683594,41.4293212890625
2016-02-10,61.539554595947266,41.453460693359375
2016-02-11,61.5770149230957,40.898067474365234
2016-02-12,61.37488555908203,41.62248992919922
2016-02-16,61.28508377075195,42.38715744018555
2016-02-17,61.270164489746094,43.21623229980469
2016-02-18,61.47969055175781,43.031105041503906
2016-02-19,61.397342681884766,42.974761962890625
2016-02-22,61.41233825683594,43.62673568725586
2016-02-23,61.449764251708984,43.01500701904297
2016-02-24,61.49467086791992,43.047203063964844
2016-02-25,61.584495544433594,43.51406478881836
2016-02-26,61.52463150024414,43.45772171020508
2016-02-29,61.56199264526367,43.17598342895508
2016-03-01,61.35581588745117,44.27067947387695
2016-03-02,61.31827163696289,44.560462951660156
2016-03-03,61.34825897216797,44.930728912353516
2016-03-04,61.31827163696289,45.23659133911133
2016-03-07,61.30327606201172,45.23659133911133
2016-03-08,61.505794525146484,44.64899826049805
2016-03-09,61.40077590942383,44.890472412109375
2016-03-10,61.370792388916016,44.8421745300293
2016-03-11,61.288307189941406,45.80807876586914
2016-03-14,61.42327117919922,45.703453063964844
2016-03-15,61.36328125,45.35758590698242
2016-03-16,61.60328674316406,45.834346771240234
2016-03-17,61.738258361816406,46.25455093383789
2016-03-18,61.790767669677734,46.33536148071289
2016-03-21,61.67822265625,46.33536148071289
2016-03-22,61.66325759887695,46.25455093383789
2016-03-23,61.79825210571289,45.793949127197266
2016-03-24,61.72329330444336,45.696983337402344
2016-03-28,61.753238677978516,45.858604431152344
2016-03-29,62.00828552246094,46.3596076965332
2016-03-30,61.985748291015625,46.64244842529297
2016-03-31,62.10574722290039,46.618194580078125
2016-04-01,62.17563247680664,46.53738784790039
2016-04-04,62.17563247680664,46.35152053833008
2016-04-05,62.288394927978516,45.73739242553711
2016-04-06,62.25833511352539,46.27071762084961
2016-04-07,62.46125793457031,45.58384323120117
2016-04-08,62.408626556396484,46.01213836669922
2016-04-11,62.401092529296875,46.06062316894531
2016-04-12,62.303428649902344,46.6101188659668
2016-04-13,62.340999603271484,47.24850082397461
2016-04-14,62.288394927978516,47.20808792114258
2016-04-15,62.43118667602539,47.1434440612793
2016-04-18,62.408626556396484,47.45859909057617
2016-04-19,62.44623947143555,47.95151901245117
2016-04-20,62.273345947265625,47.96769332885742
2016-04-21,62.19819641113281,47.69294357299805
2016-04-22,62.17563247680664,47.668697357177734
2016-04-25,62.10050582885742,47.51516342163086
2016-04-26,62.010311126708984,47.684852600097656
2016-04-27,62.19819641113281,47.741432189941406
2016-04-28,62.3109245300293,47.377777099609375
2016-04-29,62.35605239868164,47.086883544921875
2016-05-02,62.24605941772461,47.41818618774414
2016-05-03,62.419288635253906,46.80405807495117
2016-05-04,62.44187545776367,46.4000129699707
2016-05-05,62.55485153198242,46.39194107055664
2016-05-06,62.52466583251953,46.545475006103516
2016-05-09,62.56991195678711,46.3676872253418
2016-05-10,62.56991195678711,47.03839111328125
2016-05-11,62.584964752197266,46.707088470458984
2016-05-12,62.592498779296875,46.62626647949219
2016-05-13,62.66024398803711,46.17375183105469
2016-05-16,62.52466583251953,46.69092559814453
2016-05-17,62.47954177856445,46.303043365478516
2016-05-18,62.18584060668945,46.278804779052734
2016-05-19,62.25362014770508,46.02829360961914
2016-05-20,62.25362014770508,46.41617965698242
2016-05-23,62.2686653137207,46.27071762084961
2016-05-24,62.23857116699219,46.94142150878906
2016-05-25,62.215938568115234,47.29697799682617
2016-05-26,62.32138442993164,47.35353088378906
2016-05-27,62.29877853393555,47.42626953125
2016-05-31,62.351505279541016,47.393951416015625
2016-06-01,62.373409271240234,47.48284149169922
2016-06-02,62.494117736816406,47.595977783203125
2016-06-03,62.88648223876953,47.73334884643555
2016-06-06,62.78839111328125,48.00809097290039
2016-06-07,62.79591369628906,48.307071685791016
2016-06-08,62.871429443359375,48.436378479003906
2016-06-09,62.93177795410156,48.12123107910156
2016-06-10,62.992156982421875,47.2242546081543
2016-06-13,63.00722885131836,46.76365280151367
2016-06-14,62.99971389770508,46.426387786865234
2016-06-15,63.1430778503418,46.630043029785156
2016-06-16,63.21099090576172,46.65448760986328
2016-06-17,63.120391845703125,46.74409866333008
2016-06-20,62.977054595947266,47.387672424316406
2016-06-21,62.89407730102539,47.59132385253906
2016-06-22,62.91670227050781,47.50985336303711
2016-06-23,62.80350875854492,48.462982177734375
2016-06-24,63.15814208984375,45.88872146606445
2016-06-27,63.4750862121582,44.90300750732422
2016-06-28,63.550537109375,45.88058090209961
2016-06-29,63.527854919433594,46.711509704589844
2016-06-30,63.61087417602539,47.30620193481445
2016-07-01,63.787803649902344,47.526153564453125
2016-07-05,64.00704956054688,46.88258743286133
2016-07-06,64.1204605102539,47.0047721862793
2016-07-07,64.01461029052734,46.866294860839844
2016-07-08,64.1809310913086,47.61576843261719
2016-07-11,63.99193572998047,48.04751968383789
2016-07-12,63.7348747253418,48.4874267578125
2016-07-13,63.848304748535156,48.462982177734375
2016-07-14,63.75000762939453,48.8295783996582
2016-07-15,63.545928955078125,48.723663330078125
2016-07-18,63.56861877441406,48.837730407714844
2016-07-19,63.666873931884766,48.577030181884766
2016-07-20,63.59881591796875,48.84585952758789
2016-07-21,63.67440414428711,48.68293762207031
2016-07-22,63.681968688964844,48.870304107666016
2016-07-25,63.64414978027344,48.723663330078125
2016-07-26,63.6365852355957,48.919193267822266
2016-07-27,63.825645446777344,48.93547821044922
2016-07-28,63.787803649902344,48.98435974121094
2016-07-29,63.99193572998047,49.26948165893555
2016-08-01,63.791221618652344,49.08211898803711
2016-08-02,63.730613708496094,48.772544860839844
2016-08-03,63.730613708496094,48.878456115722656
2016-08-04,63.844276428222656,48.95991897583008
2016-08-05,63.632110595703125,49.342796325683594
2016-08-08,63.63969421386719,49.407981872558594
2016-08-09,63.82154083251953,49.60347366333008
2016-08-10,63.90483474731445,49.57905197143555
2016-08-11,63.738162994384766,49.94563293457031
2016-08-12,63.88212203979492,49.8397331237793
2016-08-15,63.77606201171875,50.07598876953125
2016-08-16,63.745731353759766,49.88046646118164
2016-08-17,63.844276428222656,49.864173889160156
2016-08-18,63.91240310668945,50.067832946777344
2016-08-19,63.78363037109375,49.88861083984375
2016-08-22,63.874534606933594,49.81529998779297
2016-08-23,63.90483474731445,49.970069885253906
2016-08-24,63.897254943847656,49.701229095458984
2016-08-25,63.829097747802734,49.68495178222656
2016-08-26,63.670040130615234,49.44871139526367
2016-08-29,63.8896484375,49.73383712768555
2016-08-30,63.836639404296875,49.63607406616211
2016-08-31,63.791221618652344,49.4405632019043
2016-09-01,63.87923049926758,49.611637115478516
2016-09-02,63.788185119628906,50.0596923828125
2016-09-06,63.977882385253906,50.369258880615234
2016-09-07,63.9854850769043,50.44256591796875
2016-09-08,63.74263381958008,50.23074722290039
2016-09-09,63.4617919921875,49.0088005065918
2016-09-12,63.48454284667969,49.587181091308594
2016-09-13,63.3023796081543,48.65454864501953
2016-09-14,63.3858757019043,48.63817596435547
2016-09-15,63.43901062011719,49.20315933227539
2016-09-16,63.49213790893555,48.80194091796875
2016-09-19,63.446563720703125,48.97388458251953
2016-09-20,63.4617919921875,49.09670639038086
2016-09-21,63.64398956298828,49.83366775512695
2016-09-22,63.77297592163086,50.16937255859375
2016-09-23,63.757789611816406,49.8009033203125
2016-09-26,63.86404037475586,49.350555419921875
2016-09-27,63.93997573852539,49.661705017089844
2016-09-28,63.93997573852539,49.98923873901367
2016-09-29,63.94757843017578,49.4815673828125
2016-09-30,63.86404037475586,49.82548522949219
2016-10-03,63.79634475708008,49.74360275268555
2016-10-04,63.58345413208008,49.547061920166016
2016-10-05,63.476993560791016,49.85822296142578
2016-10-06,63.45417022705078,49.71083450317383
2016-10-07,63.507408142089844,49.52250289916992
2016-10-10,63.438941955566406,49.73540496826172
2016-10-11,63.34010314941406,48.982078552246094
2016-10-12,63.37810134887695,49.04758834838867
2016-10-13,63.45417022705078,48.81013488769531
2016-10-14,63.32490539550781,48.84288787841797
2016-10-17,63.461753845214844,48.69547653198242
2016-10-18,63.54540252685547,49.121273040771484
2016-10-19,63.59104537963867,49.33418273925781
2016-10-20,63.55305099487305,49.309608459472656
2016-10-21,63.606258392333984,49.20315933227539
2016-10-24,63.515010833740234,49.3669319152832
2016-10-25,63.515010833740234,49.23592758178711
2016-10-26,63.40089797973633,49.02301788330078
2016-10-27,63.22604751586914,48.93294906616211
2016-10-28,63.19560241699219,48.78556442260742
2016-10-31,63.26405334472656,48.84288787841797
2016-11-01,63.24348449707031,48.54810333251953
2016-11-02,63.30446243286133,48.21239471435547
2016-11-03,63.266319274902344,48.081382751464844
2016-11-04,63.38064956665039,47.82753372192383
2016-11-07,63.29677963256836,48.78556442260742
2016-11-08,63.18254470825195,48.998451232910156
2016-11-09,62.55769348144531,49.09670639038086
2016-11-10,62.2910041809082,48.957515716552734
2016-11-11,62.176753997802734,48.687294006347656
2016-11-14,61.94050216674805,48.67091369628906
2016-11-15,62.024356842041016,49.129478454589844
2016-11-16,62.153865814208984,48.86744689941406
2016-11-17,61.90241241455078,49.13766098022461
2016-11-18,61.75001525878906,48.89201736450195
2016-11-21,61.74238967895508,49.34236526489258
2016-11-22,61.795719146728516,49.457000732421875
2016-11-23,61.635704040527344,49.41606903076172
2016-11-25,61.65858840942383,49.59619140625
2016-11-28,61.80336380004883,49.399681091308594
2016-11-29,61.84908676147461,49.49794006347656
2016-11-30,61.635704040527344,49.42424011230469
2016-12-01,61.40670394897461,49.20315933227539
2016-12-02,61.628108978271484,49.309608459472656
2016-12-05,61.70442581176758,49.669898986816406
2016-12-06,61.6967887878418,49.91553497314453
2016-12-07,61.841861724853516,50.60335922241211
2016-12-08,61.719730377197266,50.7425537109375
2016-12-09,61.53648376464844,50.88994598388672
2016-12-12,61.46775817871094,50.73435592651367
2016-12-13,61.53648376464844,51.14377212524414
2016-12-14,61.22346115112305,50.48052978515625
2016-12-15,61.1318359375,50.57060241699219
2016-12-16,61.185279846191406,50.5214729309082
2016-12-19,61.34559631347656,50.56240463256836
2016-12-20,61.35325241088867,50.75791931152344
2016-12-21,61.444862365722656,50.67543411254883
2016-12-22,61.40272521972656,50.47743225097656
2016-12-23,61.4333610534668,50.559940338134766
2016-12-27,61.387451171875,50.658939361572266
2016-12-28,61.54055404663086,50.36196517944336
2016-12-29,61.70891189575195,50.41969680786133
2016-12-30,61.83904266357422,50.320709228515625
2017-01-03,61.8466682434082,50.7331657409668
2017-01-04,61.89265441894531,51.19514465332031
2017-01-05,62.20643997192383,51.36012268066406
2017-01-06,61.96154022216797,51.36837387084961
2017-01-09,62.11460494995117,51.22813415527344
2017-01-10,62.099308013916016,51.27762222290039
2017-01-11,62.129905700683594,51.55809783935547
2017-01-12,62.145233154296875,51.45911407470703
2017-01-13,62.04571533203125,51.63234329223633
2017-01-17,62.237060546875,51.475616455078125
2017-01-18,61.91558837890625,51.4178581237793
2017-01-19,61.80842590332031,51.29412078857422
2017-01-20,61.85433578491211,51.46736145019531
2017-01-23,62.02274703979492,51.46736145019531
2017-01-24,61.93086624145508,51.82207489013672
2017-01-25,61.747215270996094,52.284034729003906
2017-01-26,61.770145416259766,52.17680358886719
2017-01-27,61.83904266357422,52.11080551147461
2017-01-30,61.82374572753906,51.73958206176758
2017-01-31,61.953887939453125,51.8303337097168
2017-02-01,61.844940185546875,51.90457534790039
2017-02-02,61.88330078125,52.003570556640625
2017-02-03,61.89861297607422,52.26753234863281
2017-02-06,62.09041976928711,52.086055755615234
2017-02-07,62.19008255004883,52.053062438964844
2017-02-08,62.35884094238281,52.119056701660156
2017-02-09,62.19008255004883,52.38303756713867
2017-02-10,62.174774169921875,52.647003173828125
2017-02-13,62.1057243347168,52.910987854003906
2017-02-14,61.975318908691406,53.01823425292969
2017-02-15,61.875640869140625,53.323448181152344
2017-02-16,61.99065017700195,53.33994674682617
2017-02-17,62.136444091796875,53.31519317626953
2017-02-21,62.1287727355957,53.59568405151367
2017-02-22,62.16709518432617,53.587432861328125
2017-02-23,62.2821159362793,53.587432861328125
2017-02-24,62.51227951049805,53.471946716308594
2017-02-27,62.3818359375,53.43069839477539
2017-02-28,62.3358268737793,53.224449157714844
2017-03-01,62.08070755004883,53.87614059448242
2017-03-02,61.96541213989258,53.480201721191406
2017-03-03,62.011505126953125,53.67816925048828
2017-03-06,61.973106384277344,53.529693603515625
2017-03-07,61.85783386230469,53.356449127197266
2017-03-08,61.7117805480957,53.19972229003906
2017-03-09,61.5196647644043,53.224449157714844
2017-03-10,61.64262771606445,53.52143478393555
2017-03-13,61.5196647644043,53.727664947509766
2017-03-14,61.512001037597656,53.4389533996582
2017-03-15,61.896244049072266,54.09064483642578
2017-03-16,61.804046630859375,54.173118591308594
2017-03-17,61.926998138427734,54.18962860107422
2017-03-20,62.0499382019043,54.115386962890625
2017-03-21,62.19596862792969,53.57917785644531
2017-03-22,62.28050231933594,53.66166687011719
2017-03-23,62.249794006347656,53.6286735534668
2017-03-24,62.23439025878906,53.727664947509766
2017-03-27,62.36502456665039,53.78541564941406
2017-03-28,62.249794006347656,54.09064483642578
2017-03-29,62.37270736694336,54.16766357421875
2017-03-30,62.27280807495117,54.1428108215332
2017-03-31,62.31122589111328,54.01030349731445
2017-04-03,62.53763961791992,53.96062088012695
2017-04-04,62.468353271484375,53.99374771118164
2017-04-05,62.52227020263672,53.78670883178711
2017-04-06,62.54539108276367,53.86952209472656
2017-04-07,62.40675354003906,53.803279876708984
2017-04-10,62.468353271484375,53.828128814697266
2017-04-11,62.66860580444336,53.877811431884766
2017-04-12,62.8149299621582,53.75359344482422
2017-04-13,62.907352447509766,53.414058685302734
2017-04-17,62.86884307861328,53.86952209472656
2017-04-18,63.09218978881836,53.579681396484375
2017-04-19,62.97663116455078,53.47203063964844
2017-04-20,62.8919563293457,53.91921615600586
2017-04-21,62.907352447509766,53.836402893066406
2017-04-24,62.822628021240234,54.681095123291016
2017-04-25,62.63011932373047,55.0123405456543
2017-04-26,62.69170379638672,54.979217529296875
2017-04-27,62.737884521484375,55.00404357910156
2017-04-28,62.807212829589844,54.88811492919922
2017-05-01,62.689945220947266,55.00404357910156
2017-05-02,62.79800033569336,55.21936798095703
2017-05-03,62.728511810302734,55.028907775878906
2017-05-04,62.6590461730957,55.153133392333984
2017-05-05,62.69765090942383,55.55062484741211
2017-05-08,62.58961868286133,55.35186767578125
2017-05-09,62.558746337890625,55.39327621459961
2017-05-10,62.551002502441406,55.49266052246094
2017-05-11,62.597312927246094,55.40983200073242
2017-05-12,62.78252410888672,55.37672805786133
2017-05-15,62.76709747314453,55.74936294555664
2017-05-16,62.828853607177734,55.85702133178711
2017-05-17,63.16841506958008,54.99577713012695
2017-05-18,63.114383697509766,55.028907775878906
2017-05-19,63.152957916259766,55.583736419677734
2017-05-22,63.09897232055664,55.807342529296875
2017-05-23,62.967777252197266,55.79904556274414
2017-05-24,63.09897232055664,55.9067268371582
2017-05-25,63.09897232055664,56.09716796875
2017-05-26,63.129852294921875,56.039207458496094
2017-05-30,63.22242736816406,55.981239318847656
2017-05-31,63.253292083740234,55.9564094543457
2017-06-01,63.27034378051758,56.37046813964844
2017-06-02,63.47917556762695,56.709991455078125
2017-06-05,63.37861251831055,56.585777282714844
2017-06-06,63.4946174621582,56.46155548095703
2017-06-07,63.4095458984375,56.46155548095703
2017-06-08,63.363128662109375,56.44499588012695
2017-06-09,63.30902099609375,56.34561538696289
2017-06-12,63.293495178222656,56.26280975341797
2017-06-13,63.30902099609375,56.62717056274414
2017-06-14,63.54102325439453,56.48640441894531
2017-06-15,63.47140121459961,56.13859939575195
2017-06-16,63.54102325439453,56.38700866699219
2017-06-19,63.44819641113281,56.743125915527344
2017-06-20,63.54102325439453,56.246246337890625
2017-06-21,63.571937561035156,56.246246337890625
2017-06-22,63.59513854980469,56.27108383178711
2017-06-23,63.610595703125,56.37046813964844
2017-06-26,63.680206298828125,56.544368743896484
2017-06-27,63.463680267333984,56.246246337890625
2017-06-28,63.463680267333984,56.718196868896484
2017-06-29,63.33218765258789,56.176204681396484
2017-06-30,63.28578186035156,56.309627532958984
2017-07-03,63.292781829833984,56.401344299316406
2017-07-05,63.331626892089844,56.401344299316406
2017-07-06,63.18405532836914,55.926055908203125
2017-07-07,63.16852951049805,56.176204681396484
2017-07-10,63.19956588745117,56.301265716552734
2017-07-11,63.26171112060547,56.35131072998047
2017-07-12,63.40927505493164,56.84328079223633
2017-07-13,63.38595199584961,57.01005554199219
2017-07-14,63.40927505493164,57.351924896240234
2017-07-17,63.49473190307617,57.31023025512695
2017-07-18,63.64226150512695,57.360260009765625
2017-07-19,63.65001678466797,57.66878890991211
2017-07-20,63.68883514404297,57.768856048583984
2017-07-21,63.75877380371094,57.66878890991211
2017-07-24,63.727691650390625,57.66878890991211
2017-07-25,63.48687744140625,57.7855224609375
2017-07-26,63.64226150512695,57.96062088012695
2017-07-27,63.564579010009766,57.818885803222656
2017-07-28,63.68106460571289,57.793853759765625
2017-07-31,63.67329788208008,57.80220031738281
2017-08-01,63.9322395324707,58.05235290527344
2017-08-02,63.89326095581055,58.00231170654297
2017-08-03,64.02580261230469,57.92728042602539
2017-08-04,63.92439270019531,58.03568649291992
2017-08-07,63.94781494140625,58.17743682861328
2017-08-08,63.86204528808594,57.99399948120117
2017-08-09,63.90880584716797,57.86056900024414
2017-08-10,64.00240325927734,56.976688385009766
2017-08-11,64.05702209472656,57.001705169677734
2017-08-14,64.01024627685547,57.527042388916016
2017-08-15,63.90102005004883,57.46864318847656
2017-08-16,63.99465560913086,57.75217056274414
2017-08-17,64.111572265625,56.93500900268555
2017-08-18,64.08039855957031,57.001705169677734
2017-08-21,64.111572265625,57.051734924316406
2017-08-22,64.03360748291016,57.510372161865234
2017-08-23,64.22078704833984,57.44364547729492
2017-08-24,64.12718963623047,57.351924896240234
2017-08-25,64.2051773071289,57.57706832885742
2017-08-28,64.23638153076172,57.568721771240234
2017-08-29,64.30654907226562,57.518680572509766
2017-08-30,64.29872131347656,57.68547058105469
2017-08-31,64.35336303710938,58.044010162353516
2017-09-01,64.24703979492188,58.219112396240234
2017-09-05,64.51278686523438,57.82721710205078
2017-09-06,64.40335083007812,58.044010162353516
2017-09-07,64.60657501220703,58.2691535949707
2017-09-08,64.53623962402344,58.20246505737305
2017-09-11,64.3408432006836,58.761131286621094
2017-09-12,64.24703979492188,58.91954803466797
2017-09-13,64.16890716552734,58.76947021484375
2017-09-14,64.2079849243164,58.78614807128906
2017-09-15,64.21581268310547,58.894535064697266
2017-09-18,64.16890716552734,59.094661712646484
2017-09-19,64.12200164794922,59.18638229370117
2017-09-20,64.06733703613281,59.18638229370117
2017-09-21,64.05168151855469,59.027950286865234
2017-09-22,64.11418151855469,59.06963348388672
2017-09-25,64.2548828125,58.81116485595703
2017-09-26,64.2236099243164,58.752777099609375
2017-09-27,64.02826690673828,58.865081787109375
2017-09-28,64.0438461303711,58.94050598144531
2017-09-29,64.05168151855469,59.2673454284668
2017-10-02,64.02664184570312,59.40144729614258
2017-10-03,64.05795288085938,59.66123580932617
2017-10-04,64.05795288085938,59.68639373779297
2017-10-05,64.01097106933594,59.862369537353516
2017-10-06,63.94049072265625,59.78694152832031
2017-10-09,64.00313568115234,59.70315170288086
2017-10-10,64.03443145751953,60.02998733520508
2017-10-11,64.06580352783203,60.197593688964844
2017-10-12,64.12060546875,60.16407012939453
2017-10-13,64.25373840332031,60.33168411254883
2017-10-16,64.1910629272461,60.35683059692383
2017-10-17,64.19892120361328,60.33168411254883
2017-10-18,64.09708404541016,60.37360382080078
2017-10-19,64.12841033935547,60.29816436767578
2017-10-20,63.97184371948242,60.44064712524414
2017-10-23,64.02664184570312,60.205963134765625
2017-10-24,63.9169807434082,60.306549072265625
2017-10-25,63.86219787597656,60.06351852416992
2017-10-26,63.78385925292969,60.08027648925781
2017-10-27,63.9248046875,60.39872741699219
2017-10-30,64.0736312866211,60.32331848144531
2017-10-31,64.03443145751953,60.51605987548828
2017-11-01,64.07605743408203,60.650142669677734
2017-11-02,64.13883209228516,60.71718215942383
2017-11-03,64.19375610351562,60.767459869384766
2017-11-06,64.2408447265625,60.926700592041016
2017-11-07,64.26437377929688,60.80097579956055
2017-11-08,64.21732330322266,60.93508529663086
2017-11-09,64.15453338623047,60.59986877441406
2017-11-10,63.89555740356445,60.54957962036133
2017-11-13,63.903385162353516,60.4573974609375
2017-11-14,63.98186492919922,60.365196228027344
2017-11-15,64.13097381591797,60.01322555541992
2017-11-16,64.04466247558594,60.59148406982422
2017-11-17,64.10748291015625,60.50767135620117
2017-11-20,64.0682144165039,60.59986877441406
2017-11-21,64.1231689453125,61.077552795410156
2017-11-22,64.25656127929688,61.161380767822266
2017-11-24,64.2408447265625,61.38762664794922
2017-11-27,64.21732330322266,61.14459991455078
2017-11-28,64.21732330322266,61.61390686035156
2017-11-29,64.0603256225586,61.42117691040039
2017-11-30,63.9661865234375,61.6641845703125
2017-12-01,64.13762664794922,61.530120849609375
2017-12-04,64.14550018310547,61.42117691040039
2017-12-05,64.22412109375,61.22842025756836
2017-12-06,64.29491424560547,61.03565216064453
2017-12-07,64.20838928222656,61.22842025756836
2017-12-08,64.18478393554688,61.588775634765625
2017-12-11,64.13762664794922,61.73958969116211
2017-12-12,64.1297836303711,61.756385803222656
2017-12-13,64.31063079833984,61.89046096801758
2017-12-14,64.334228515625,61.62229919433594
2017-12-15,64.34208679199219,61.907249450683594
2017-12-18,64.23987579345703,62.48549270629883
2017-12-19,64.04324340820312,62.267845153808594
2017-12-20,63.917449951171875,62.22567367553711
2017-12-21,63.95673370361328,62.4028205871582
2017-12-22,63.98817825317383,62.512489318847656
2017-12-26,64.05207824707031,62.52092742919922
2017-12-27,64.24917602539062,62.56309509277344
2017-12-28,64.20973205566406,62.74869918823242
2017-12-29,64.312255859375,62.64745330810547
2018-01-02,64.13089752197266,63.195831298828125
2018-01-03,64.18611145019531,63.626060485839844
2018-01-04,64.15455627441406,64.00569915771484
2018-01-05,64.06782531738281,64.37689971923828
2018-01-08,64.07569885253906,64.44438171386719
2018-01-09,63.88645553588867,64.5540542602539
2018-01-10,63.89439392089844,64.34315490722656
2018-01-11,63.89439392089844,64.81558227539062
2018-01-12,63.88645553588867,65.33020782470703
2018-01-16,63.93378448486328,65.1783447265625
2018-01-17,63.862815856933594,65.69295501708984
2018-01-18,63.736671447753906,65.55796813964844
2018-01-19,63.60262680053711,65.90386199951172
2018-01-22,63.555355072021484,66.38471984863281
2018-01-23,63.72090530395508,66.57030487060547
2018-01-24,63.649940490722656,66.67996978759766
2018-01-25,63.823448181152344,66.57875061035156
2018-01-26,63.70515823364258,67.2620849609375
2018-01-29,63.618446350097656,66.70531463623047
2018-01-30,63.500152587890625,66.02195739746094
2018-01-31,63.51593017578125,66.08102416992188
2018-02-01,63.3397331237793,66.03041076660156
2018-02-02,63.150047302246094,64.58779907226562
2018-02-05,63.42667770385742,62.107521057128906
2018-02-06,63.22119140625,63.4067497253418
2018-02-07,63.07897186279297,62.59685516357422
2018-02-08,63.03153610229492,60.61431884765625
2018-02-09,62.873538970947266,61.255489349365234
2018-02-12,62.88933181762695,62.1666145324707
2018-02-13,62.94466781616211,62.20876693725586
2018-02-14,62.739166259765625,63.195831298828125
2018-02-15,62.802391052246094,63.89600372314453
2018-02-16,62.93675994873047,63.94664001464844
2018-02-20,62.873538970947266,63.46577072143555
2018-02-21,62.63650131225586,63.229557037353516
2018-02-22,62.71552276611328,63.3392333984375
2018-02-23,62.88144302368164,64.19129180908203
2018-02-26,62.913028717041016,64.7902603149414
2018-02-27,62.778717041015625,63.88759231567383
2018-02-28,62.85773849487305,63.14518737792969
2018-03-01,62.964569091796875,62.394378662109375
2018-03-02,62.845863342285156,62.68962478637695
2018-03-05,62.80624771118164,63.195831298828125
2018-03-06,62.829978942871094,63.56699752807617
2018-03-07,62.814186096191406,63.4911003112793
2018-03-08,62.88542556762695,63.73573684692383
2018-03-09,62.80624771118164,64.53720092773438
2018-03-12,62.86959457397461,64.60466003417969
2018-03-13,62.88542556762695,64.15755462646484
2018-03-14,63.020057678222656,64.09005737304688
2018-03-15,63.02796936035156,63.98884201049805
2018-03-16,62.97251892089844,63.997276306152344
2018-03-19,62.9250373840332,63.32235336303711
2018-03-20,62.845863342285156,63.47422790527344
2018-03-21,62.845863342285156,63.52482986450195
2018-03-22,62.94877243041992,62.0400505065918
2018-03-23,62.964569091796875,60.99397659301758
2018-03-26,62.9250373840332,62.43069839477539
2018-03-27,63.13882827758789,61.60099411010742
2018-03-28,63.13093185424805,61.575584411621094
2018-03-29,63.289268493652344,62.33757781982422
2018-04-02,63.281314849853516,61.101470947265625
2018-04-03,63.209896087646484,61.74491500854492
2018-04-04,63.209896087646484,62.235965728759766
2018-04-05,63.122528076171875,62.566158294677734
2018-04-06,63.281314849853516,61.55865478515625
2018-04-09,63.34482192993164,61.93120193481445
2018-04-10,63.23371124267578,62.84556579589844
2018-04-11,63.281314849853516,62.55768966674805
2018-04-12,63.16224670410156,62.93021774291992
2018-04-13,63.209896087646484,62.76088333129883
2018-04-16,63.217803955078125,63.08262252807617
2018-04-17,63.24164581298828,63.59058380126953
2018-04-18,63.0352668762207,63.83612060546875
2018-04-19,62.88441848754883,63.42128372192383
2018-04-20,62.72568130493164,63.006412506103516
2018-04-23,62.69392013549805,62.93021774291992
2018-04-24,62.58272933959961,62.41378402709961
2018-04-25,62.49551010131836,62.38837814331055
2018-04-26,62.62248611450195,62.91325759887695
2018-04-27,62.71773147583008,63.02334976196289
2018-04-30,62.74949264526367,62.60002517700195
2018-05-01,62.65242385864258,62.566158294677734
2018-05-02,62.660377502441406,62.3290901184082
2018-05-03,62.71605682373047,62.30369567871094
2018-05-04,62.75585174560547,62.83708572387695
2018-05-07,62.72398376464844,62.93021774291992
2018-05-08,62.676273345947266,62.93867874145508
2018-05-09,62.60462188720703,63.31965637207031
2018-05-10,62.73199462890625,63.903831481933594
2018-05-11,62.79560470581055,64.03932189941406
2018-05-14,62.71605682373047,64.1324234008789
2018-05-15,62.421695709228516,63.55670928955078
2018-05-16,62.373966217041016,63.878448486328125
2018-05-17,62.318294525146484,63.86152648925781
2018-05-18,62.48533248901367,63.64984893798828
2018-05-21,62.48533248901367,64.01390838623047
2018-05-22,62.501243591308594,63.95462417602539
2018-05-23,62.69222640991211,63.768375396728516
2018-05-24,62.819496154785156,63.658321380615234
2018-05-25,62.954750061035156,63.4466667175293
2018-05-29,63.39234161376953,62.464569091796875
2018-05-30,63.20140075683594,63.277320861816406
2018-05-31,63.17753219604492,62.95563507080078
2018-06-01,63.21669387817383,63.56517791748047
2018-06-04,63.080787658691406,63.886924743652344
2018-06-05,63.1367301940918,63.86997604370117
2018-06-06,62.960914611816406,64.4287338256836
2018-06-07,63.120758056640625,64.2086181640625
2018-06-08,63.040809631347656,64.35255432128906
2018-06-11,62.984859466552734,64.51341247558594
2018-06-12,62.97687911987305,64.44568634033203
2018-06-13,62.93690490722656,64.25096130371094
2018-06-14,63.07282638549805,64.31868743896484
2018-06-15,63.080787658691406,64.04776000976562
2018-06-18,63.080787658691406,63.742977142333984
2018-06-19,63.18471145629883,63.31119918823242
2018-06-20,63.040809631347656,63.53131103515625
2018-06-21,63.07282638549805,63.006412506103516
2018-06-22,63.112789154052734,63.382537841796875
2018-06-25,63.10479736328125,62.478424072265625
2018-06-26,63.20863723754883,62.54668426513672
2018-06-27,63.360572814941406,61.958133697509766
2018-06-28,63.31259536743164,62.273738861083984
2018-06-29,63.296607971191406,62.58079528808594
2018-07-02,63.257381439208984,62.35904312133789
2018-07-03,63.385520935058594,62.290794372558594
2018-07-05,63.47367858886719,62.78548049926758
2018-07-06,63.54579162597656,63.186370849609375
2018-07-09,63.48970031738281,63.81757354736328
2018-07-10,63.449615478515625,63.92843246459961
2018-07-11,63.481651306152344,63.22051239013672
2018-07-12,63.52973556518555,63.715206146240234
2018-07-13,63.5858268737793,63.791961669921875
2018-07-16,63.497684478759766,63.70668411254883
2018-07-17,63.47367858886719,63.95404052734375
2018-07-18,63.44157791137695,63.99666976928711
2018-07-19,63.56178665161133,63.75787353515625
2018-07-20,63.417564392089844,63.877254486083984
2018-07-23,63.21732711791992,63.877254486083984
2018-07-24,63.313446044921875,64.15875244140625
2018-07-25,63.313446044921875,64.82405853271484
2018-07-26,63.313446044921875,64.55110168457031
2018-07-27,63.29743576049805,64.35492706298828
2018-07-30,63.225318908691406,64.13316345214844
2018-07-31,63.27337646484375,64.38050842285156
2018-08-01,63.23884963989258,64.15019989013672
2018-08-02,63.27098846435547,64.15875244140625
2018-08-03,63.4074821472168,64.38050842285156
2018-08-06,63.463661193847656,64.38050842285156
2018-08-07,63.35126495361328,64.62787628173828
2018-08-08,63.33519744873047,64.58524322509766
2018-08-09,63.45566940307617,64.44021606445312
2018-08-10,63.584102630615234,63.715206146240234
2018-08-13,63.59219741821289,63.37403106689453
2018-08-14,63.552005767822266,63.672584533691406
2018-08-15,63.62431335449219,62.964599609375
2018-08-16,63.65644073486328,63.442283630371094
2018-08-17,63.72871780395508,63.72373962402344
2018-08-20,63.80901336669922,63.97110366821289
2018-08-21,63.77687454223633,64.22698211669922
2018-08-22,63.81704330444336,64.3975601196289
2018-08-23,63.81704330444336,64.09904479980469
2018-08-24,63.849151611328125,64.55963897705078
2018-08-27,63.76884841918945,65.24195861816406
2018-08-28,63.6724967956543,65.19081115722656
2018-08-29,63.63236999511719,65.49787902832031
2018-08-30,63.680519104003906,64.95195770263672
2018-08-31,63.696571350097656,64.93492889404297
2018-09-04,63.59836196899414,64.52550506591797
2018-09-05,63.61443328857422,64.09904479980469
2018-09-06,63.71107864379883,63.96255874633789
2018-09-07,63.50981521606445,63.672584533691406
2018-09-10,63.550052642822266,63.82611083984375
2018-09-11,63.413238525390625,63.95404052734375
2018-09-12,63.46149826049805,64.0734634399414
2018-09-13,63.50177001953125,64.47431945800781
2018-09-14,63.3971061706543,64.51697540283203
2018-09-17,63.38909149169922,64.28668212890625
2018-09-18,63.24415969848633,64.73873901367188
2018-09-19,63.147621154785156,64.90080261230469
2018-09-20,63.228118896484375,65.50639343261719
2018-09-21,63.26836395263672,65.48934936523438
2018-09-24,63.18784713745117,65.19933319091797
2018-09-25,63.13958740234375,65.28461456298828
2018-09-26,63.300540924072266,65.1749496459961
2018-09-27,63.34880065917969,65.22637176513672
2018-09-28,63.34880065917969,64.98641204833984
2018-10-01,63.2302131652832,65.19207763671875
2018-10-02,63.34318923950195,64.88356018066406
2018-10-03,63.02046203613281,64.88356018066406
2018-10-04,62.85908889770508,64.17223358154297
2018-10-05,62.74612808227539,63.78660202026367
2018-10-08,62.72196578979492,63.64948654174805
2018-10-09,62.84297561645508,63.49522018432617
2018-10-10,62.794586181640625,61.69550704956055
2018-10-11,62.97203063964844,60.615684509277344
2018-10-12,62.9559211730957,61.301300048828125
2018-10-15,62.939754486083984,61.04419708251953
2018-10-16,62.988197326660156,62.25255584716797
2018-10-17,62.87521743774414,62.0040283203125
2018-10-18,62.834903717041016,61.04419708251953
2018-10-19,62.8026008605957,61.104190826416016
2018-10-22,62.7784309387207,60.93278121948242
2018-10-23,62.86714553833008,60.51285171508789
2018-10-24,63.03662109375,58.66171646118164
2018-10-25,62.96400833129883,59.63870620727539
2018-10-26,63.07694625854492,58.9102668762207
2018-10-29,63.02046203613281,58.507469177246094
2018-10-30,62.931739807128906,59.36447525024414
2018-10-31,62.8026008605957,59.90437698364258
2018-11-01,62.919090270996094,60.847084045410156
2018-11-02,62.68453598022461,60.718528747558594
2018-11-05,62.73305892944336,60.88135528564453
2018-11-06,62.72495651245117,61.18989181518555
2018-11-07,62.781585693359375,62.244014739990234
2018-11-08,62.67645263671875,61.74692916870117
2018-11-09,62.830135345458984,61.258445739746094
2018-11-12,62.92716598510742,60.178627014160156
2018-11-13,62.894813537597656,60.272891998291016
2018-11-14,62.943363189697266,60.067203521728516
2018-11-15,62.95145797729492,60.59856414794922
2018-11-16,63.088951110839844,60.718528747558594
2018-11-19,63.088951110839844,59.887229919433594
2018-11-20,63.04854202270508,58.790283203125
2018-11-21,63.113224029541016,59.338748931884766
2018-11-23,63.105106353759766,58.96167755126953
2018-11-26,63.05660629272461,59.81868362426758
2018-11-27,63.097049713134766,59.8272590637207
2018-11-28,63.129371643066406,60.97563171386719
2018-11-29,63.17793655395508,60.821372985839844
2018-11-30,63.20216369628906,60.94135284423828
2018-12-03,63.30108642578125,61.77265167236328
2018-12-04,63.45516586303711,59.955806732177734
2018-12-06,63.56867218017578,59.64726638793945
2018-12-07,63.69839859008789,58.55031204223633
2018-12-10,63.76327133178711,58.42177200317383
2018-12-11,63.771400451660156,58.447486877441406
2018-12-12,63.706478118896484,59.08167266845703
2018-12-13,63.75514602661133,58.970252990722656
2018-12-14,63.811920166015625,58.044708251953125
2018-12-17,63.933563232421875,57.08484649658203
2018-12-18,64.03084564208984,57.16197967529297
2018-12-19,64.14437103271484,56.424949645996094
2018-12-20,64.05520629882812,55.82505798339844
2018-12-21,64.05520629882812,54.85664367675781
2018-12-24,64.06980895996094,53.82809829711914
2018-12-26,63.931640625,55.831642150878906
2018-12-27,64.06980895996094,56.14255142211914
2018-12-28,64.22422790527344,56.20299530029297
2018-12-31,64.38685607910156,56.531158447265625
2019-01-02,64.51691436767578,56.46207809448242
2019-01-03,64.76889038085938,55.58120346069336
2019-01-04,64.57378387451172,57.38613510131836
2019-01-07,64.47620391845703,57.740203857421875
2019-01-08,64.39496612548828,58.20655059814453
2019-01-09,64.48432922363281,58.75062561035156
2019-01-10,64.35428619384766,59.0183219909668
2019-01-11,64.48432922363281,58.79379653930664
2019-01-14,64.42745971679688,58.474246978759766
2019-01-15,64.43557739257812,59.00104904174805
2019-01-16,64.46001434326172,59.19969177246094
2019-01-17,64.38685607910156,59.5364990234375
2019-01-18,64.3380355834961,60.184181213378906
2019-01-22,64.45183563232422,59.329219818115234
2019-01-23,64.51691436767578,59.46739196777344
2019-01-24,64.65505981445312,59.64876174926758
2019-01-25,64.5819320678711,60.25326156616211
2019-01-28,64.60629272460938,59.864646911621094
2019-01-29,64.73634338378906,59.89919662475586
2019-01-30,64.80135345458984,60.74550247192383
2019-01-31,65.10211181640625,61.04777526855469
2019-02-01,64.9212417602539,61.05641174316406
2019-02-04,64.86418914794922,61.37593460083008
2019-02-05,65.0027084350586,61.79911422729492
2019-02-06,64.97828674316406,61.5400505065918
2019-02-07,65.02713775634766,60.944149017333984
2019-02-08,65.12493133544922,60.8318977355957
2019-02-11,65.10051727294922,60.8318977355957
2019-02-12,65.09236907958984,61.5745849609375
2019-02-13,64.99459075927734,61.60045623779297
2019-02-14,65.108642578125,61.591835021972656
2019-02-15,65.13310241699219,62.26545715332031
2019-02-19,65.19017791748047,62.420894622802734
2019-02-20,65.16570281982422,62.654083251953125
2019-02-21,65.0353012084961,62.420894622802734
2019-02-22,65.18196105957031,62.81816864013672
2019-02-25,65.15755462646484,62.982234954833984
2019-02-26,65.24718475341797,63.05134201049805
2019-02-27,65.11683654785156,62.973609924316406
2019-02-28,65.04344940185547,62.7663459777832
2019-03-01,64.8425521850586,63.08586883544922
2019-03-04,64.95692443847656,62.89590835571289
2019-03-05,65.00592803955078,62.982234954833984
2019-03-06,65.08758544921875,62.60224914550781
2019-03-07,65.27542877197266,61.93727493286133
2019-03-08,65.35708618164062,61.7732048034668
2019-03-11,65.32441711425781,62.60224914550781
2019-03-12,65.47962188720703,62.7576904296875
2019-03-13,65.4469223022461,63.12040328979492
2019-03-14,65.38976287841797,63.04269790649414
2019-03-15,65.51224517822266,63.53495788574219
2019-03-18,65.47148132324219,63.81993103027344
2019-03-19,65.4387435913086,63.82855987548828
2019-03-20,65.72463989257812,63.724937438964844
2019-03-21,65.74098205566406,64.10491180419922
2019-03-22,66.100341796875,62.80089569091797
2019-03-25,66.18199920654297,62.784400939941406
2019-03-26,66.19837188720703,63.1572151184082
2019-03-27,66.32086944580078,62.923118591308594
2019-03-28,66.35356140136719,63.09651184082031
2019-03-29,66.30453491210938,63.43463134765625
2019-04-01,66.04254150390625,64.24957275390625
2019-04-02,66.07526397705078,64.24089050292969
2019-04-03,65.98523712158203,64.5096435546875
2019-04-04,66.05069732666016,64.59634399414062
2019-04-05,66.09986877441406,64.8564224243164
2019-04-08,66.03433990478516,64.93446350097656
2019-04-09,66.13261413574219,64.5876693725586
2019-04-10,66.22264862060547,64.8564224243164
2019-04-11,66.10804748535156,64.74372100830078
2019-04-12,65.98523712158203,65.20319366455078
2019-04-15,66.00157928466797,65.09916687011719
2019-04-16,65.886962890625,65.24653625488281
2019-04-17,65.886962890625,65.16851043701172
2019-04-18,65.9770736694336,65.22053527832031
2019-04-22,65.91154479980469,65.15984344482422
2019-04-23,66.02615356445312,65.57599639892578
2019-04-24,66.1981201171875,65.22053527832031
2019-04-25,66.1817398071289,65.17720031738281
2019-04-26,66.32913208007812,65.48930358886719
2019-04-29,66.18991088867188,65.57599639892578
2019-04-30,66.28816986083984,65.63666534423828
2019-05-01,66.29226684570312,65.21187591552734
2019-05-02,66.14453887939453,65.11651611328125
2019-05-03,66.26765441894531,65.74071502685547
2019-05-06,66.34970092773438,65.2812271118164
2019-05-07,66.44822692871094,64.1975326538086
2019-05-08,66.3990249633789,64.18888092041016
2019-05-09,66.46464538574219,63.81609344482422
2019-05-10,66.45645141601562,64.1281967163086
2019-05-13,66.59598541259766,62.51565933227539
2019-05-14,66.63700103759766,63.165870666503906
2019-05-15,66.73548889160156,63.46064758300781
2019-05-16,66.63700103759766,63.92877960205078
2019-05-17,66.65342712402344,63.417293548583984
2019-05-20,66.57132720947266,63.061832427978516
2019-05-21,66.53849792480469,63.616676330566406
2019-05-22,66.66162109375,63.33058547973633
2019-05-23,66.89962768554688,62.61970520019531
2019-05-24,66.89962768554688,62.90580368041992
2019-05-28,67.03913879394531,62.41162872314453
2019-05-29,67.02274322509766,62.099525451660156
2019-05-30,67.20329284667969,62.31625747680664
2019-05-31,67.498779296875,61.71806716918945
2019-06-03,67.69047546386719,61.81343460083008
2019-06-04,67.57530975341797,62.87110900878906
2019-06-05,67.57530975341797,63.08784103393555
2019-06-06,67.55879974365234,63.38261795043945
2019-06-07,67.73983764648438,64.02413177490234
2019-06-10,67.59996795654297,64.29292297363281
2019-06-11,67.55062103271484,64.4749526977539
2019-06-12,67.66580963134766,64.16285705566406
2019-06-13,67.78096771240234,64.34491729736328
2019-06-14,67.78916931152344,64.04148864746094
2019-06-17,67.78916931152344,64.12971496582031
2019-06-18,67.94548797607422,64.91580963134766
2019-06-19,68.17584991455078,65.22152709960938
2019-06-20,68.28280639648438,65.85918426513672
2019-06-21,68.0936050415039,65.62332916259766
2019-06-24,68.21700286865234,65.59711456298828
2019-06-25,68.2416763305664,65.02935791015625
2019-06-26,68.08531951904297,65.06431579589844
2019-06-27,68.28280639648438,65.35254669189453
2019-06-28,68.34037017822266,65.64954376220703
2019-07-01,68.33543395996094,66.21728515625
2019-07-02,68.4673843383789,66.31336212158203
2019-07-03,68.5910873413086,66.74137115478516
2019-07-05,68.26948547363281,66.47932434082031
2019-07-08,68.26123809814453,66.16488647460938
2019-07-09,68.17047882080078,66.06005859375
2019-07-10,68.22824096679688,66.38325500488281
2019-07-11,68.0055923461914,66.4181900024414
2019-07-12,68.06330871582031,66.64529418945312
2019-07-15,68.1622543334961,66.66275024414062
2019-07-16,68.07154846191406,66.4356460571289
2019-07-17,68.27772521972656,66.1211929321289
2019-07-18,68.40142059326172,66.39199829101562
2019-07-19,68.32719421386719,66.12995147705078
2019-07-22,68.40142059326172,66.19981384277344
2019-07-23,68.34365844726562,66.62781524658203
2019-07-24,68.40966033935547,66.84618377685547
2019-07-25,68.33543395996094,66.36577606201172
2019-07-26,68.33543395996094,66.69769287109375
2019-07-29,68.37667846679688,66.63656616210938
2019-07-30,68.36018371582031,66.25223541259766
2019-07-31,68.44263458251953,65.64954376220703
2019-08-01,68.9327621459961,65.12543487548828
2019-08-02,68.99890899658203,64.52279663085938
2019-08-05,69.29642486572266,62.72341537475586
2019-08-06,69.47003173828125,63.42219924926758
2019-08-07,69.47003173828125,63.60561752319336
2019-08-08,69.52789306640625,64.5926284790039
2019-08-09,69.40391540527344,64.0947494506836
2019-08-12,69.709716796875,63.42219924926758
2019-08-13,69.60227966308594,64.22578430175781
2019-08-14,69.85022735595703,62.34785079956055
2019-08-15,70.18911743164062,62.574947357177734
2019-08-16,70.11470794677734,63.43967056274414
2019-08-19,69.89156341552734,63.98122024536133
2019-08-20,70.07339477539062,63.63186264038086
2019-08-21,70.04031372070312,64.1646499633789
2019-08-22,69.90808868408203,64.03362274169922
2019-08-23,70.164306640625,62.71470260620117
2019-08-26,70.12297821044922,63.32611083984375
2019-08-27,70.36270141601562,63.125213623046875
2019-08-28,70.38749694824219,63.448387145996094
2019-08-29,70.34614562988281,64.1559066772461
2019-08-30,70.33789825439453,64.26946258544922
2019-09-03,70.40251159667969,63.92881774902344
2019-09-04,70.5350570678711,64.71493530273438
2019-09-05,70.17051696777344,65.44863891601562
2019-09-06,70.25334930419922,65.56217193603516
2019-09-09,69.93032836914062,65.6146011352539
2019-09-10,69.5741195678711,65.64080810546875
2019-09-11,69.5327377319336,66.10374450683594
2019-09-12,69.40015411376953,66.4007339477539
2019-09-13,69.00253295898438,66.53174591064453
2019-09-16,69.18477630615234,66.28717803955078
2019-09-17,69.34222412109375,66.4181900024414
2019-09-18,69.39186096191406,66.36577606201172
2019-09-19,69.49126434326172,66.40943145751953
2019-09-20,69.73986053466797,66.19107055664062
2019-09-23,69.78950500488281,66.17362213134766
2019-09-24,70.02973175048828,65.73873901367188
2019-09-25,69.69837188720703,65.87930297851562
2019-09-26,69.8143539428711,65.90567016601562
2019-09-27,69.88892364501953,65.49276733398438
2019-09-30,69.93864440917969,65.72996520996094
2019-10-01,70.00670623779297,65.02715301513672
2019-10-02,70.16443634033203,63.95538330078125
2019-10-03,70.3968505859375,64.44735717773438
2019-10-04,70.51309204101562,65.13257598876953
2019-10-07,70.3304443359375,64.92172241210938
2019-10-08,70.36361694335938,64.06959533691406
2019-10-09,70.2806396484375,64.60549926757812
2019-10-10,70.06475830078125,65.05351257324219
2019-10-11,69.80744171142578,65.9232406616211
2019-10-14,69.92362976074219,65.75631713867188
2019-10-15,69.74101257324219,66.44155883789062
2019-10-16,69.81575012207031,66.40641021728516
2019-10-17,69.81575012207031,66.5909194946289
2019-10-18,69.84894561767578,66.38883972167969
2019-10-21,69.68294525146484,66.85444641113281
2019-10-22,69.80744171142578,66.66997528076172
2019-10-23,69.84062194824219,66.86324310302734
2019-10-24,69.84894561767578,67.0038070678711
2019-10-25,69.73273468017578,67.25855255126953
2019-10-28,69.5832748413086,67.6187515258789
2019-10-29,69.59991455078125,67.55724334716797
2019-10-30,69.82406616210938,67.76810455322266
2019-10-31,70.1561279296875,67.56605529785156
2019-11-01,70.0937271118164,68.23371124267578
2019-11-04,69.89402770996094,68.55876922607422
2019-11-05,69.65276336669922,68.56756591796875
2019-11-06,69.80250549316406,68.55876922607422
2019-11-07,69.44479370117188,68.77838897705078
2019-11-08,69.37820434570312,68.83110046386719
2019-11-11,69.4198226928711,68.65541076660156
2019-11-12,69.46139526367188,68.7081069946289
2019-11-13,69.5862045288086,68.58511352539062
2019-11-14,69.7858657836914,68.60267639160156
2019-11-15,69.76092529296875,69.08586883544922
2019-11-18,69.86076354980469,69.11222076416016
2019-11-19,69.9356460571289,69.12979125976562
2019-11-20,70.12701416015625,68.78718566894531
2019-11-21,70.01049041748047,68.7081069946289
2019-11-22,70.0521011352539,68.85745239257812
2019-11-25,70.11865234375,69.38456726074219
2019-11-26,70.23515319824219,69.44606018066406
2019-11-27,70.12701416015625,69.72718048095703
2019-11-29,70.12701416015625,69.29668426513672
2019-12-02,69.94352722167969,68.80474090576172
2019-12-03,70.31877136230469,68.44457244873047
2019-12-04,70.1770248413086,68.9628677368164
2019-12-05,70.10195922851562,69.02437591552734
2019-12-06,70.01026153564453,69.6393051147461
2019-12-09,70.02693176269531,69.40213775634766
2019-12-10,69.9769058227539,69.34064483642578
2019-12-11,70.21035766601562,69.6393051147461
2019-12-12,69.8768539428711,70.2806396484375
2019-12-13,70.1937026977539,70.40364837646484
2019-12-16,70.00193786621094,71.00102996826172
2019-12-17,70.01026153564453,70.97465515136719
2019-12-18,69.91854858398438,71.00102996826172
2019-12-19,69.96856689453125,71.18547821044922
2019-12-20,69.98524475097656,71.39635467529297
2019-12-23,69.94098663330078,71.49459075927734
2019-12-24,70.00780487060547,71.46803283691406
2019-12-26,70.07465362548828,71.79557037353516
2019-12-27,70.17496490478516,71.88407897949219
2019-12-30,70.1498794555664,71.45919036865234
2019-12-31,70.07465362548828,71.68933868408203
2020-01-02,70.16659545898438,72.41517639160156
2020-01-03,70.417236328125,71.76016998291016
2020-01-06,70.33367919921875,72.02569580078125
2020-01-07,70.2752456665039,71.80440521240234
2020-01-08,70.16659545898438,72.09650421142578
2020-01-09,70.25013732910156,72.4505844116211
2020-01-10,70.36710357666016,72.30011749267578
2020-01-13,70.32534790039062,72.81351470947266
2020-01-14,70.42559051513672,72.78693389892578
2020-01-15,70.53424835205078,72.79581451416016
2020-01-16,70.49246978759766,73.31804656982422
2020-01-17,70.4841079711914,73.5393295288086
2020-01-21,70.65959930419922,73.07019805908203
2020-01-22,70.71806335449219,73.16754150390625
2020-01-23,70.84344482421875,73.087890625
2020-01-24,70.95207214355469,72.51252746582031
2020-01-27,71.18602752685547,71.16710662841797
2020-01-28,71.06068420410156,71.86636352539062
2020-01-29,71.26124572753906,71.79557037353516
2020-01-30,71.27796936035156,71.79557037353516
2020-01-31,71.46176147460938,70.57403564453125
2020-02-03,71.3973159790039,70.96349334716797
2020-02-04,71.1795425415039,72.13191986083984
2020-02-05,71.06236267089844,72.78693389892578
2020-02-06,71.12934875488281,73.01707458496094
2020-02-07,71.3470458984375,72.42404174804688
2020-02-10,71.45594024658203,72.80464172363281
2020-02-11,71.33867645263672,73.16754150390625
2020-02-12,71.25495147705078,73.6189956665039
2020-02-13,71.32192993164062,73.35343170166016
2020-02-14,71.3973159790039,73.40655517578125
2020-02-18,71.50617218017578,73.087890625
2020-02-19,71.49779510498047,73.47736358642578
2020-02-20,71.67364501953125,73.07019805908203
2020-02-21,71.84950256347656,72.47713470458984
2020-02-24,72.0755844116211,69.98982238769531
2020-02-25,72.13421630859375,68.32572174072266
2020-02-26,72.09235382080078,68.21063232421875
2020-02-27,72.17609405517578,65.68794250488281
2020-02-28,72.65338134765625,65.47550201416016
2020-03-02,72.6055908203125,67.27236938476562
2020-03-03,73.04193878173828,65.97119140625
2020-03-04,73.02513885498047,68.17523193359375
2020-03-05,73.30204010009766,66.22785949707031
2020-03-06,73.8054428100586,65.05945587158203
2020-03-09,73.64606475830078,59.925514221191406
2020-03-10,72.65592956542969,62.642974853515625
2020-03-11,71.27986145019531,59.544898986816406
2020-03-12,67.40330505371094,53.45498275756836
2020-03-13,70.24776458740234,57.71261215209961
2020-03-16,70.98616790771484,50.99421691894531
2020-03-17,69.51778411865234,53.92411804199219
2020-03-18,67.83960723876953,50.48970031738281
2020-03-19,67.79766845703125,50.985382080078125
2020-03-20,68.94720458984375,49.595672607421875
2020-03-23,70.47431945800781,48.41462326049805
2020-03-24,70.54981994628906,52.8401985168457
2020-03-25,71.4980239868164,54.04879379272461
2020-03-26,71.82521057128906,56.785884857177734
2020-03-27,72.21124267578125,54.89302444458008
2020-03-30,72.28677368164062,56.35044479370117
2020-03-31,71.615478515625,55.808349609375
2020-04-01,71.9854507446289,53.346736907958984
2020-04-02,72.32189178466797,54.43980026245117
2020-04-03,72.28821563720703,53.48892593383789
2020-04-06,72.51528930664062,56.76811218261719
2020-04-07,72.5825424194336,56.981388092041016
2020-04-08,72.76756286621094,58.349945068359375
2020-04-09,73.56645965576172,59.43411636352539
2020-04-13,73.3310317993164,58.900917053222656
2020-04-14,73.3310317993164,60.31390380859375
2020-04-15,73.69265747070312,58.7409553527832
2020-04-16,73.73467254638672,58.972007751464844
2020-04-17,73.6337661743164,60.52717208862305
2020-04-20,73.51599884033203,59.62074661254883
2020-04-21,73.60855102539062,57.932273864746094
2020-04-22,73.54967498779297,59.203060150146484
2020-04-23,73.66738891601562,59.15863037109375
2020-04-24,73.64218139648438,59.807376861572266
2020-04-27,73.38147735595703,60.8204345703125
2020-04-28,73.60012817382812,60.8204345703125
2020-04-29,73.65055847167969,62.55332946777344
2020-04-30,73.59171295166016,61.59357833862305
2020-05-01,73.56139373779297,59.99397277832031
2020-05-04,73.63719940185547,60.17169952392578
2020-05-05,73.56979370117188,60.5982780456543
2020-05-06,73.24116516113281,60.24279022216797
2020-05-07,73.47710418701172,61.06037902832031
2020-05-08,73.26647186279297,62.13566207885742
2020-05-11,73.0389175415039,62.12678527832031
2020-05-12,73.27487182617188,61.06037902832031
2020-05-13,73.35914611816406,60.20724868774414
2020-05-14,73.56139373779297,60.48273468017578
2020-05-15,73.60353088378906,60.5982780456543
2020-05-18,73.46870422363281,62.73107147216797
2020-05-19,73.56139373779297,62.10009765625
2020-05-20,73.75517272949219,63.17543029785156
2020-05-21,73.83103942871094,62.63334274291992
2020-05-22,73.85627746582031,62.57108688354492
2020-05-26,73.81415557861328,63.76194381713867
2020-05-27,73.84788513183594,64.62393188476562
2020-05-28,73.87317657470703,64.65947723388672
2020-05-29,74.08381652832031,64.80167388916016
2020-06-01,74.02386474609375,65.63702392578125
2020-06-02,74.08296966552734,66.36572265625
2020-06-03,73.91410827636719,67.54766845703125
2020-06-04,73.7367935180664,67.21885681152344
2020-06-05,73.72840881347656,68.83622741699219
2020-06-08,73.8043441772461,69.69822692871094
2020-06-09,73.85504150390625,68.96952056884766
2020-06-10,74.16738891601562,68.76512908935547
2020-06-11,74.03227233886719,64.84609985351562
2020-06-12,74.1082763671875,65.82364654541016
2020-06-15,74.26025390625,66.22352600097656
2020-06-16,74.16738891601562,67.35213470458984
2020-06-17,74.18431854248047,67.25439453125
2020-06-18,74.26873016357422,67.19218444824219
2020-06-19,74.29397583007812,66.88115692138672
2020-06-22,74.26873016357422,67.4704818725586
2020-06-23,74.23493194580078,67.747314453125
2020-06-24,74.24335479736328,66.12216186523438
2020-06-25,74.3193359375,66.86328125
2020-06-26,74.45442199707031,65.57746124267578
2020-06-29,74.50507354736328,66.36323547363281
2020-06-30,74.58110046386719,66.7918701171875
2020-07-01,74.59965515136719,67.23833465576172
2020-07-02,74.71810913085938,67.84552764892578
2020-07-06,74.69268035888672,69.09564208984375
2020-07-07,74.81111907958984,68.28307342529297
2020-07-08,74.76883697509766,68.96170806884766
2020-07-09,74.97183227539062,68.524169921875
2020-07-10,74.88726043701172,69.07779693603516
2020-07-13,74.92107391357422,68.524169921875
2020-07-14,75.01409149169922,69.32779693603516
2020-07-15,75.0225601196289,70.06002044677734
2020-07-16,75.07333374023438,69.6671371459961
2020-07-17,75.14945983886719,69.91716003417969
2020-07-20,75.22555541992188,70.47970581054688
2020-07-21,75.26786804199219,70.74759674072266
2020-07-22,75.3693618774414,71.03333282470703
2020-07-23,75.43704986572266,70.28324127197266
2020-07-24,75.42011260986328,69.90821838378906
2020-07-27,75.3693618774414,70.65828704833984
2020-07-28,75.40316009521484,70.17610931396484
2020-07-29,75.5215835571289,71.06901550292969
2020-07-30,75.56385803222656,70.60470581054688
2020-07-31,75.66536712646484,70.3279037475586
2020-08-03,75.63910675048828,71.14938354492188
2020-08-04,75.80009460449219,71.50657653808594
2020-08-05,75.69839477539062,71.98875427246094
2020-08-06,75.81707000732422,72.30130004882812
2020-08-07,75.73228454589844,72.05125427246094
2020-08-10,75.6475830078125,72.24771118164062
2020-08-11,75.38493347167969,72.02449798583984
2020-08-12,75.1900405883789,73.1049575805664
2020-08-13,74.94430541992188,72.90850067138672
2020-08-14,74.85958862304688,72.77455139160156
2020-08-17,74.95278930664062,73.22100830078125
2020-08-18,75.05447387695312,73.28353881835938
2020-08-19,74.92736053466797,72.91743469238281
2020-08-20,75.05447387695312,72.93529510498047
2020-08-21,75.21544647216797,73.0067138671875
2020-08-24,75.13076782226562,73.76570892333984
2020-08-25,74.98666381835938,74.02466583251953
2020-08-26,74.94430541992188,74.6050796508789
2020-08-27,74.67314910888672,74.4354248046875
2020-08-28,74.73249816894531,74.9801025390625
2020-08-31,74.95278930664062,74.5514907836914
2020-09-01,75.15904998779297,75.11405944824219
2020-09-02,75.3203353881836,75.96233367919922
2020-09-03,75.32878875732422,73.68535614013672
2020-09-04,74.88743591308594,73.40855407714844
2020-09-08,74.99778747558594,71.71196746826172
2020-09-09,74.94689178466797,73.02457427978516
2020-09-10,74.96382904052734,71.99768829345703
2020-09-11,75.04024505615234,72.28343200683594
2020-09-14,75.04024505615234,73.19422912597656
2020-09-15,75.08263397216797,73.62284088134766
2020-09-16,75.06571197509766,73.49783325195312
2020-09-17,75.06571197509766,73.1049575805664
2020-09-18,74.9808349609375,72.46202850341797
2020-09-21,75.02323150634766,71.40579986572266
2020-09-22,75.04869842529297,71.73783111572266
2020-09-23,74.87893676757812,70.35584259033203
2020-09-24,74.88743591308594,70.39171600341797
2020-09-25,74.87893676757812,71.16351318359375
2020-09-28,74.94689178466797,72.28521728515625
2020-09-29,74.99778747558594,72.02498626708984
2020-09-30,74.87893676757812,72.36601257324219
2020-10-01,74.95547485351562,72.94931030273438
2020-10-02,74.90447235107422,72.482666015625
2020-10-05,74.62388610839844,73.67620086669922
2020-10-06,74.72592163085938,72.92239379882812
2020-10-07,74.62388610839844,73.95439910888672
2020-10-08,74.75146484375,74.56461334228516
2020-10-09,74.76840209960938,75.1299819946289
2020-10-12,74.87894439697266,75.95559692382812
2020-10-13,74.9384765625,75.46202087402344
2020-10-14,74.98100280761719,75.1299819946289
2020-10-15,74.9384765625,74.7710189819336
2020-10-16,74.87894439697266,74.80693817138672
2020-10-19,74.81092834472656,74.09796905517578
2020-10-20,74.68340301513672,74.44795989990234
2020-10-21,74.598388671875,74.25950622558594
2020-10-22,74.47084045410156,74.54666900634766
2020-10-23,74.56439971923828,74.88768005371094
2020-10-26,74.67491149902344,73.55953216552734
2020-10-27,74.85346984863281,73.24545288085938
2020-10-28,74.75146484375,70.97504425048828
2020-10-29,74.58989715576172,71.59424591064453
2020-10-30,74.46233367919922,70.88529205322266
2020-11-02,74.56537628173828,71.76473999023438
2020-11-03,74.54834747314453,73.11981964111328
2020-11-04,75.05937194824219,74.49283599853516
2020-11-05,75.13607025146484,76.07225799560547
2020-11-06,74.96569061279297,76.1619873046875
2020-11-09,74.61650848388672,77.38245391845703
2020-11-10,74.47171783447266,77.436279296875
2020-11-11,74.52281951904297,77.92984771728516
2020-11-12,74.76983642578125,77.1042709350586
2020-11-13,74.79534912109375,78.19010925292969
2020-11-16,74.83792877197266,79.18621063232422
2020-11-17,74.96569061279297,79.02468872070312
2020-11-18,75.05084228515625,78.34266662597656
2020-11-19,75.20417785644531,78.8272476196289
2020-11-20,75.27229309082031,78.70160675048828
2020-11-23,75.21268463134766,79.08749389648438
2020-11-24,75.13607025146484,80.29000854492188
2020-11-25,75.10198974609375,80.16439056396484
2020-11-27,75.26376342773438,80.5592269897461
2020-11-30,75.36595916748047,79.65286254882812
2020-12-01,75.13821411132812,80.83740997314453
2020-12-02,75.01026153564453,80.89126586914062
2020-12-03,75.1552734375,81.16047668457031
2020-12-04,74.9590835571289,81.94120025634766
2020-12-07,75.06147003173828,81.68098449707031
2020-12-08,75.08702850341797,81.94120025634766
2020-12-09,74.9590835571289,81.43867492675781
2020-12-10,75.11261749267578,81.6719970703125
2020-12-11,75.23204803466797,81.45663452148438
2020-12-14,75.20646667480469,81.27715301513672
2020-12-15,75.2406005859375,82.32711029052734
2020-12-16,75.16382598876953,82.5245361328125
2020-12-17,75.18085479736328,83.05400085449219
2020-12-18,75.1552734375,82.79374694824219
2020-12-21,75.16382598876953,82.19969940185547
2020-12-22,75.2832260131836,82.11845397949219
2020-12-23,75.198486328125,82.49761962890625
2020-12-24,75.32689666748047,82.68721008300781
2020-12-28,75.30123138427734,83.06639862060547
2020-12-29,75.32689666748047,83.22889709472656
2020-12-30,75.37824249267578,83.51780700683594
2020-12-31,75.48094940185547,83.58098602294922
2021-01-04,75.37824249267578,83.10250854492188
2021-01-05,75.2498550415039,84.01432037353516
2021-01-06,74.9160385131836,84.61017608642578
2021-01-07,74.76200866699219,85.46783447265625
2021-01-08,74.69354248046875,86.24423217773438
2021-01-11,74.61652374267578,85.46783447265625
2021-01-12,74.59938049316406,85.79283142089844
2021-01-13,74.79622650146484,85.86506652832031
2021-01-14,74.70207214355469,86.00950622558594
2021-01-15,74.76200866699219,85.11575317382812
2021-01-19,74.8647232055664,85.85604095458984
2021-01-20,74.85614013671875,86.89423370361328
2021-01-21,74.75345611572266,86.92134094238281
2021-01-22,74.78764343261719,86.51508331298828
2021-01-25,74.9588851928711,86.70467376708984
2021-01-26,74.95028686523438,86.45187377929688
2021-01-27,74.95028686523438,84.37543487548828
2021-01-28,74.890380859375,85.06156921386719
2021-01-29,74.83049774169922,83.39139556884766
2021-02-01,74.85533905029297,84.81781768798828
2021-02-02,74.76103973388672,85.991455078125
2021-02-03,74.63243865966797,86.12686920166016
2021-02-04,74.64961242675781,86.72270965576172
2021-02-05,74.54673767089844,87.25537872314453
2021-02-08,74.63243865966797,87.86023712158203
2021-02-09,74.59813690185547,88.13107299804688
2021-02-10,74.71817779541016,88.12205505371094
2021-02-11,74.64102172851562,88.57345581054688
2021-02-12,74.44384002685547,88.99777221679688
2021-02-16,74.0924072265625,89.11511993408203
2021-02-17,74.24669647216797,88.82624053955078
2021-02-18,74.20381164550781,88.34777069091797
2021-02-19,73.94664764404297,88.57345581054688
2021-02-22,73.74089050292969,87.62551879882812
2021-02-23,73.72376251220703,87.78802490234375
2021-02-24,73.68089294433594,88.34777069091797
2021-02-25,73.0379638671875,86.33451080322266
2021-02-26,73.67231750488281,85.62130737304688
2021-03-01,73.5770263671875,87.65259552001953
2021-03-02,73.56844329833984,87.0838394165039
2021-03-03,73.33662414550781,86.16297912597656
2021-03-04,73.10482025146484,84.90809631347656
2021-03-05,73.0619125366211,86.07270812988281
2021-03-08,72.7270736694336,85.45879364013672
2021-03-09,72.96746063232422,86.78590393066406
2021-03-10,73.10482025146484,87.19217681884766
2021-03-11,73.1134262084961,88.31163024902344
2021-03-12,72.67557525634766,88.32067108154297
2021-03-15,72.76139831542969,88.69081115722656
2021-03-16,72.75283813476562,88.61861419677734
2021-03-17,72.7270736694336,88.99777221679688
2021-03-18,72.42658996582031,87.69773864746094
2021-03-19,72.4866714477539,87.78802490234375
2021-03-22,72.69268798828125,88.1799545288086
2021-03-23,72.8558349609375,87.08470916748047
2021-03-24,72.96746063232422,86.38776397705078
2021-03-25,72.91595458984375,86.88557434082031
2021-03-26,72.78716278076172,88.2433090209961
2021-03-29,72.69268798828125,87.9084243774414
2021-03-30,72.77001190185547,87.89031219482422
2021-03-31,72.73564147949219,88.0622787475586
2021-04-01,72.96974182128906,89.22087860107422
2021-04-05,72.85784912109375,90.24368286132812
2021-04-06,73.1159896850586,90.0536117553711
2021-04-07,73.02992248535156,89.9178466796875
2021-04-08,73.19345092773438,90.48809051513672
2021-04-09,73.09878540039062,90.822998046875
2021-04-12,73.0815658569336,90.6329116821289
2021-04-13,73.27088928222656,90.97686767578125
2021-04-14,73.21925354003906,90.94066619873047
2021-04-15,73.52899169921875,91.81867980957031
2021-04-16,73.33114624023438,92.17167663574219
2021-04-19,73.28807830810547,91.75529479980469
2021-04-20,73.40852355957031,90.72343444824219
2021-04-21,73.48602294921875,91.64667510986328
2021-04-22,73.52045440673828,91.0673828125
2021-04-23,73.52899169921875,92.12641906738281
2021-04-26,73.47738647460938,92.3979721069336
2021-04-27,73.28807830810547,92.29840850830078
2021-04-28,73.32249450683594,92.4703598022461
2021-04-29,73.26229095458984,92.67855834960938
2021-04-30,73.36555480957031,91.70098114013672
2021-05-03,73.3836441040039,92.12641906738281
2021-05-04,73.47845458984375,91.23031616210938
2021-05-05,73.52149200439453,91.63763427734375
2021-05-06,73.55599975585938,92.24407958984375
2021-05-07,73.56462097167969,93.113037109375
2021-05-10,73.39225769042969,92.17167663574219
2021-05-11,73.24571990966797,91.36609649658203
2021-05-12,72.98719024658203,89.39286041259766
2021-05-13,73.13368225097656,90.2255859375
2021-05-14,73.30608367919922,91.6828842163086
2021-05-17,73.23710632324219,91.50184631347656
2021-05-18,73.15955352783203,91.33894348144531
2021-05-19,73.08203125,90.85920715332031
2021-05-20,73.32330322265625,91.90013122558594
2021-05-21,73.34056854248047,91.77340698242188
2021-05-24,73.4267349243164,92.5065689086914
2021-05-25,73.61630249023438,92.5246810913086
2021-05-26,73.59046173095703,92.75098419189453
2021-05-27,73.48702239990234,92.8867416381836
2021-05-28,73.47845458984375,93.14926147460938
2021-06-01,73.47325897216797,93.50225067138672
2021-06-02,73.55094146728516,93.63803100585938
2021-06-03,73.41284942626953,93.12208557128906
2021-06-04,73.706298828125,94.00914764404297
2021-06-07,73.65450286865234,94.0724868774414
2021-06-08,73.79263305664062,94.04534149169922
2021-06-09,73.93936157226562,93.80093383789062
2021-06-10,74.0947265625,94.2625732421875
2021-06-11,74.07747650146484,94.43456268310547
2021-06-14,73.88758850097656,94.59748077392578
2021-06-15,73.88758850097656,94.40741729736328
2021-06-16,73.680419921875,93.7918930053711
2021-06-17,73.93074798583984,93.5474853515625
2021-06-18,74.16378021240234,92.16261291503906
2021-06-21,73.90484619140625,93.43160247802734
2021-06-22,74.0083999633789,93.66812133789062
2021-06-23,73.95662689208984,93.53166198730469
2021-06-24,73.99114227294922,94.21392059326172
2021-06-25,73.85307312011719,94.5868911743164
2021-06-28,74.05158996582031,94.48682403564453
2021-06-29,74.08612823486328,94.5050277709961
2021-06-30,74.13790893554688,94.25031280517578
2021-07-01,74.13097381591797,94.59598541259766
2021-07-02,74.26063537597656,94.99624633789062
2021-07-06,74.52864074707031,94.51409912109375
2021-07-07,74.68426513671875,94.75064086914062
2021-07-08,74.75341796875,93.66812133789062
2021-07-09,74.52000427246094,95.05081939697266
2021-07-12,74.49407196044922,95.27822875976562
2021-07-13,74.26063537597656,94.83248138427734
2021-07-14,74.51136016845703,94.90526580810547
2021-07-15,74.69292449951172,94.49591064453125
2021-07-16,74.62373352050781,93.7681655883789
2021-07-19,75.04734802246094,92.34912109375
2021-07-20,74.96956634521484,93.45890045166016
2021-07-21,74.72748565673828,94.4140396118164
2021-07-22,74.89175415039062,94.51409912109375
2021-07-23,74.8052749633789,95.13268280029297
2021-07-26,74.76207733154297,95.02350616455078
2021-07-27,74.9522705078125,94.40494537353516
2021-07-28,75.02143859863281,94.90526580810547
2021-07-29,74.89175415039062,95.36920166015625
2021-07-30,75.0041275024414,94.83248138427734
2021-08-02,75.1824951171875,94.90526580810547
2021-08-03,75.19984436035156,95.60570526123047
2021-08-04,75.19984436035156,95.29642486572266
2021-08-05,75.0266342163086,95.7694320678711
2021-08-06,74.67163848876953,95.68756866455078
2021-08-09,74.5331039428711,95.64208221435547
2021-08-10,74.42052459716797,95.7148666381836
2021-08-11,74.47248077392578,96.09691619873047
2021-08-12,74.48114013671875,96.09691619873047
2021-08-13,74.77552795410156,96.31523895263672
2021-08-16,74.8448257446289,96.09691619873047
2021-08-17,74.76686096191406,95.19634246826172
2021-08-18,74.74957275390625,94.5595932006836
2021-08-19,74.91410064697266,94.0683822631836
2021-08-20,74.89674377441406,94.6414566040039
2021-08-23,74.91410064697266,95.63298797607422
2021-08-24,74.76686096191406,96.15149688720703
2021-08-25,74.6456527709961,96.3243408203125
2021-08-26,74.65430450439453,95.68756866455078
2021-08-27,74.87078857421875,96.7063980102539
2021-08-30,74.95740509033203,96.93380737304688
2021-08-31,74.86212158203125,96.97929382324219
2021-09-01,74.8751220703125,97.45230865478516
2021-09-02,74.97919464111328,97.75251007080078
2021-09-03,74.8231201171875,97.92534637451172
2021-09-07,74.60631561279297,97.66154479980469
2021-09-08,74.72769165039062,97.17032623291016
2021-09-09,74.99656677246094,96.91560363769531
2021-09-10,74.81441497802734,96.42440032958984
2021-09-13,74.92716979980469,96.77007293701172
2021-09-14,75.10926818847656,96.1969985961914
2021-09-15,75.03990936279297,96.77918243408203
2021-09-16,74.90118408203125,96.56084442138672
2021-09-17,74.80577087402344,95.60570526123047
2021-09-20,75.01387786865234,93.88150787353516
2021-09-21,74.99656677246094,94.17374420166016
2021-09-22,75.07461547851562,95.07785034179688
2021-09-23,74.6756591796875,96.14634704589844
2021-09-24,74.51960754394531,95.79930877685547
2021-09-27,74.43287658691406,95.73538208007812
2021-09-28,74.11199951171875,93.74451446533203
2021-09-29,74.12065887451172,93.63492584228516
2021-09-30,74.10330963134766,92.99565887451172
2021-10-01,74.35517120361328,93.74451446533203
2021-10-04,74.30309295654297,92.64861297607422
2021-10-05,74.12068939208984,93.37008666992188
2021-10-06,74.1554183959961,93.37008666992188
2021-10-07,73.94699096679688,94.29247283935547
2021-10-08,73.76457214355469,94.20113372802734
2021-10-11,73.65169525146484,93.7079849243164
2021-10-12,73.92092895507812,93.63492584228516
2021-10-13,74.12068939208984,94.30157470703125
2021-10-14,74.2509536743164,95.60753631591797
2021-10-15,74.06855773925781,96.2833480834961
2021-10-18,74.02513122558594,96.37464141845703
2021-10-19,73.81671142578125,97.0687255859375
2021-10-20,73.72985076904297,97.42488861083984
2021-10-21,73.6256103515625,97.37922668457031
2021-10-22,73.78194427490234,97.43400573730469
2021-10-25,73.81671142578125,97.7536392211914
2021-10-26,73.96434020996094,97.7079849243164
2021-10-27,74.23359680175781,97.13265228271484
2021-10-28,74.13806915283203,98.00936889648438
2021-10-29,74.1554183959961,97.78104400634766
2021-11-01,74.09801483154297,98.38379669189453
2021-11-02,74.2372055053711,98.40206146240234
2021-11-03,74.10671997070312,99.05960083007812
2021-11-04,74.44595336914062,99.2239761352539
2021-11-05,74.67215728759766,99.54360961914062
2021-11-08,74.50688171386719,99.753662109375
2021-11-09,74.71566009521484,99.47969055175781
2021-11-10,74.2110824584961,98.5207748413086
2021-11-11,74.08930969238281,98.83128356933594
2021-11-12,74.09801483154297,99.48882293701172
2021-11-15,73.79356384277344,99.43402862548828
2021-11-16,73.74134063720703,99.6075439453125
2021-11-17,73.89794158935547,99.24223327636719
2021-11-18,73.98491668701172,99.27876281738281
2021-11-19,74.14151000976562,98.83128356933594
2021-11-22,73.7761459350586,98.26506042480469
2021-11-23,73.48036193847656,98.24681854248047
2021-11-24,73.65435791015625,98.30159759521484
2021-11-26,74.17628479003906,95.82670593261719
2021-11-29,74.16761016845703,96.676025390625
2021-11-30,74.30680084228516,95.2239761352539
2021-12-01,74.35469055175781,94.21939086914062
2021-12-02,74.36341094970703,95.67145538330078
2021-12-03,74.65090942382812,94.78559112548828
2021-12-06,74.4505386352539,95.82670593261719
2021-12-07,74.28501892089844,97.8084487915039
2021-12-08,74.05847930908203,98.17376708984375
2021-12-09,74.09332275390625,97.29702758789062
2021-12-10,74.11945343017578,97.7901840209961
2021-12-13,74.37211608886719,96.80387115478516
2021-12-14,74.25016784667969,96.20114135742188
2021-12-15,74.15430450439453,97.4157485961914
2021-12-16,74.25016784667969,96.8677978515625
2021-12-17,74.38084411621094,95.98194885253906
2021-12-20,74.2589111328125,95.1032485961914
2021-12-21,74.18045806884766,96.71344757080078
2021-12-22,74.2589111328125,97.60595703125
2021-12-23,74.1461181640625,98.23165130615234
2021-12-27,74.18108367919922,99.27137756347656
2021-12-28,74.17232513427734,99.16097259521484
2021-12-29,73.9276123046875,99.19775390625
2021-12-30,74.09367370605469,99.11495971679688
2021-12-31,74.0761947631836,98.84811401367188
2022-01-03,73.57795715332031,99.4186019897461
2022-01-04,73.56924438476562,99.45539855957031
2022-01-05,73.31575012207031,97.76239013671875
2022-01-06,73.23712158203125,97.67037200927734
2022-01-07,73.03605651855469,97.53235626220703
2022-01-10,72.97488403320312,97.21031951904297
2022-01-11,73.12347412109375,98.33287048339844
2022-01-12,73.09723663330078,98.875732421875
2022-01-13,73.21961212158203,97.65196228027344
2022-01-14,72.81753540039062,97.64276885986328
2022-01-18,72.363037109375,95.9681625366211
2022-01-19,72.5378646850586,95.42528533935547
2022-01-20,72.61652374267578,94.64319610595703
2022-01-21,72.88746643066406,93.0329818725586
2022-01-24,72.77384948730469,92.91337585449219
2022-01-25,72.67768096923828,91.99324035644531
2022-01-26,72.27565002441406,91.5792007446289
2022-01-27,72.51163482666016,90.88912963867188
2022-01-28,72.59903717041016,92.38890838623047
2022-01-31,72.54661560058594,94.32115936279297
2022-02-01,72.51766204833984,95.06643676757812
2022-02-02,72.62277221679688,95.62771606445312
2022-02-03,72.31633758544922,93.77828216552734
2022-02-04,71.86982727050781,94.19232940673828
2022-02-07,71.9311294555664,94.08192443847656
2022-02-08,71.69473266601562,94.79959869384766
2022-02-09,71.74725341796875,96.34540557861328
2022-02-10,71.09064483642578,94.95601654052734
2022-02-11,71.5546646118164,93.30902862548828
2022-02-14,71.15189361572266,92.83976745605469
2022-02-15,71.00312805175781,94.46837615966797
2022-02-16,71.09937286376953,94.75360870361328
2022-02-17,71.25701141357422,92.92256927490234
2022-02-18,71.37955474853516,92.26929473876953
2022-02-22,71.3357925415039,91.17436218261719
2022-02-23,70.97682189941406,89.90458679199219
2022-02-24,71.1344223022461,90.28185272216797
2022-02-25,71.19568634033203,92.27849578857422
2022-02-28,71.72097778320312,91.70801544189453
2022-03-01,72.09720611572266,90.18063354492188
2022-03-02,71.21150970458984,91.52400207519531
2022-03-03,71.52722930908203,90.56708526611328
2022-03-04,71.78150939941406,89.24211120605469
2022-03-07,71.43077087402344,86.39895629882812
2022-03-08,71.09754180908203,86.30693054199219
2022-03-09,70.90462493896484,88.91085052490234
2022-03-10,70.52754974365234,88.22077941894531
2022-03-11,70.47496032714844,87.09823608398438
2022-03-14,69.82606506347656,86.55535888671875
2022-03-15,69.9400405883789,87.92633819580078
2022-03-16,70.04524993896484,90.71429443359375
2022-03-17,70.10664367675781,91.66200256347656
2022-03-18,70.308349609375,92.63734436035156
2022-03-21,69.58927917480469,92.40394592285156
2022-03-22,69.41393280029297,93.45556640625
2022-03-23,69.7295913696289,92.31169891357422
2022-03-24,69.64188385009766,93.35409545898438
2022-03-25,69.0280990600586,93.5662612915039
2022-03-28,69.22978973388672,93.87068176269531
2022-03-29,69.53669738769531,95.39276885986328
2022-03-30,69.69451141357422,94.86693572998047
2022-03-31,69.7471694946289,93.4371109008789
2022-04-01,69.59591674804688,94.0367202758789
2022-04-04,69.64867401123047,94.80237579345703
2022-04-05,68.94539642333984,93.4371109008789
2022-04-06,68.73445129394531,92.39472961425781
2022-04-07,68.59378814697266,92.60688781738281
2022-04-08,68.22459411621094,92.385498046875
2022-04-11,67.90813446044922,91.09404754638672
2022-04-12,68.12786865234375,90.71582794189453
2022-04-13,68.20700073242188,91.83202362060547
2022-04-14,67.74110412597656,90.95567321777344
2022-04-18,67.52131652832031,90.6973648071289
2022-04-19,67.099365234375,91.73055267333984
2022-04-20,67.52131652832031,91.8043441772461
2022-04-21,67.16091918945312,90.40219116210938
2022-04-22,67.07302856445312,88.35430145263672
2022-04-25,67.49494171142578,88.45577239990234
2022-04-26,67.67079162597656,86.03888702392578
2022-04-27,67.45979309082031,86.36174774169922
2022-04-28,67.43341827392578,88.15135955810547
2022-04-29,66.976318359375,85.87284088134766
2022-05-02,66.63372802734375,86.14958190917969
2022-05-03,66.79225158691406,86.61083221435547
2022-05-04,67.22380828857422,88.68638610839844
2022-05-05,66.55443572998047,85.66069030761719
2022-05-06,66.27263641357422,84.81201171875
2022-05-09,66.57205963134766,81.99848175048828
2022-05-10,66.76580047607422,82.28445434570312
2022-05-11,66.99478149414062,81.23281860351562
2022-05-12,67.12689971923828,81.11289978027344
2022-05-13,66.88031005859375,83.3545150756836
2022-05-16,66.98599243164062,83.08699798583984
2022-05-17,66.58968353271484,84.80279541015625
2022-05-18,66.87149810791016,81.98003387451172
2022-05-19,67.01240539550781,82.19218444824219
2022-05-20,67.21498107910156,82.42281341552734
2022-05-23,66.9771728515625,83.71428680419922
2022-05-24,67.5232162475586,83.00397491455078
2022-05-25,67.7962646484375,83.59436798095703
2022-05-26,67.72578430175781,85.00572204589844
2022-05-27,67.9195556640625,86.7215347290039
2022-05-31,67.53203582763672,86.29719543457031
2022-06-01,67.2302474975586,85.65145874023438
2022-06-02,67.29202270507812,87.38571166992188
2022-06-03,67.19495391845703,85.98355865478516
2022-06-06,66.79788208007812,86.31563568115234
2022-06-07,67.02730560302734,86.9521484375
2022-06-08,66.75375366210938,86.09424591064453
2022-06-09,66.66551208496094,84.14784240722656
2022-06-10,66.10075378417969,81.94312286376953
2022-06-13,65.03308868408203,78.88973236083984
2022-06-14,64.68009185791016,78.64067840576172
2022-06-15,65.42132568359375,79.8860092163086
2022-06-16,65.56251525878906,77.37689208984375
2022-06-17,65.5978012084961,77.45992279052734
2022-06-21,65.29782104492188,79.0839614868164
2022-06-22,65.83604431152344,78.63798522949219
2022-06-23,66.1537094116211,79.11185455322266
2022-06-24,66.03018188476562,81.49029541015625
2022-06-27,65.71251678466797,81.28589630126953
2022-06-28,65.74781036376953,80.13382720947266
2022-06-29,66.12724304199219,79.89225769042969
2022-06-30,66.40960693359375,79.2883529663086
2022-07-01,66.93921661376953,79.78077697753906
2022-07-05,67.05413818359375,79.3626937866211
2022-07-06,66.64745330810547,79.40912628173828
2022-07-07,66.46180725097656,80.67269134521484
2022-07-08,66.24073791503906,80.64482879638672
2022-07-11,66.48828887939453,79.44629669189453
2022-07-12,66.603271484375,78.99105072021484
2022-07-13,66.8154525756836,78.71232604980469
2022-07-14,66.603271484375,78.1084213256836
2022-07-15,66.84198760986328,79.41844177246094
2022-07-18,66.63861846923828,79.27906036376953
2022-07-19,66.58556365966797,81.3044662475586
2022-07-20,66.5236587524414,81.57389831542969
2022-07-21,67.07185363769531,82.43798065185547
2022-07-22,67.62002563476562,81.73184967041016
2022-07-25,67.37246704101562,82.03844451904297
2022-07-26,67.39014434814453,81.0443344116211
2022-07-27,67.57579040527344,83.00470733642578
2022-07-28,68.04443359375,83.81301879882812
2022-07-29,67.99138641357422,84.82573699951172
2022-08-01,68.2863998413086,84.62132263183594
2022-08-02,67.59536743164062,83.96168518066406
2022-08-03,67.93197631835938,84.95580291748047
2022-08-04,68.10034942626953,85.09515380859375
2022-08-05,67.32959747314453,84.90003967285156
2022-08-08,67.63078308105469,85.02084350585938
2022-08-09,67.48019409179688,84.56556701660156
2022-08-10,67.66624450683594,86.43303680419922
2022-08-11,67.2853012084961,86.48877716064453
2022-08-12,67.59536743164062,87.6594467163086
2022-08-15,67.66624450683594,87.67801666259766
2022-08-16,67.5776596069336,87.78021240234375
2022-08-17,67.17899322509766,87.0833969116211
2022-08-18,67.30301666259766,87.09268951416016
2022-08-19,66.87775421142578,85.8755874633789
2022-08-22,66.57657623291016,84.28684997558594
2022-08-23,66.54999542236328,84.24968719482422
2022-08-24,66.38165283203125,84.52841186523438
2022-08-25,66.74486541748047,85.75481414794922
2022-08-26,66.61203002929688,83.2091064453125
2022-08-29,66.31076049804688,82.75385284423828
2022-08-30,66.36394500732422,81.91766357421875
2022-08-31,66.08931732177734,81.38809967041016
2022-09-01,65.73064422607422,81.09078216552734
2022-09-02,65.89936828613281,80.40326690673828
2022-09-06,65.30449676513672,80.0130386352539
2022-09-07,65.7750015258789,81.17440795898438
2022-09-08,65.57085418701172,81.55534362792969
2022-09-09,65.5442123413086,83.10689544677734
2022-09-12,65.46431732177734,84.09172821044922
2022-09-13,65.13585662841797,80.7934799194336
2022-09-14,65.21575927734375,81.12793731689453
2022-09-15,65.02043151855469,80.30106353759766
2022-09-16,64.94940948486328,79.63211822509766
2022-09-19,64.90501403808594,80.12033081054688
2022-09-20,64.58543395996094,79.0748291015625
2022-09-21,64.76296997070312,77.82396697998047
2022-09-22,64.09713745117188,77.21720886230469
2022-09-23,63.919578552246094,75.45294952392578
2022-09-26,63.10282516479492,74.54747009277344
2022-09-27,62.82761764526367,74.29541015625
2022-09-28,63.804195404052734,75.84500122070312
2022-09-29,63.4757194519043,74.41679382324219
2022-09-30,63.32480239868164,73.63265228271484
2022-10-03,63.85504913330078,75.45294952392578
2022-10-04,64.01522064208984,78.01066589355469
2022-10-05,63.6771125793457,77.63726806640625
2022-10-06,63.4368896484375,76.7691421508789
2022-10-07,63.10769271850586,74.91152954101562
2022-10-10,62.82299041748047,74.27677917480469
2022-10-11,62.84077453613281,73.62332916259766
2022-10-12,62.911956787109375,73.43663024902344
2022-10-13,62.68952941894531,75.01420593261719
2022-10-14,62.38701629638672,73.44597625732422
2022-10-17,62.52046585083008,75.37826538085938
2022-10-18,62.66283416748047,76.10638427734375
2022-10-19,62.14680480957031,75.30358123779297
2022-10-20,61.72863006591797,74.94886779785156
2022-10-21,61.83539581298828,76.50776672363281
2022-10-24,61.74641799926758,76.65713500976562
2022-10-25,62.333621978759766,78.0666732788086
2022-10-26,62.5827522277832,78.08535766601562
2022-10-27,62.911956787109375,77.64662170410156
2022-10-28,62.78740310668945,78.88814544677734
2022-10-31,62.591651916503906,78.32805633544922
2022-11-01,62.65676498413086,78.48674774169922
2022-11-02,62.55866622924805,76.83448028564453
2022-11-03,62.31787109375,76.24639129638672
2022-11-04,62.33572006225586,78.02934265136719
2022-11-07,62.09494400024414,78.54273986816406
2022-11-08,62.37140655517578,79.10284423828125
2022-11-09,62.460575103759766,77.5812759399414
2022-11-10,63.75364685058594,81.78192138671875
2022-11-11,63.75364685058594,82.97676849365234
2022-11-14,63.54854965209961,82.17398834228516
2022-11-15,63.99442672729492,83.00477600097656
2022-11-16,64.36005401611328,82.30465698242188
2022-11-17,64.09253692626953,82.10863494873047
2022-11-18,63.98552322387695,82.30465698242188
2022-11-21,63.98552322387695,81.81925964355469
2022-11-22,64.31550598144531,82.87407684326172
2022-11-23,64.70787048339844,83.50884246826172
2022-11-25,64.70787048339844,83.6021957397461
2022-11-28,64.6275863647461,82.39799499511719
2022-11-29,64.3868179321289,82.5660400390625
2022-11-30,64.8862075805664,84.81571960449219
2022-12-01,65.42696380615234,85.01175689697266
2022-12-02,65.69511413574219,84.9650650024414
2022-12-05,65.17672729492188,83.49951934814453
2022-12-06,65.3912124633789,82.61270904541016
2022-12-07,65.9632797241211,82.47270202636719
2022-12-08,65.77558135986328,83.0981216430664
2022-12-09,65.3912124633789,82.6687240600586
2022-12-12,65.3912124633789,83.43416595458984
2022-12-13,65.83812713623047,84.20896911621094
2022-12-14,65.99900817871094,83.86357116699219
2022-12-15,66.03477478027344,81.79125213623047
2022-12-16,65.86494445800781,81.02579498291016
2022-12-19,65.47167205810547,80.53491973876953
2022-12-20,65.04261016845703,80.72298431396484
2022-12-21,65.19459533691406,81.7762222290039
2022-12-22,65.1856689453125,80.788818359375
2022-12-23,64.98135375976562,81.16499328613281
2022-12-27,64.47966003417969,81.15557098388672
2022-12-28,64.39007568359375,80.13996124267578
2022-12-29,64.63196563720703,81.52232360839844
2022-12-30,64.36318969726562,81.0521469116211
2023-01-03,64.70365142822266,81.0991439819336
2023-01-04,65.07098388671875,82.0959701538086
2023-01-05,64.9992904663086,81.2496109008789
2023-01-06,65.71603393554688,83.111572265625
2023-01-09,65.89521026611328,83.3090591430664
2023-01-10,65.63540649414062,83.76043701171875
2023-01-11,65.98481750488281,84.6068115234375
2023-01-12,66.49547576904297,85.20864868164062
2023-01-13,66.2715072631836,85.65062713623047
2023-01-17,66.1819076538086,85.63182830810547
2023-01-18,66.79115295410156,84.71025085449219
2023-01-19,66.65674591064453,84.33409881591797
2023-01-20,66.3611068725586,85.6412353515625
2023-01-23,66.19981384277344,86.44995880126953
2023-01-24,66.49547576904297,86.36532592773438
2023-01-25,66.57611846923828,86.52519989013672
2023-01-26,66.45069122314453,87.25870513916016
2023-01-27,66.37899780273438,87.31511688232422
2023-01-30,66.19087982177734,86.25248718261719
2023-01-31,66.49547576904297,87.2492904663086
2023-02-01,66.9229507446289,88.1990966796875
2023-02-02,66.96784973144531,88.91378784179688
2023-02-03,66.37516021728516,87.92637634277344
2023-02-06,65.96205139160156,87.13645935058594
2023-02-07,65.87223815917969,88.06742858886719
2023-02-08,65.98899841308594,87.34333038330078
2023-02-09,65.71959686279297,86.91075897216797
2023-02-10,65.44115447998047,86.75088500976562
2023-02-13,65.62078857421875,87.7100830078125
2023-02-14,65.39627075195312,87.76649475097656
2023-02-15,65.2525863647461,87.81352233886719
2023-02-16,65.00113677978516,86.9765853881836
2023-02-17,65.14482879638672,86.77909088134766
2023-02-21,64.57903289794922,85.31208801269531
2023-02-22,64.72274780273438,85.02997589111328
2023-02-23,64.95622253417969,85.48136138916016
2023-02-24,64.59700775146484,84.3717041015625
2023-02-27,64.70476531982422,84.84190368652344
2023-02-28,64.72274780273438,84.47514343261719
2023-03-01,64.33927154541016,84.6444320678711
2023-03-02,64.20426940917969,85.08639526367188
2023-03-03,64.69934844970703,86.30889892578125
2023-03-06,64.54631805419922,86.17724609375
2023-03-07,64.47428894042969,84.8607177734375
2023-03-08,64.4202880859375,85.08639526367188
2023-03-09,64.63630676269531,83.68522644042969
2023-03-10,65.41040802001953,82.528564453125
2023-03-13,65.9324722290039,82.2652359008789
2023-03-14,65.5184326171875,83.35609436035156
2023-03-15,66.19349670410156,82.07716369628906
2023-03-16,65.87847137451172,83.44071197509766
2023-03-17,66.35550689697266,82.45330810546875
2023-03-20,66.06747436523438,83.34487915039062
2023-03-21,65.88748168945312,84.43927764892578
2023-03-22,66.4725341796875,83.46753692626953
2023-03-23,66.62556457519531,83.66565704345703
2023-03-24,66.76055145263672,83.87321472167969
2023-03-27,66.06747436523438,84.19398498535156
2023-03-28,65.95045471191406,84.27889251708984
2023-03-29,66.0224609375,85.31669616699219
2023-03-30,66.11249542236328,85.97712707519531
2023-03-31,66.45452880859375,86.88282775878906
2023-04-03,66.7369613647461,87.28852081298828
2023-04-04,67.0076675415039,86.92057037353516
2023-04-05,67.18811798095703,86.49602508544922
2023-04-06,67.17008209228516,86.77904510498047
2023-04-10,66.71891784667969,86.88282775878906
2023-04-11,66.74598693847656,87.09039306640625
2023-04-12,66.81816864013672,86.9677505493164
2023-04-13,66.78207397460938,88.10932922363281
2023-04-14,66.48432159423828,87.83573150634766
2023-04-17,66.12337493896484,88.04328918457031
2023-04-18,66.22261810302734,88.19424438476562
2023-04-19,66.13239288330078,87.98667907714844
2023-04-20,66.42113494873047,87.66590118408203
2023-04-21,66.30384826660156,87.69419860839844
2023-04-24,66.56550598144531,87.78855895996094
2023-04-25,66.9986343383789,86.3545150756836
2023-04-26,66.76403045654297,86.16580963134766
2023-04-27,66.47528076171875,87.59986114501953
2023-04-28,66.84523010253906,88.1187744140625
2023-05-01,66.15782165527344,88.01498413085938
2023-05-02,66.80905151367188,87.02435302734375
2023-05-03,67.0894546508789,86.72245025634766
2023-05-04,66.99901580810547,86.4205322265625
2023-05-05,66.7547836303711,87.8923568725586
2023-05-08,66.4382095336914,87.93949127197266
2023-05-09,66.36582946777344,87.58099365234375
2023-05-10,66.77288818359375,87.76024627685547
2023-05-11,66.98995208740234,87.55268859863281
2023-05-12,66.63719940185547,87.3073959350586
2023-05-15,66.46533203125,87.90176391601562
2023-05-16,66.30252075195312,87.14701080322266
2023-05-17,66.18494415283203,87.96781921386719
2023-05-18,65.91358184814453,88.43954467773438
2023-05-19,65.73265075683594,88.44898223876953
2023-05-22,65.71456909179688,88.59048461914062
2023-05-23,65.7597885131836,87.47721099853516
2023-05-24,65.5788803100586,86.69413757324219
2023-05-25,65.33464813232422,86.95832061767578
2023-05-26,65.41607666015625,88.01498413085938
2023-05-30,65.85023498535156,87.70365142822266
2023-05-31,66.06733703613281,87.05265045166016
2023-06-01,66.24597930908203,88.13763427734375
2023-06-02,65.87419128417969,89.51507568359375
2023-06-05,65.88324737548828,89.21316528320312
2023-06-06,65.97392272949219,89.74150848388672
2023-06-07,65.60210418701172,89.35468292236328
2023-06-08,65.9285888671875,89.90189361572266
2023-06-09,65.79257202148438,90.00567626953125
2023-06-12,65.9285888671875,90.60948181152344
2023-06-13,65.63839721679688,91.31707763671875
2023-06-14,65.69277954101562,91.45860290527344
2023-06-15,66.10088348388672,92.51526641845703
2023-06-16,65.95579528808594,92.25110626220703
2023-06-20,66.04647064208984,91.3393325805664
2023-06-21,66.15531921386719,91.05439758300781
2023-06-22,65.8379135131836,91.01641082763672
2023-06-23,66.02835083007812,90.01914978027344
2023-06-26,66.10997009277344,89.96215057373047
2023-06-27,65.98299407958984,90.88343811035156
2023-06-28,66.19155883789062,90.93092346191406
2023-06-29,65.69277954101562,91.10187530517578
2023-06-30,65.9195327758789,92.10863494873047
2023-07-03,65.73223114013672,92.40306091308594
2023-07-05,65.45948791503906,91.88069152832031
2023-07-06,65.0412826538086,90.7504653930664
2023-07-07,65.00492095947266,90.98790740966797
2023-07-10,65.23217010498047,91.27284240722656
2023-07-11,65.36856079101562,92.06114959716797
2023-07-12,65.88679504394531,93.13438415527344
2023-07-13,66.2868423461914,94.2076187133789
2023-07-14,65.97771453857422,93.86571502685547
2023-07-17,66.05045318603516,94.13163757324219
2023-07-18,66.13226318359375,94.70150756835938
2023-07-19,66.2868423461914,94.7869873046875
2023-07-20,65.97771453857422,94.14114379882812
2023-07-21,66.0231704711914,94.17913055419922
2023-07-24,65.91407012939453,94.52104187011719
2023-07-25,65.84132385253906,94.80598449707031
2023-07-26,66.05953979492188,94.97693634033203
2023-07-27,65.49584197998047,94.35009002685547
2023-07-28,65.72312927246094,95.32836151123047
2023-07-31,65.84132385253906,95.53729248046875
2023-08-01,65.4338607788086,94.95794677734375
2023-08-02,65.22418975830078,93.37183380126953
2023-08-03,64.82307434082031,93.1723861694336
2023-08-04,65.36091613769531,93.00141906738281
2023-08-07,65.26065063476562,93.68525695800781
2023-08-08,65.49765014648438,93.10588836669922
2023-08-09,65.5158920288086,92.72599029541016
2023-08-10,65.15126037597656,92.86845397949219
2023-08-11,64.94159698486328,92.53601837158203
2023-08-14,64.85954284667969,92.61200714111328
2023-08-15,64.71370697021484,91.519775390625
2023-08-16,64.5313949584961,90.82645416259766
2023-08-17,64.46756744384766,90.22809600830078
2023-08-18,64.60430145263672,90.17111206054688
2023-08-21,64.29436492919922,90.61750030517578
2023-08-22,64.37641143798828,90.42753601074219
2023-08-23,64.95985412597656,91.46279907226562
2023-08-24,64.80484008789062,90.32305908203125
2023-08-25,64.80484008789062,90.8454360961914
2023-08-28,64.92333984375,91.59575653076172
2023-08-29,65.32445526123047,92.8304672241211
2023-08-30,65.297119140625,93.05841064453125
2023-08-31,65.40650939941406,92.82096099853516
2023-09-01,65.09204864501953,93.14387512207031
2023-09-05,64.73558044433594,92.5550308227539
2023-09-06,64.66242218017578,92.02315521240234
2023-09-07,64.8818359375,91.64324188232422
2023-09-08,64.90008544921875,91.68122863769531
2023-09-11,64.79955291748047,92.42205810546875
2023-09-12,64.84525299072266,92.03265380859375
2023-09-13,64.94580841064453,91.92817687988281
2023-09-14,64.83609771728516,92.85894775390625
2023-09-15,64.70814514160156,92.0896224975586
2023-09-18,64.7721176147461,91.98090362548828
2023-09-19,64.63499450683594,91.80923461914062
2023-09-20,64.552734375,91.17974090576172
2023-09-21,64.15054321289062,89.68233489990234
2023-09-22,64.41563415527344,89.66325378417969
2023-09-25,63.9403076171875,89.75863647460938
2023-09-26,63.876304626464844,88.49967193603516
2023-09-27,63.64778518676758,88.50920867919922
2023-09-28,63.812339782714844,89.11962890625
2023-09-29,63.784881591796875,88.87164306640625
2023-10-02,63.34679412841797,88.39476013183594
2023-10-03,62.8334846496582,87.19302368164062
2023-10-04,63.24596405029297,87.5554428100586
2023-10-05,63.29179763793945,87.76526641845703
2023-10-06,63.044281005859375,88.73811340332031
2023-10-09,63.6859130859375,89.00517272949219
2023-10-10,63.62174987792969,89.79679107666016
2023-10-11,63.915077209472656,90.20690155029297
2023-10-12,63.36510467529297,89.40575408935547
2023-10-13,63.65841293334961,88.81441497802734
2023-10-16,63.32843017578125,89.72048950195312
2023-10-17,62.915958404541016,89.72048950195312
2023-10-18,62.64098358154297,88.35661315917969
2023-10-19,62.365997314453125,87.59358215332031
2023-10-20,62.59516143798828,86.59214782714844
2023-10-23,62.8334846496582,86.43001556396484
2023-10-24,63.044281005859375,87.08810424804688
2023-10-25,62.56766128540039,85.95314025878906
2023-10-26,62.989295959472656,85.22826385498047
2023-10-27,62.989295959472656,84.8563003540039
2023-10-30,62.8334846496582,85.85774230957031
2023-10-31,62.815128326416016,86.27740478515625
2023-11-01,63.424652099609375,87.12625885009766
2023-11-02,63.79237747192383,88.9002456665039
2023-11-03,64.1693344116211,89.987548828125
2023-11-06,63.89353561401367,89.9780044555664
2023-11-07,64.21528625488281,89.9207763671875
2023-11-08,64.41751098632812,89.86356353759766
2023-11-09,63.93948745727539,89.29129028320312
2023-11-10,64.05901336669922,90.3404312133789
2023-11-13,64.04061889648438,90.33089447021484
2023-11-14,64.82205963134766,92.41963958740234
2023-11-15,64.4635009765625,92.6008529663086
2023-11-16,64.84962463378906,92.42919921875
2023-11-17,64.94155883789062,92.9442138671875
2023-11-20,65.03350067138672,93.55461120605469
2023-11-21,65.12539672851562,93.306640625
2023-11-22,65.18058776855469,93.53553771972656
2023-11-24,64.86801147460938,93.78352355957031
2023-11-27,65.2633285522461,93.60231018066406
2023-11-28,65.53913116455078,93.75491333007812
2023-11-29,65.87926483154297,93.77398681640625
2023-11-30,65.66783905029297,94.05057525634766
2023-12-01,66.2034683227539,94.86126708984375
2023-12-04,65.93609619140625,94.27947235107422
2023-12-05,66.36019134521484,94.06964874267578
2023-12-06,66.55379486083984,93.8979721069336
2023-12-07,66.53535461425781,94.52745056152344
2023-12-08,66.21270751953125,94.79450225830078
2023-12-11,66.22191619873047,95.14741516113281
2023-12-12,66.41551208496094,95.38584899902344
2023-12-13,67.2636947631836,96.79742431640625
2023-12-14,67.77074432373047,97.5508804321289
2023-12-15,67.66930389404297,97.10261535644531
2023-12-18,67.53105163574219,97.48812103271484
2023-12-19,67.66010284423828,98.21871948242188
2023-12-20,67.8813705444336,96.87285614013672
2023-12-21,67.87216186523438,98.1225814819336
2023-12-22,67.82684326171875,98.26677703857422
2023-12-26,67.8915786743164,98.75704956054688
2023-12-27,68.32611846923828,99.04544830322266
2023-12-28,68.15968322753906,99.11273956298828
2023-12-29,68.00252532958984,98.90125274658203
2024-01-02,67.71589660644531,98.06491088867188
2024-01-03,67.7713851928711,97.21894073486328
2024-01-04,67.46627044677734,97.10356903076172
2024-01-05,67.26286315917969,97.21894073486328
2024-01-08,67.55872344970703,98.3917465209961
2024-01-09,67.54947662353516,97.91108703613281
2024-01-10,67.42925262451172,98.3917465209961
2024-01-11,67.7806396484375,98.3532943725586
2024-01-12,67.9192886352539,98.50712585449219
2024-01-16,67.43852233886719,97.5553970336914
2024-01-17,67.28135681152344,96.78634643554688
2024-01-18,67.18887329101562,97.61307525634766
2024-01-19,67.18887329101562,98.49749755859375
2024-01-22,67.29985046386719,98.72822570800781
2024-01-23,67.14265441894531,98.88203430175781
2024-01-24,67.00395202636719,99.14159393310547
2024-01-25,67.31834411621094,99.57418823242188
2024-01-26,67.21663665771484,99.64148712158203
2024-01-29,67.4847412109375,100.35285949707031
2024-01-30,67.60496520996094,100.12214660644531
2024-01-31,67.8915786743164,98.90125274658203
2024-02-01,68.3014144897461,100.05484771728516
2024-02-02,67.6894302368164,100.42976379394531
2024-02-05,67.151611328125,99.94910430908203
2024-02-06,67.46690368652344,100.50668334960938
2024-02-07,67.33707427978516,101.01617431640625
2024-02-08,67.16089630126953,101.05462646484375
2024-02-09,67.1052474975586,101.61219024658203
2024-02-12,67.12380981445312,101.74678039550781
2024-02-13,66.53963470458984,100.141357421875
2024-02-14,66.79000091552734,101.25651550292969
2024-02-15,66.97543334960938,102.1217041015625
2024-02-16,66.76219940185547,101.88137817382812
2024-02-20,66.84561157226562,101.60260009765625
2024-02-21,66.6601791381836,101.63142395019531
2024-02-22,66.6880111694336,103.284912109375
2024-02-23,66.9290771484375,103.36180877685547
2024-02-26,66.80856323242188,103.09264373779297
2024-02-27,66.70655822753906,103.31375885009766
2024-02-28,66.8548812866211,102.91959381103516
2024-02-29,66.9661865234375,103.34257507324219
2024-03-01,67.24697875976562,104.26544952392578
2024-03-04,67.08892822265625,104.1020278930664
2024-03-05,67.4515609741211,103.30413818359375
2024-03-06,67.57244110107422,104.1308822631836
2024-03-07,67.68401336669922,105.19794464111328
2024-03-08,67.74909973144531,104.69807434082031
2024-03-11,67.7212142944336,104.4577407836914
2024-03-12,67.51663970947266,105.46711730957031
2024-03-13,67.40505981445312,105.29407501220703
2024-03-14,67.00524139404297,104.82303619384766
2024-03-15,66.96804809570312,104.36075592041016
2024-03-18,66.88435363769531,104.74679565429688
2024-03-19,67.06103515625,105.1135025024414
2024-03-20,67.18189239501953,106.15576171875
2024-03-21,67.23767852783203,106.47422790527344
2024-03-22,67.46086883544922,106.1461181640625
2024-03-25,67.33068084716797,105.93379974365234
2024-03-26,67.38646697998047,105.808349609375
2024-03-27,67.61893463134766,106.59968566894531
2024-03-28,67.53523254394531,106.63827514648438
2024-04-01,67.07454681396484,106.3584213256836
2024-04-02,66.99990844726562,105.74078369140625
2024-04-03,67.04653930664062,106.01100158691406
2024-04-04,67.18646240234375,104.92049407958984
2024-04-05,66.85071563720703,105.77938842773438
2024-04-08,66.79472351074219,106.01100158691406
2024-04-09,67.03722381591797,106.17506408691406
2024-04-10,66.25382232666016,104.9591064453125
2024-04-11,66.25382232666016,105.55743408203125
2024-04-12,66.40303802490234,103.84928894042969
2024-04-15,65.96470642089844,102.87458038330078
2024-04-16,65.79684448242188,102.2859115600586
2024-04-17,66.11392211914062,101.89987182617188
2024-04-18,65.93672943115234,101.7454833984375
2024-04-19,66.02066802978516,101.27259826660156
2024-04-22,66.04862976074219,102.21834564208984
2024-04-23,66.16986846923828,103.38606262207031
2024-04-24,66.00199890136719,103.35710906982422
2024-04-25,65.81547546386719,103.02898406982422
2024-04-26,65.96470642089844,103.95545196533203
2024-04-29,66.1605453491211,104.40902709960938
2024-04-30,65.90872955322266,102.81668090820312
2024-05-01,66.14634704589844,102.62367248535156
2024-05-02,66.40827941894531,103.87824249267578
2024-05-03,66.74504852294922,104.98804473876953
2024-05-06,66.81051635742188,105.92415618896484
2024-05-07,66.94148254394531,105.9531021118164
2024-05-08,66.7824478149414,105.88553619384766
2024-05-09,66.96018981933594,106.54178619384766
2024-05-10,66.7730941772461,106.71549224853516
2024-05-13,66.82923889160156,106.6961898803711
2024-05-14,67.02568817138672,107.35242462158203
2024-05-15,67.45599365234375,108.59733581542969
2024-05-16,67.34371948242188,108.24993133544922
2024-05-17,67.17534637451172,108.54910278320312
2024-05-20,67.10987091064453,108.61665344238281
2024-05-21,67.25019836425781,108.60699462890625
2024-05-22,67.16600036621094,108.0569076538086
2024-05-23,66.96955108642578,107.28486633300781
2024-05-24,67.04438781738281,108.07621002197266
2024-05-28,66.72633361816406,107.98936462402344
2024-05-29,66.48312377929688,106.81199645996094
2024-05-30,66.7730941772461,106.74443817138672
2024-05-31,67.0163345336914,107.54544067382812
2024-06-03,67.39073181152344,107.65160369873047
2024-06-04,67.6440658569336,107.43929290771484
2024-06-05,67.83171844482422,108.54910278320312
2024-06-06,67.84110260009766,108.62630462646484
2024-06-07,67.29689025878906,108.09552764892578
2024-06-10,67.19368743896484,108.346435546875
2024-06-11,67.46580505371094,108.1630630493164
2024-06-12,67.77543640136719,109.21498107910156
2024-06-13,68.0757064819336,108.82894897460938
2024-06-14,68.17890167236328,108.48153686523438
2024-06-17,67.9255599975586,109.18602752685547
2024-06-18,68.16014862060547,109.54309844970703
2024-06-20,68.0287857055664,109.3500747680664
2024-06-21,68.04753875732422,109.05713653564453
2024-06-24,68.0850830078125,109.17355346679688
2024-06-25,68.12261199951172,109.38693237304688
2024-06-26,67.80358123779297,109.22203826904297
2024-06-27,67.9255599975586,109.42574310302734
2024-06-28,67.60655212402344,109.25114440917969
2024-07-01,67.24982452392578,109.39665222167969
2024-07-02,67.44746398925781,109.91073608398438
2024-07-03,67.8333740234375,110.75464630126953
2024-07-05,68.14396667480469,111.26873779296875
2024-07-08,68.14396667480469,111.2396469116211
2024-07-09,68.1157455444336,111.22024536132812
2024-07-10,68.17220306396484,112.39395141601562
2024-07-11,68.51103973388672,112.17084503173828
2024-07-12,68.68989562988281,112.92744445800781
2024-07-15,68.473388671875,112.8983383178711
2024-07-16,68.73693084716797,113.7325439453125
2024-07-17,68.80280303955078,112.32604217529297
2024-07-18,68.6240005493164,111.37544250488281
2024-07-19,68.44514465332031,110.63824462890625
2024-07-22,68.41690826416016,111.74404907226562
2024-07-23,68.42631530761719,111.39483642578125
2024-07-24,68.22866821289062,109.25114440917969
2024-07-25,68.37928771972656,108.88253784179688
2024-07-26,68.65222930908203,110.13384246826172
2024-07-29,68.73693084716797,109.98834228515625
2024-07-30,68.82164001464844,109.70703887939453
2024-07-31,69.19812774658203,111.41425323486328
2024-08-01,69.45682525634766,109.39665222167969
2024-08-02,70.2498550415039,107.38874053955078
2024-08-05,70.18375396728516,104.48844909667969
2024-08-06,69.74947357177734,105.27413940429688
2024-08-07,69.57955932617188,105.0025405883789
2024-08-08,69.47569274902344,107.24324035644531
2024-08-09,69.72116088867188,107.6894302368164
2024-08-12,69.84388732910156,107.7088394165039
2024-08-13,70.10824584960938,109.38693237304688
2024-08-14,70.24040985107422,109.65853881835938
2024-08-15,69.9477310180664,111.2784423828125
2024-08-16,70.09880065917969,111.71493530273438
2024-08-19,70.18375396728516,112.85954284667969
2024-08-20,70.39146423339844,112.54914855957031
2024-08-21,70.54251861572266,113.19904327392578
2024-08-22,70.2593002319336,112.24845123291016
2024-08-23,70.57084655761719,113.87803649902344
2024-08-26,70.49529266357422,113.35424041748047
2024-08-27,70.49529266357422,113.68404388427734
2024-08-28,70.44810485839844,113.0244369506836
2024-08-29,70.3442611694336,113.18934631347656
2024-08-30,70.20265197753906,114.01384735107422
2024-09-03,70.50186157226562,111.77315521240234
2024-09-04,70.81439208984375,111.53065490722656
2024-09-05,70.98483276367188,111.33663177490234
2024-09-06,71.070068359375,109.44514465332031
2024-09-09,71.1647720336914,110.5703353881836
2024-09-10,71.40149688720703,110.68673706054688
2024-09-11,71.3636245727539,111.5888442993164
2024-09-12,71.2878646850586,112.54914855957031
2024-09-13,71.43938446044922,113.14085388183594
2024-09-16,71.62877655029297,113.57734680175781
2024-09-17,71.5340805053711,113.50944519042969
2024-09-18,71.3162841796875,113.18934631347656
2024-09-19,71.3162841796875,115.19725036621094
2024-09-20,71.30680847167969,114.76602935791016
2024-09-23,71.25946807861328,115.13593292236328
2024-09-24,71.34468078613281,115.9146499633789
2024-09-25,71.07953643798828,115.34033966064453
2024-09-26,71.07953643798828,116.7712631225586
2024-09-27,71.2878646850586,116.43057250976562
2024-09-30,71.12688446044922,116.51817321777344
2024-10-01,71.33677673339844,115.77838134765625
2024-10-02,71.20380401611328,115.95360565185547
2024-10-03,70.8904037475586,115.3111343383789
2024-10-04,70.42500305175781,116.33323669433594
2024-10-07,70.21605682373047,115.63236999511719
2024-10-08,70.32054901123047,115.8270492553711
2024-10-09,70.13057708740234,116.28455352783203
2024-10-10,70.10208892822266,116.09960174560547
2024-10-11,70.1115951538086,116.8978042602539
2024-10-14,70.06409454345703,117.48186492919922
2024-10-15,70.33953094482422,116.27481842041016
2024-10-16,70.43450164794922,116.8491439819336
2024-10-17,70.09259033203125,116.79073333740234
2024-10-18,70.13057708740234,117.36505126953125
2024-10-21,69.65570831298828,116.76153564453125
2024-10-22,69.68418884277344,116.479248046875
2024-10-23,69.51322174072266,115.46688842773438
2024-10-24,69.62720489501953,115.7686538696289
2024-10-25,69.48474884033203,115.57395935058594
2024-10-28,69.39926147460938,116.177490234375
2024-10-29,69.45624542236328,116.08013153076172
2024-10-30,69.38977813720703,115.65182495117188
2024-10-31,69.38026428222656,113.97755432128906
2024-11-01,69.1115951538086,114.43505859375
2024-11-04,69.38790130615234,114.37665557861328
2024-11-05,69.55937194824219,115.75890350341797
2024-11-06,68.98773956298828,117.2774429321289
2024-11-07,69.50221252441406,118.51368713378906
2024-11-08,69.6355972290039,118.18272399902344
2024-11-11,69.50221252441406,118.31900024414062
2024-11-12,69.0830078125,117.37479400634766
2024-11-13,69.054443359375,117.13143920898438
2024-11-14,69.03536987304688,116.52790832519531
2024-11-15,69.054443359375,115.36953735351562
2024-11-18,69.12112426757812,116.05094146728516
2024-11-19,69.2449722290039,116.3526840209961
2024-11-20,69.16877746582031,116.323486328125
2024-11-21,69.13063049316406,116.87834167480469
2024-11-22,69.15923309326172,117.38450622558594
2024-11-25,69.79757690429688,117.88095092773438
2024-11-26,69.6737060546875,117.9588394165039
2024-11-27,69.86424255371094,117.81282806396484
2024-11-29,70.12149810791016,118.69863891601562
2024-12-02,70.16259002685547,118.95172119140625
2024-12-03,70.00012969970703,119.14640808105469
2024-12-04,70.23904418945312,119.63311004638672
2024-12-05,70.24859619140625,119.652587890625
2024-12-06,70.43972778320312,119.79859924316406
2024-12-09,70.2294692993164,119.55524444580078
2024-12-10,70.15304565429688,118.79598236083984
2024-12-11,70.00012969970703,119.70124816894531
2024-12-12,69.7229995727539,118.89331817626953
2024-12-13,69.44586181640625,118.75703430175781
2024-12-16,69.5223159790039,118.91278076171875
2024-12-17,69.5318603515625,118.4163589477539
2024-12-18,68.98714447021484,114.92176818847656
2024-12-19,68.7960205078125,114.90230560302734
2024-12-20,69.00628662109375,115.83102416992188
2024-12-23,68.78648376464844,116.46849060058594
2024-12-24,68.88521575927734,117.39035034179688
2024-12-26,68.93317413330078,117.52764129638672
2024-12-27,68.78935241699219,116.60578918457031
2024-12-30,69.05779266357422,115.47797393798828
2024-12-31,68.94275665283203,115.21318817138672
2025-01-02,68.97150421142578,114.97781372070312
2025-01-03,68.88521575927734,116.16446685791016
2025-01-06,68.81810760498047,116.88037872314453
2025-01-07,68.57842254638672,115.73296356201172
2025-01-08,68.65513610839844,115.77218627929688
2025-01-10,68.30039978027344,113.91866302490234
2025-01-13,68.23328399658203,113.9578857421875
2025-01-14,68.28121185302734,114.35015869140625
2025-01-15,68.82770538330078,116.09580993652344
2025-01-16,68.9619140625,116.20368957519531
2025-01-17,68.9811019897461,117.17459869384766
2025-01-21,69.18244171142578,118.59661865234375
2025-01-22,69.03861236572266,118.900634765625
2025-01-23,68.93317413330078,119.53809356689453
2025-01-24,69.06739044189453,119.54789733886719
2025-01-27,69.43169403076172,118.18472290039062
2025-01-28,69.39334869384766,118.94966125488281
2025-01-29,69.35501861572266,118.58679962158203
2025-01-30,69.45088195800781,119.58712768554688
2025-01-31,69.35501861572266,118.73391723632812
2025-02-03,69.41752624511719,117.80224609375
2025-02-04,69.51370239257812,118.900634765625
2025-02-05,69.8696060180664,119.52828216552734
2025-02-06,69.79264831542969,119.92057037353516
2025-02-07,69.5810546875,118.94966125488281
2025-02-10,69.60028076171875,119.73422241210938
2025-02-11,69.48486328125,119.8028793334961
2025-02-12,69.12897491455078,119.68519592285156
2025-02-13,69.54257202148438,120.97972869873047
2025-02-14,69.76380920410156,121.10722351074219
2025-02-18,69.50409698486328,121.57795715332031
2025-02-19,69.60028076171875,121.43085479736328
2025-02-20,69.68685150146484,121.2641372680664
2025-02-21,69.99463653564453,119.5577163696289
2025-02-24,70.09083557128906,118.96928405761719
2025-02-25,70.53329467773438,118.83198547363281
2025-02-26,70.63909912109375,119.00851440429688
2025-02-27,70.55252075195312,117.21382141113281
2025-02-28,70.8507080078125,118.24356079101562
2025-03-03,71.01375579833984,116.98826599121094
2025-03-04,70.81114959716797,116.13504028320312
2025-03-05,70.56031799316406,118.0572280883789
2025-03-06,70.50244140625,116.30176544189453
2025-03-07,70.42524719238281,117.03729248046875
2025-03-10,70.75326538085938,114.05596160888672
2025-03-11,70.48313903808594,113.59502410888672
2025-03-12,70.33843231201172,114.2128677368164
2025-03-13,70.5506591796875,112.85950469970703
2025-03-14,70.37701416015625,115.20338439941406
2025-03-17,70.47350311279297,116.35079956054688
2025-03-18,70.5506591796875,115.51720428466797
2025-03-19,70.76290893554688,116.46849060058594
2025-03-20,70.7918472290039,115.96833038330078
2025-03-21,70.73396301269531,115.70758819580078
2025-03-24,70.42524719238281,117.17359924316406
2025-03-25,70.51207733154297,117.39990997314453
2025-03-26,70.35773468017578,116.12083435058594
2025-03-27,70.32877349853516,115.992919921875
2025-03-28,70.73396301269531,113.95622253417969
2025-03-31,70.859375,114.08413696289062
2025-04-01,71.08200073242188,114.4580307006836
2025-04-02,71.02391815185547,115.13691711425781
2025-04-03,71.39173126220703,110.59126281738281
2025-04-04,71.44979095458984,103.99907684326172
2025-04-07,70.58837890625,102.74951934814453
2025-04-08,70.18185424804688,101.49996185302734
2025-04-09,70.3464126586914,110.17801666259766
2025-04-10,69.78501892089844,107.10823059082031
2025-04-11,69.70759582519531,109.322021484375
2025-04-14,70.10443115234375,110.35513305664062
2025-04-15,70.27863311767578,110.46334838867188
2025-04-16,70.47222137451172,108.82022857666016
2025-04-17,70.31736755371094,109.39089965820312
2025-04-21,69.93020629882812,107.69857025146484
2025-04-22,70.05602264404297,110.05011749267578
2025-04-23,70.20121002197266,111.45710754394531
2025-04-24,70.59806060791016,113.39540100097656
2025-04-25,70.83036041259766,113.93655395507812
2025-04-28,71.00457000732422,114.26123809814453
2025-04-29,71.1884765625,114.78271484375
2025-04-30,71.14006805419922,114.72367095947266
2025-05-01,70.94198608398438,115.13691711425781
2025-05-02,70.59242248535156,117.14408874511719
2025-05-05,70.49531555175781,116.8882827758789
2025-05-06,70.65068054199219,116.22905731201172
2025-05-07,70.78662872314453,116.30777740478516
2025-05-08,70.40794372558594,116.71117401123047
2025-05-09,70.46619415283203,116.8784408569336
2025-05-12,70.22344207763672,119.77113342285156
2025-05-13,70.19430541992188,120.3614730834961
2025-05-14,69.9515609741211,120.3614730834961
2025-05-15,70.33025360107422,121.04035949707031
2025-05-16,70.37881469726562,121.6307144165039
2025-05-19,70.359375,121.96524047851562
2025-05-20,70.23316192626953,121.83733367919922
2025-05-21,69.79618835449219,120.31227111816406
2025-05-22,69.99040985107422,120.22372436523438
2025-05-23,70.09720611572266,119.94823455810547
2025-05-27,70.42736053466797,121.89636993408203
2025-05-28,70.27198791503906,121.06005096435547
2025-05-29,70.5244369506836,121.552001953125
2025-05-30,70.66038513183594,121.38473510742188
2025-06-02,70.50452423095703,122.19154357910156
2025-06-03,70.42658233642578,122.50640106201172
2025-06-04,70.86498260498047,122.7917251586914
2025-06-05,70.72858428955078,122.45719909667969
2025-06-06,70.34864807128906,123.41159057617188
2025-06-09,70.45580291748047,123.61820983886719
2025-06-10,70.59219360351562,124.20854949951172
2025-06-11,70.81627655029297,123.97241973876953
2025-06-12,71.07929992675781,124.50372314453125
2025-06-13,70.82601928710938,122.9393081665039
2025-06-16,70.68962860107422,124.01177215576172
2025-06-17,70.91368865966797,122.80155944824219
2025-06-18,70.9526596069336,122.87043762207031
2025-06-20,71.00137329101562,122.33163452148438
2025-06-23,71.17672729492188,123.49820709228516
2025-06-24,71.39105224609375,125.05033874511719
2025-06-25,71.41055297851562,124.83283996582031
2025-06-26,71.61514282226562,125.9994125366211
2025-06-27,71.44950866699219,126.54315185546875
2025-06-30,71.7320327758789,127.05724334716797
2025-07-01,71.67828369140625,127.0671157836914
2025-07-02,71.60010528564453,127.6405258178711
2025-07-03,71.42417907714844,128.31277465820312
2025-07-07,71.18960571289062,127.14620971679688
2025-07-08,71.1505355834961,127.41314697265625
2025-07-09,71.43394470214844,128.17437744140625
2025-07-10,71.4437255859375,128.41163635253906
2025-07-11,71.1505355834961,127.76904296875
2025-07-14,71.1407470703125,127.99642944335938
2025-07-15,70.92573547363281,127.34393310546875
2025-07-16,71.06255340576172,127.84813690185547
2025-07-17,71.08211517333984,128.5006103515625
2025-07-18,71.19938659667969,128.39186096191406
2025-07-21,71.40462493896484,128.70823669433594
2025-07-22,71.52190399169922,129.0641326904297
2025-07-23,71.37531280517578,130.54705810546875
2025-07-24,71.28736114501953,130.2010498046875
2025-07-25,71.46327209472656,130.47784423828125
2025-07-28,71.34600067138672,129.82537841796875
2025-07-29,71.71739196777344,129.58810424804688
2025-07-30,71.53168487548828,129.13333129882812
2025-07-31,71.54145812988281,128.451171875
2025-08-01,72.16118621826172,126.94849395751953
2025-08-04,72.21022033691406,128.72799682617188
2025-08-05,72.23963165283203,128.47096252441406
2025-08-06,72.1808090209961,129.311279296875
2025-08-07,72.15138244628906,129.54855346679688
2025-08-08,71.99449157714844,130.30979919433594
2025-08-11,72.04352569580078,129.96377563476562
2025-08-12,72.05333709716797,131.51589965820312
2025-08-13,72.3180923461914,132.17828369140625
2025-08-14,72.1121597290039,131.8619384765625
2025-08-15,72.01409912109375,131.8619384765625
2025-08-18,71.93565368652344,131.93112182617188
2025-08-19,72.07293701171875,131.32806396484375
2025-08-20,72.12196350097656,131.16000366210938
2025-08-21,71.94546508789062,130.6854705810547
2025-08-22,72.30827331542969,132.91973876953125
2025-08-25,72.21022033691406,132.0497589111328
2025-08-26,72.29847717285156,132.39578247070312
2025-08-27,72.36712646484375,132.455078125
2025-08-28,72.45536041259766,132.97906494140625
2025-08-29,72.36712646484375,132.2474822998047
2025-09-02,72.21265411376953,131.29840087890625
2025-09-03,72.44876861572266,131.7828369140625
2025-09-04,72.72425079345703,132.72201538085938
2025-09-05,73.06857299804688,132.8505401611328
2025-09-08,73.30470275878906,133.57223510742188
2025-09-09,73.16695404052734,133.7007598876953
2025-09-10,73.29485321044922,133.98745727539062
2025-09-11,73.45227813720703,135.31219482421875
2025-09-12,73.36373138427734,135.04527282714844
2025-09-15,73.50146484375,135.80650329589844
2025-09-16,73.51130676269531,135.75709533691406
2025-09-17,73.3833999633789,135.55934143066406
2025-09-18,73.19647979736328,136.1920623779297
2025-09-19,73.22598266601562,136.3785858154297
2025-09-22,73.08826446533203,136.9341278076172
2025-09-23,73.23583221435547,136.4182586669922
2025-09-24,73.08826446533203,135.8031768798828
2025-09-25,73.0095443725586,135.03929138183594
2025-09-26,73.0095443725586,135.77342224121094
2025-09-29,73.19647979736328,136.28929138183594
2025-09-30,73.16695404052734,136.70596313476562
2025-10-01,73.35151672363281,137.4103240966797
2025-10-02,73.43048858642578,137.60873413085938
2025-10-03,73.3416519165039,137.97579956054688
2025-10-06,73.17386627197266,138.47183227539062
2025-10-07,73.31204223632812,137.61865234375
2025-10-08,73.31204223632812,138.36270141601562
2025-10-09,73.2626953125,137.6385040283203
2025-10-10,73.54891967773438,134.08692932128906
2025-10-13,73.66735076904297,136.2297821044922
2025-10-14,73.77591705322266,136.1603240966797
2025-10-15,73.72657775878906,136.92420959472656
2025-10-16,74.0029296875,136.55714416503906
2025-10-17,73.90422821044922,136.98373413085938
2025-10-20,74.0029296875,138.3428497314453
2025-10-21,74.09174346923828,137.9857177734375
2025-10-22,74.09174346923828,137.39048767089844
2025-10-23,73.94369506835938,138.29324340820312
2025-10-24,74.04239654541016,139.16627502441406
2025-10-27,74.08187866210938,140.55514526367188
2025-10-28,74.1213607788086,140.65435791015625
2025-10-29,73.75619506835938,140.4658660888672
2025-10-30,73.62786865234375,139.2257843017578
2025-10-31,73.60813903808594,139.4738006591797
2025-11-03,73.52297973632812,139.6424560546875
2025-11-04,73.56259155273438,137.8865203857422
2025-11-05,73.35464477539062,138.64047241210938
2025-11-06,73.64179992675781,137.40040588378906
2025-11-07,73.6021957397461,137.727783203125
2025-11-10,73.58238220214844,139.6523895263672
2025-11-11,73.79033660888672,140.02935791015625
2025-11-12,73.76062774658203,140.36666870117188
2025-11-13,73.54277038574219,138.1841278076172
2025-11-14,73.4338607788086,138.13453674316406
2025-11-17,73.47346496582031,136.61668395996094
2025-11-18,73.53288269042969,135.5948486328125
2025-11-19,73.50318145751953,135.73374938964844
2025-11-20,73.61209106445312,133.6603240966797
2025-11-21,73.79033660888672,135.0690460205078
2025-11-24,73.91905975341797,136.70596313476562
2025-11-25,74.08739471435547,137.97579956054688
2025-11-26,74.16661834716797,139.10675048828125
2025-11-28,74.04779052734375,139.77142333984375
2025-12-01,73.75872039794922,139.10675048828125
2025-12-02,73.8282470703125,139.36468505859375
2025-12-03,73.9375228881836,139.94007873535156
2025-12-04,73.79844665527344,140.1583251953125
2025-12-05,73.70903778076172,140.4361114501953
2025-12-08,73.59976959228516,140.009521484375
2025-12-09,73.55010223388672,139.85079956054688
2025-12-10,73.76864624023438,141.041259765625
2025-12-11,73.76864624023438,141.42816162109375
2025-12-12,73.54016876220703,140.0988006591797
2025-12-15,73.62957763671875,140.0988006591797
2025-12-16,73.76864624023438,139.56307983398438
2025-12-17,73.748779296875,138.28334045410156
2025-12-18,73.90526580810547,139.3249969482422
2025-12-19,73.7956314086914,140.5
2025-12-22,73.77568817138672,141.33999633789062
2025-12-23,73.76573181152344,142.00999450683594
2025-12-24,73.94513702392578,142.36000061035156
2025-12-26,73.94513702392578,142.5
2025-12-29,74.05477142333984,142.00999450683594
2025-12-30,74.02486419677734,141.97999572753906
