Date,SPY,TLT
2013-01-02,116.60929107666016,83.536376953125
2013-01-03,116.34587860107422,82.40454864501953
2013-01-04,116.8567886352539,82.72594451904297
2013-01-07,116.5374526977539,82.76081085205078
2013-01-08,116.2021255493164,83.30584716796875
2013-01-09,116.49755096435547,83.22896575927734
2013-01-10,117.42362213134766,82.9983901977539
2013-01-11,117.4156494140625,83.73898315429688
2013-01-14,117.33583068847656,83.50845336914062
2013-01-15,117.4156494140625,83.8927230834961
2013-01-16,117.39968872070312,84.06742858886719
2013-01-17,118.15814971923828,83.22896575927734
2013-01-18,118.42163848876953,83.87179565429688
2013-01-22,119.06031036376953,84.03252410888672
2013-01-23,119.25189971923828,83.90670776367188
2013-01-24,119.28384399414062,83.61327362060547
2013-01-25,119.95445251464844,82.46731567382812
2013-01-28,119.81077575683594,82.16695404052734
2013-01-29,120.28175354003906,81.71277618408203
2013-01-30,119.81077575683594,81.57304382324219
2013-01-31,119.5154037475586,81.9713363647461
2013-02-01,120.74485778808594,80.90694427490234
2013-02-04,119.38764953613281,81.94329833984375
2013-02-05,120.59317779541016,81.21497344970703
2013-02-06,120.68094635009766,81.8802490234375
2013-02-07,120.52131652832031,81.69821166992188
2013-02-08,121.19190979003906,82.01333618164062
2013-02-11,121.16799926757812,81.95024871826172
2013-02-12,121.3675765991211,81.74722290039062
2013-02-13,121.47135162353516,81.08199310302734
2013-02-14,121.58314514160156,81.81727600097656
2013-02-15,121.43939208984375,81.5792236328125
2013-02-19,122.34959411621094,81.17304229736328
2013-02-20,120.82469940185547,81.41812133789062
2013-02-21,120.0901870727539,81.894287109375
2013-02-22,121.26375579833984,81.95024871826172
2013-02-25,118.95650482177734,83.56090545654297
2013-02-26,119.77085876464844,83.07771301269531
2013-02-27,121.27975463867188,82.83262634277344
2013-02-28,121.04021453857422,82.98664855957031
2013-03-01,121.43939208984375,83.43862915039062
2013-03-04,122.08612060546875,82.99644470214844
2013-03-05,123.17984771728516,82.75788116455078
2013-03-06,123.34751892089844,82.00700378417969
2013-03-07,123.57102966308594,81.3753890991211
2013-03-08,124.0980224609375,80.52627563476562
2013-03-11,124.56905364990234,80.60350036621094
2013-03-12,124.28958129882812,81.18594360351562
2013-03-13,124.46526336669922,81.10175323486328
2013-03-14,125.12789154052734,80.85615539550781
2013-03-15,124.96268463134766,81.235107421875
2013-03-18,124.2730484008789,81.85259246826172
2013-03-19,123.98432159423828,82.40702056884766
2013-03-20,124.8504409790039,81.48774719238281
2013-03-21,123.78382110595703,82.27372741699219
2013-03-22,124.77820587158203,82.33683013916016
2013-03-25,124.25700378417969,82.25962829589844
2013-03-26,125.25140380859375,82.3578872680664
2013-03-27,125.25140380859375,83.05966186523438
2013-03-28,125.6363296508789,82.63859558105469
2013-04-01,125.13906860351562,83.2609634399414
2013-04-02,125.75653076171875,82.92344665527344
2013-04-03,124.4814682006836,83.66890716552734
2013-04-04,124.9867935180664,84.66759490966797
2013-04-05,124.42539978027344,86.37657165527344
2013-04-08,125.26738739013672,85.71542358398438
2013-04-09,125.70045471191406,85.50446319580078
2013-04-10,127.24009704589844,84.32998657226562
2013-04-11,127.65709686279297,84.49175262451172
2013-04-12,127.34435272216797,85.75061798095703
2013-04-15,124.39336395263672,86.49609375
2013-04-16,126.22970581054688,85.78577423095703
2013-04-17,124.3852767944336,86.35542297363281
2013-04-18,123.6074447631836,86.56636047363281
2013-04-19,124.68199920654297,86.3835678100586
2013-04-22,125.23527526855469,86.44685363769531
2013-04-23,126.52638244628906,86.14445495605469
2013-04-24,126.60657501220703,86.36244201660156
2013-04-25,127.11986541748047,85.98970031738281
2013-04-26,126.89524841308594,86.77740478515625
2013-04-29,127.74528503417969,86.4609375
2013-04-30,128.05006408691406,86.5101547241211
2013-05-01,126.92737579345703,87.39891052246094
2013-05-02,128.10618591308594,87.28609466552734
2013-05-03,129.40528869628906,85.22814178466797
2013-05-06,129.73410034179688,85.0167007446289
2013-05-07,130.39169311523438,84.68549346923828
2013-05-08,130.9850311279297,84.81941223144531
2013-05-09,130.61619567871094,84.6009292602539
2013-05-10,131.04119873046875,83.6917724609375
2013-05-13,131.1454620361328,83.05043029785156
2013-05-14,132.50074768066406,82.14830780029297
2013-05-15,133.21441650390625,82.69805145263672
2013-05-16,132.58885192871094,83.55785369873047
2013-05-17,133.8720245361328,82.50067138671875
2013-05-20,133.86390686035156,82.40200805664062
2013-05-21,134.05636596679688,83.05043029785156
2013-05-22,133.06204223632812,81.81707763671875
2013-05-23,132.67710876464844,82.20464324951172
2013-05-24,132.56488037109375,82.31743621826172
2013-05-28,133.3587646484375,80.23131561279297
2013-05-29,132.4926300048828,81.13341522216797
2013-05-30,132.98190307617188,80.93608856201172
2013-05-31,131.07327270507812,80.66120147705078
2013-06-03,131.7950439453125,81.0886459350586
2013-06-04,131.16152954101562,80.33978271484375
2013-06-05,129.32510375976562,81.44895935058594
2013-06-06,130.49588012695312,81.3995132446289
2013-06-07,132.15585327148438,79.94422149658203
2013-06-10,132.15585327148438,79.56265258789062
2013-06-11,130.79257202148438,80.50935363769531
2013-06-12,129.7100830078125,79.35780334472656
2013-06-13,131.68276977539062,80.60121154785156
2013-06-14,130.85671997070312,80.41045379638672
2013-06-17,131.86720275878906,79.98656463623047
2013-06-18,132.90969848632812,80.0289306640625
2013-06-19,131.07327270507812,79.20240783691406
2013-06-20,127.8255386352539,77.90247344970703
2013-06-21,128.23583984375,76.58139038085938
2013-06-24,126.6154556274414,76.89927673339844
2013-06-25,127.83277893066406,76.21403503417969
2013-06-26,129.09840393066406,76.70850372314453
2013-06-27,129.8562469482422,77.49268341064453
2013-06-28,129.32418823242188,78.02262878417969
2013-07-01,130.0819091796875,78.17975616455078
2013-07-02,129.96102905273438,78.13021087646484
2013-07-03,130.01744079589844,77.89653015136719
2013-07-05,131.42019653320312,75.24118041992188
2013-07-08,132.16989135742188,75.97052764892578
2013-07-09,133.12123107910156,76.04840850830078
2013-07-10,133.16954040527344,75.45364379882812
2013-07-11,134.9833984375,76.3387222290039
2013-07-12,135.0398406982422,76.27500915527344
2013-07-15,135.55580139160156,76.67859649658203
2013-07-16,135.0479278564453,76.9405746459961
2013-07-17,135.3945770263672,77.08221435546875
2013-07-18,136.13623046875,76.11923217773438
2013-07-19,136.3780517578125,77.32295227050781
2013-07-22,136.64410400390625,77.43629455566406
2013-07-23,136.3538818359375,77.1105728149414
2013-07-24,135.8540496826172,76.13338470458984
2013-07-25,136.18458557128906,76.10506439208984
2013-07-26,136.32969665527344,76.5724105834961
2013-07-29,135.9104766845703,76.01300811767578
2013-07-30,135.9104766845703,75.98468780517578
2013-07-31,136.00718688964844,76.2608642578125
2013-08-01,137.57923889160156,74.79145050048828
2013-08-02,137.81301879882812,75.61483764648438
2013-08-05,137.61143493652344,75.03279876708984
2013-08-06,136.8295440673828,75.25286865234375
2013-08-07,136.38616943359375,75.81366729736328
2013-08-08,136.88597106933594,76.01949310302734
2013-08-09,136.4909210205078,76.14015197753906
2013-08-12,136.32969665527344,75.62195587158203
2013-08-13,136.73275756835938,74.52882385253906
2013-08-14,136.0314178466797,74.64237213134766
2013-08-15,134.12889099121094,73.63428497314453
2013-08-16,133.68553161621094,73.37882232666016
2013-08-19,132.8309783935547,72.73993682861328
2013-08-20,133.4840087890625,73.30072784423828
2013-08-21,132.66163635253906,72.4985580444336
2013-08-22,133.87091064453125,73.2367935180664
2013-08-23,134.3223876953125,74.0318603515625
2013-08-26,133.82260131835938,74.40098571777344
2013-08-27,131.67015075683594,75.33800506591797
2013-08-28,132.13766479492188,74.72749328613281
2013-08-29,132.34730529785156,75.32379913330078
2013-08-30,131.92807006835938,75.2386474609375
2013-09-03,132.52462768554688,74.17742919921875
2013-09-04,133.62098693847656,74.01371002197266
2013-09-05,133.790283203125,72.98172760009766
2013-09-06,133.8547821044922,73.3447036743164
2013-09-09,135.13656616210938,73.38031768798828
2013-09-10,136.13623046875,72.86788940429688
2013-09-11,136.56350708007812,73.51554870605469
2013-09-12,136.20069885253906,73.41590881347656
2013-09-13,136.507080078125,73.70055389404297
2013-09-16,137.29710388183594,73.20950317382812
2013-09-17,137.9097900390625,73.81444549560547
2013-09-18,139.50599670410156,74.72552490234375
2013-09-19,139.27218627929688,74.2842025756836
2013-09-20,138.2984619140625,74.6756591796875
2013-09-23,137.65846252441406,75.2236557006836
2013-09-24,137.33448791503906,76.03511810302734
2013-09-25,136.93748474121094,76.19170379638672
2013-09-26,137.4640655517578,75.6578598022461
2013-09-27,136.83216857910156,75.84288787841797
2013-09-30,136.1030731201172,75.72904968261719
2013-10-01,137.18057250976562,75.49925231933594
2013-10-02,137.0509490966797,75.61341857910156
2013-10-03,135.78713989257812,75.49212646484375
2013-10-04,136.81600952148438,75.4350357055664
2013-10-07,135.6332550048828,75.74186706542969
2013-10-08,134.0535888671875,75.76329803466797
2013-10-09,134.1507568359375,75.15672302246094
2013-10-10,137.04283142089844,75.2780532836914
2013-10-11,137.92581176757812,75.25660705566406
2013-10-14,138.47666931152344,74.65008544921875
2013-10-15,137.47213745117188,74.60012817382812
2013-10-16,139.39215087890625,75.53494262695312
2013-10-17,140.32369995117188,76.21998596191406
2013-10-18,141.27151489257812,76.38414001464844
2013-10-21,141.27963256835938,76.14151000976562
2013-10-22,142.0977325439453,76.99070739746094
2013-10-23,141.41732788085938,77.29041290283203
2013-10-24,141.88710021972656,76.99070739746094
2013-10-25,142.53521728515625,77.2761001586914
2013-10-28,142.76202392578125,77.01210021972656
2013-10-29,143.52352905273438,77.1120376586914
2013-10-30,142.81063842773438,76.64815521240234
2013-10-31,142.40560913085938,76.81230163574219
2013-11-01,142.74583435058594,75.98085021972656
2013-11-04,143.2480926513672,76.05235290527344
2013-11-05,142.79444885253906,75.14374542236328
2013-11-06,143.52352905273438,75.1794662475586
2013-11-07,141.70892333984375,75.81624603271484
2013-11-08,143.62075805664062,73.9916763305664
2013-11-11,143.64505004882812,73.71269226074219
2013-11-12,143.35340881347656,74.05606842041016
2013-11-13,144.50375366210938,74.32801055908203
2013-11-14,145.2247772216797,74.78596496582031
2013-11-15,145.85662841796875,74.93623352050781
2013-11-18,145.34625244140625,75.386962890625
2013-11-19,145.03028869628906,74.8145751953125
2013-11-20,144.57664489746094,73.54094696044922
2013-11-21,145.74314880371094,73.66254425048828
2013-11-22,146.47227478027344,74.34947204589844
2013-11-25,146.32643127441406,74.56417846679688
2013-11-26,146.36700439453125,74.84320068359375
2013-11-27,146.72340393066406,74.7143783569336
2013-11-29,146.62620544433594,74.73585510253906
2013-12-02,146.24546813964844,74.15459442138672
2013-12-03,145.61355590820312,74.42724609375
2013-12-04,145.59735107421875,73.71678924560547
2013-12-05,144.95742797851562,73.50869750976562
2013-12-06,146.57757568359375,73.8603515625
2013-12-09,146.95018005371094,74.03257751464844
2013-12-10,146.4236297607422,74.56363677978516
2013-12-11,144.7791290283203,73.989501953125
2013-12-12,144.30125427246094,73.70965576171875
2013-12-13,144.2849884033203,74.06846618652344
2013-12-16,145.18423461914062,73.7957763671875
2013-12-17,144.72242736816406,74.1258544921875
2013-12-18,147.19325256347656,73.75265502929688
2013-12-19,147.0231170654297,73.68096160888672
2013-12-20,147.8783721923828,74.81484985351562
2013-12-23,148.66842651367188,74.39136505126953
2013-12-24,148.99417114257812,73.7957763671875
2013-12-26,149.75164794921875,73.51129913330078
2013-12-27,149.74349975585938,73.30250549316406
2013-12-30,149.7190399169922,73.80654907226562
2013-12-31,150.42762756347656,73.33855438232422
2014-01-02,148.98605346679688,73.5617446899414
2014-01-03,148.9615936279297,73.5617446899414
2014-01-06,148.5299072265625,73.87136840820312
2014-01-07,149.44210815429688,74.05853271484375
2014-01-08,149.47476196289062,73.85692596435547
2014-01-09,149.57249450683594,74.28894805908203
2014-01-10,149.9796905517578,75.17457580566406
2014-01-13,147.98423767089844,75.54891204833984
2014-01-14,149.59689331054688,75.20330810546875
2014-01-15,150.4032745361328,75.12411499023438
2014-01-16,150.20779418945312,75.62811279296875
2014-01-17,149.57249450683594,75.94493103027344
2014-01-21,150.01229858398438,76.00257110595703
2014-01-22,150.11000061035156,75.8153305053711
2014-01-23,148.88015747070312,76.88815307617188
2014-01-24,145.70370483398438,77.38491821289062
2014-01-27,144.98687744140625,76.84492492675781
2014-01-28,145.8502655029297,77.0321273803711
2014-01-29,144.44937133789062,77.66569519042969
2014-01-30,145.98057556152344,77.44248962402344
2014-01-31,145.12542724609375,77.96089172363281
2014-02-03,141.8592987060547,78.91082763671875
2014-02-04,142.85293579101562,78.0735092163086
2014-02-05,142.67373657226562,77.35167694091797
2014-02-06,144.5552215576172,77.01963806152344
2014-02-07,146.34706115722656,77.08464050292969
2014-02-10,146.6159210205078,77.30116271972656
2014-02-11,148.220458984375,76.85356903076172
2014-02-12,148.2937469482422,76.45661163330078
2014-02-13,149.05935668945312,76.88970184326172
2014-02-14,149.88198852539062,76.93301391601562
2014-02-18,150.06118774414062,77.10624694824219
2014-02-19,149.0674591064453,76.78141784667969
2014-02-20,149.94712829589844,76.59374237060547
2014-02-21,149.77609252929688,76.99795532226562
2014-02-24,150.6068572998047,76.80307006835938
2014-02-25,150.54981994628906,77.48881530761719
2014-02-26,150.55796813964844,77.90027618408203
2014-02-27,151.3480682373047,78.32614135742188
2014-02-28,151.73086547851562,78.36943054199219
2014-03-03,150.6638641357422,78.89261627197266
2014-03-04,152.7815399169922,77.70596313476562
2014-03-05,152.9199981689453,77.87236785888672
2014-03-06,153.2701873779297,77.10533905029297
2014-03-07,153.33538818359375,76.62057495117188
2014-03-10,153.25392150878906,76.7291030883789
2014-03-11,152.4964599609375,76.93165588378906
2014-03-12,152.5372314453125,77.46714782714844
2014-03-13,150.8267822265625,78.50910949707031
2014-03-14,150.4032745361328,78.5235824584961
2014-03-17,151.76345825195312,77.9374771118164
2014-03-18,152.84666442871094,78.21969604492188
2014-03-19,152.03225708007812,77.61185455322266
2014-03-20,152.9199981689453,77.47438049316406
2014-03-21,152.32688903808594,78.31372833251953
2014-03-24,151.6969757080078,78.87091064453125
2014-03-25,152.41685485839844,78.57423400878906
2014-03-26,151.3206787109375,79.18930053710938
2014-03-27,151.00157165527344,79.58723449707031
2014-03-28,151.74607849121094,79.13858032226562
2014-03-31,152.9895477294922,78.9432144165039
2014-04-01,154.00396728515625,78.26856231689453
2014-04-02,154.51934814453125,77.81881713867188
2014-04-03,154.3148956298828,78.1597671508789
2014-04-04,152.49050903320312,78.68208312988281
2014-04-07,150.8052978515625,79.15364074707031
2014-04-08,151.4270477294922,79.34223937988281
2014-04-09,153.05499267578125,78.95050811767578
2014-04-10,149.8399200439453,79.68325805664062
2014-04-11,148.4901580810547,80.32886505126953
2014-04-14,149.6599578857422,80.11848449707031
2014-04-15,150.6907501220703,80.61902618408203
2014-04-16,152.26966857910156,80.7206039428711
2014-04-17,152.48236083984375,79.83554077148438
2014-04-21,153.0141143798828,79.7702407836914
2014-04-22,153.70947265625,80.03871154785156
2014-04-23,153.34954833984375,80.49569702148438
2014-04-24,153.66033935546875,80.6480712890625
2014-04-25,152.4005584716797,80.76416778564453
2014-04-28,152.88320922851562,80.37237548828125
2014-04-29,153.5949249267578,80.2635726928711
2014-04-30,154.05308532714844,80.5973129272461
2014-05-01,154.0694122314453,81.46194458007812
2014-05-02,153.84854125976562,81.96370697021484
2014-05-05,154.14308166503906,81.46923065185547
2014-05-06,152.80137634277344,81.79644012451172
2014-05-07,153.7012939453125,81.50563049316406
2014-05-08,153.53762817382812,81.15650939941406
2014-05-09,153.76675415039062,80.89469146728516
2014-05-12,155.26382446289062,80.56743621826172
2014-05-13,155.40293884277344,81.26556396484375
2014-05-14,154.66661071777344,82.14552307128906
2014-05-15,153.30859375,82.80001068115234
2014-05-16,153.8404083251953,82.5672836303711
2014-05-19,154.4048309326172,81.95645141601562
2014-05-20,153.43125915527344,82.13821411132812
2014-05-21,154.72393798828125,81.63642883300781
2014-05-22,155.1002197265625,81.52008056640625
2014-05-23,155.721923828125,81.95645141601562
2014-05-27,156.6791229248047,82.43640899658203
2014-05-28,156.5645294189453,83.4544677734375
2014-05-29,157.37445068359375,83.01091003417969
2014-05-30,157.62808227539062,82.97457885742188
2014-06-02,157.80801391601562,82.35770416259766
2014-06-03,157.7262420654297,81.34429168701172
2014-06-04,158.04530334472656,81.32242584228516
2014-06-05,159.0760955810547,81.3588638305664
2014-06-06,159.8369140625,81.3588638305664
2014-06-09,160.0005340576172,81.24219512939453
2014-06-10,160.01687622070312,80.94324493408203
2014-06-11,159.46055603027344,81.08911895751953
2014-06-12,158.3316192626953,81.8109359741211
2014-06-13,158.81430053710938,81.76719665527344
2014-06-16,158.94517517089844,81.9713134765625
2014-06-17,159.38694763183594,81.32242584228516
2014-06-18,160.55679321289062,81.94945526123047
2014-06-19,160.73678588867188,80.89954376220703
2014-06-20,161.0631103515625,81.51201629638672
2014-06-23,161.01380920410156,81.25674438476562
2014-06-24,160.04385375976562,82.08069610595703
2014-06-25,160.76719665527344,82.29208374023438
2014-06-26,160.65213012695312,82.68582916259766
2014-06-27,160.9645233154297,82.5618667602539
2014-06-30,160.8822784423828,82.7660140991211
2014-07-01,161.95912170410156,82.07301330566406
2014-07-02,162.1234893798828,81.19588470458984
2014-07-03,162.92088317871094,80.90347290039062
2014-07-07,162.35365295410156,81.49556732177734
2014-07-08,161.30972290039062,82.40934753417969
2014-07-09,162.0330810546875,82.47512817382812
2014-07-10,161.3919219970703,82.49703979492188
2014-07-11,161.61387634277344,83.02334594726562
2014-07-14,162.4276580810547,82.66515350341797
2014-07-15,162.1234893798828,82.49703979492188
2014-07-16,162.7235565185547,82.93560028076172
2014-07-17,160.87408447265625,83.98089599609375
2014-07-18,162.5180206298828,83.71040344238281
2014-07-21,162.2139129638672,84.1270523071289
2014-07-22,162.92088317871094,84.3025131225586
2014-07-23,163.2825469970703,84.19286346435547
2014-07-24,163.29071044921875,83.5642318725586
2014-07-25,162.52630615234375,84.55106353759766
2014-07-28,162.59207153320312,84.43408966064453
2014-07-29,161.89334106445312,84.7410659790039
2014-07-30,161.91802978515625,83.5642318725586
2014-07-31,158.72044372558594,83.31571960449219
2014-08-01,158.2354278564453,83.96065521240234
2014-08-04,159.37799072265625,83.74076080322266
2014-08-05,157.8326416015625,84.01193237304688
2014-08-06,157.88192749023438,84.06327819824219
2014-08-07,157.0270538330078,84.84742736816406
2014-08-08,158.84371948242188,84.66423034667969
2014-08-11,159.3040008544922,84.65689086914062
2014-08-12,159.08212280273438,84.10720825195312
2014-08-13,160.15890502929688,84.65689086914062
2014-08-14,160.91513061523438,85.33847045898438
2014-08-15,160.8822784423828,86.26927947998047
2014-08-18,162.23040771484375,85.41178894042969
2014-08-19,163.07705688476562,85.14788818359375
2014-08-20,163.5126953125,85.00867462158203
2014-08-21,163.98944091796875,85.4850845336914
2014-08-22,163.73463439941406,85.96142578125
2014-08-25,164.56484985351562,86.28392028808594
2014-08-26,164.6717071533203,86.00546264648438
2014-08-27,164.60598754882812,86.73834991455078
2014-08-28,164.51548767089844,87.1927261352539
2014-08-29,164.98411560058594,87.2513656616211
2014-09-02,164.90188598632812,85.74620056152344
2014-09-03,164.8114013671875,86.22370910644531
2014-09-04,164.5730743408203,85.17322540283203
2014-09-05,165.31285095214844,85.01165008544922
2014-09-08,164.8853759765625,85.04840087890625
2014-09-09,163.84149169921875,84.98225402832031
2014-09-10,164.45799255371094,84.44602966308594
2014-09-11,164.64706420898438,84.1668930053711
2014-09-12,163.68536376953125,83.28540802001953
2014-09-15,163.56199645996094,83.4102783203125
2014-09-16,164.79498291015625,83.07240295410156
2014-09-17,165.01698303222656,82.859375
2014-09-18,165.896484375,83.12380981445312
2014-09-19,165.74703979492188,84.18157958984375
2014-09-22,164.46694946289062,84.28443908691406
2014-09-23,163.5254669189453,84.80599975585938
2014-09-24,164.80555725097656,84.3358383178711
2014-09-25,162.14633178710938,85.33482360839844
2014-09-26,163.43466186523438,85.21002960205078
2014-09-29,163.13734436035156,85.89314270019531
2014-09-30,162.70790100097656,85.4083480834961
2014-10-01,160.5029296875,87.06449127197266
2014-10-02,160.52769470214844,86.30599975585938
2014-10-03,162.2949676513672,86.67418670654297
2014-10-06,162.1050262451172,86.72573852539062
2014-10-07,159.6027069091797,87.89656829833984
2014-10-08,162.39405822753906,87.91870880126953
2014-10-09,159.17327880859375,87.53578186035156
2014-10-10,157.3563995361328,88.40475463867188
2014-10-13,154.77154541015625,88.94229888916016
2014-10-14,155.0110321044922,89.52404022216797
2014-10-15,153.96218872070312,90.23101043701172
2014-10-16,153.83006286621094,89.65660858154297
2014-10-17,155.64694213867188,89.15583801269531
2014-10-20,157.1582489013672,89.47989654541016
2014-10-21,160.27166748046875,88.76554107666016
2014-10-22,159.13201904296875,88.8613052368164
2014-10-23,160.98191833496094,88.07332611083984
2014-10-24,162.22068786621094,88.16170501708984
2014-10-27,161.9976806640625,88.32369995117188
2014-10-28,163.85581970214844,87.77143096923828
2014-10-29,163.60809326171875,87.97023010253906
2014-10-30,164.6568603515625,88.04388427734375
2014-10-31,166.53982543945312,87.81564331054688
2014-11-03,166.63064575195312,87.81559753417969
2014-11-04,166.05264282226562,88.0887222290039
2014-11-05,167.1013946533203,87.96326446533203
2014-11-06,167.7703399658203,87.39483642578125
2014-11-07,167.92721557617188,88.39876556396484
2014-11-10,168.45578002929688,87.5867691040039
2014-11-11,168.6209716796875,87.64582061767578
2014-11-12,168.4392852783203,87.5719985961914
2014-11-13,168.62921142578125,87.77871704101562
2014-11-14,168.6705322265625,88.20681762695312
2014-11-17,168.77789306640625,87.98535919189453
2014-11-18,169.75238037109375,88.22899627685547
2014-11-19,169.47987365722656,87.6679916381836
2014-11-20,169.7771453857422,88.12564086914062
2014-11-21,170.68557739257812,88.65717315673828
2014-11-24,171.16455078125,88.73099517822266
2014-11-25,171.0406951904297,89.46916198730469
2014-11-26,171.47840881347656,89.71275329589844
2014-11-28,171.114990234375,90.42142486572266
2014-12-01,169.92579650878906,89.89390563964844
2014-12-02,171.024169921875,89.02088165283203
2014-12-03,171.6848602294922,89.36861419677734
2014-12-04,171.49488830566406,90.11582946777344
2014-12-05,171.77569580078125,89.5905532836914
2014-12-08,170.6277313232422,90.68560028076172
2014-12-09,170.5121307373047,91.15167236328125
2014-12-10,167.778564453125,91.8175277709961
2014-12-11,168.62921142578125,92.19488525390625
2014-12-12,165.90391540527344,93.4452896118164
2014-12-15,164.76422119140625,93.25294494628906
2014-12-16,163.4429168701172,94.40708923339844
2014-12-17,166.64720153808594,93.55623626708984
2014-12-18,170.76815795898438,91.89156341552734
2014-12-19,171.49476623535156,93.12715148925781
2014-12-22,172.2836151123047,93.25294494628906
2014-12-23,172.51617431640625,91.40325927734375
2014-12-24,172.53271484375,91.9007568359375
2014-12-26,173.089111328125,92.24181365966797
2014-12-29,173.32167053222656,92.93134307861328
2014-12-30,172.3916015625,93.18341827392578
2014-12-31,170.68093872070312,93.36134338378906
2015-01-02,170.589599609375,94.39936065673828
2015-01-05,167.5088348388672,95.88223266601562
2015-01-06,165.93106079101562,97.60978698730469
2015-01-07,167.998779296875,97.4170150756836
2015-01-08,170.97987365722656,96.12688446044922
2015-01-09,169.6097412109375,97.17974090576172
2015-01-12,168.28109741210938,97.73583984375
2015-01-13,167.80772399902344,97.73583984375
2015-01-14,166.7946319580078,98.47731018066406
2015-01-15,165.26675415039062,100.02684783935547
2015-01-16,167.43409729003906,98.75166320800781
2015-01-20,167.79122924804688,100.06391906738281
2015-01-21,168.63818359375,98.90730285644531
2015-01-22,171.14596557617188,98.55138397216797
2015-01-23,170.20762634277344,99.9230728149414
2015-01-26,170.6062774658203,99.61904907226562
2015-01-27,168.35586547851562,99.7747573852539
2015-01-28,166.19674682617188,101.4059066772461
2015-01-29,167.73304748535156,100.73861694335938
2015-01-30,165.62379455566406,102.5254898071289
2015-02-02,167.67489624023438,102.13844299316406
2015-02-03,170.0996856689453,99.97647857666016
2015-02-04,169.45199584960938,100.14738464355469
2015-02-05,171.16262817382812,99.04777526855469
2015-02-06,170.68930053710938,97.29454040527344
2015-02-09,169.9253387451172,97.13844299316406
2015-02-10,171.73561096191406,96.36585235595703
2015-02-11,171.83523559570312,96.5441665649414
2015-02-12,173.4877471923828,96.22468566894531
2015-02-13,174.2018585205078,95.23661041259766
2015-02-17,174.47589111328125,93.80271911621094
2015-02-18,174.4925079345703,94.35991668701172
2015-02-19,174.36798095703125,93.73580169677734
2015-02-20,175.4142608642578,94.01072692871094
2015-02-23,175.3893585205078,95.08795928955078
2015-02-24,175.88758850097656,96.33613586425781
2015-02-25,175.73809814453125,96.75215148925781
2015-02-26,175.530517578125,95.42971801757812
2015-02-27,174.93263244628906,96.2320556640625
2015-03-02,176.03709411621094,94.43960571289062
2015-03-03,175.31459045410156,94.09724426269531
2015-03-04,174.57559204101562,94.12699890136719
2015-03-05,174.76654052734375,94.00792694091797
2015-03-06,172.30853271484375,91.9310531616211
2015-03-09,173.02268981933594,92.77963256835938
2015-03-10,170.2159423828125,94.0004653930664
2015-03-11,169.8173370361328,94.68526458740234
2015-03-12,171.97642517089844,94.6182632446289
2015-03-13,170.92181396484375,94.32792663574219
2015-03-16,173.20535278320312,95.23613739013672
2015-03-17,172.69056701660156,96.02518463134766
2015-03-18,174.76654052734375,97.87867736816406
2015-03-19,173.96939086914062,97.37994384765625
2015-03-20,175.5049591064453,97.89353942871094
2015-03-23,175.16297912597656,97.77445220947266
2015-03-24,174.1787567138672,98.71986389160156
2015-03-25,171.62635803222656,97.88607025146484
2015-03-26,171.21763610839844,96.36015319824219
2015-03-27,171.60968017578125,97.55859375
2015-03-30,173.7032470703125,97.07474517822266
2015-03-31,172.18519592285156,97.28319549560547
2015-04-01,171.5762939453125,98.56098937988281
2015-04-02,172.19351196289062,97.51669311523438
2015-04-06,173.3529510498047,96.97209930419922
2015-04-07,172.8941650390625,97.78516387939453
2015-04-08,173.47808837890625,97.81501770019531
2015-04-09,174.24545288085938,96.54690551757812
2015-04-10,175.19631958007812,96.68864440917969
2015-04-13,174.4039306640625,96.82294464111328
2015-04-14,174.7376251220703,97.50920104980469
2015-04-15,175.52163696289062,97.42715454101562
2015-04-16,175.4715576171875,96.94224548339844
2015-04-17,173.4530487060547,98.05372619628906
2015-04-20,175.03782653808594,97.18844604492188
2015-04-21,174.82937622070312,96.7483139038086
2015-04-22,175.68849182128906,95.27140045166016
2015-04-23,176.13055419921875,95.68160247802734
2015-04-24,176.53919982910156,96.27835845947266
2015-04-27,175.80520629882812,96.27835845947266
2015-04-28,176.36410522460938,94.95063781738281
2015-04-29,175.63841247558594,93.78699493408203
2015-04-30,173.8784942626953,93.95105743408203
2015-05-01,175.76351928710938,92.68634796142578
2015-05-04,176.2639923095703,91.811767578125
2015-05-05,174.24545288085938,91.68473052978516
2015-05-06,173.528076171875,90.11499786376953
2015-05-07,174.22042846679688,91.32598876953125
2015-05-08,176.51416015625,91.57260131835938
2015-05-11,175.67181396484375,89.3451156616211
2015-05-12,175.14625549316406,89.57684326171875
2015-05-13,175.17962646484375,88.8592529296875
2015-05-14,177.00636291503906,89.09847259521484
2015-05-15,177.1981964111328,90.88494110107422
2015-05-18,177.74871826171875,89.36007690429688
2015-05-19,177.69033813476562,88.56775665283203
2015-05-20,177.5652313232422,88.71727752685547
2015-05-21,178.0823211669922,89.95806121826172
2015-05-22,177.6569366455078,89.99543762207031
2015-05-26,175.74688720703125,91.53523254394531
2015-05-27,177.41505432128906,91.7444839477539
2015-05-28,177.2148895263672,91.52029418945312
2015-05-29,176.1138458251953,91.72209930419922
2015-06-01,176.47256469726562,90.73632049560547
2015-06-02,176.2973175048828,89.4703369140625
2015-06-03,176.7644500732422,88.03215789794922
2015-06-04,175.2713623046875,89.1782455444336
2015-06-05,174.97109985351562,88.0920181274414
2015-06-08,173.89508056640625,87.99468231201172
2015-06-09,173.87008666992188,87.2979965209961
2015-06-10,175.95535278320312,86.53394317626953
2015-06-11,176.52255249023438,88.35423278808594
2015-06-12,175.1713104248047,88.35423278808594
2015-06-15,174.42063903808594,88.49656677246094
2015-06-16,175.37147521972656,89.19319152832031
2015-06-17,175.65512084960938,88.50405883789062
2015-06-18,177.4818115234375,88.06961822509766
2015-06-19,176.69387817382812,89.20069885253906
2015-06-22,177.59915161132812,87.38041687011719
2015-06-23,177.72486877441406,86.85608673095703
2015-06-24,176.43411254882812,87.60517120361328
2015-06-25,175.89764404296875,87.2979965209961
2015-06-26,175.86415100097656,86.31672668457031
2015-06-29,172.17620849609375,88.60142517089844
2015-06-30,172.53663635253906,87.9872055053711
2015-07-01,173.91958618164062,86.7995376586914
2015-07-02,173.7603302001953,87.08483123779297
2015-07-06,173.2657928466797,88.69889068603516
2015-07-07,174.3553924560547,89.53215789794922
2015-07-08,171.4302215576172,90.3054428100586
2015-07-09,171.74032592773438,88.5262222290039
2015-07-10,173.90283203125,87.12236785888672
2015-07-13,175.8222198486328,86.85211944580078
2015-07-14,176.58499145507812,87.13736724853516
2015-07-15,176.52630615234375,88.06073760986328
2015-07-16,177.9427947998047,88.66883087158203
2015-07-17,178.09364318847656,89.12680053710938
2015-07-20,178.1858367919922,88.75140380859375
2015-07-21,177.48179626464844,89.23186492919922
2015-07-22,177.16323852539062,89.78742218017578
2015-07-23,176.16586303710938,90.90604400634766
2015-07-24,174.3386993408203,91.1312484741211
2015-07-27,173.324462890625,91.61922454833984
2015-07-28,175.4534454345703,90.9510726928711
2015-07-29,176.6603546142578,90.61321258544922
2015-07-30,176.7022705078125,91.3114242553711
2015-07-31,176.43411254882812,91.98705291748047
2015-08-03,175.83895874023438,92.95539093017578
2015-08-04,175.49537658691406,92.21803283691406
2015-08-05,176.0736846923828,91.52588653564453
2015-08-06,174.63204956054688,92.33844757080078
2015-08-07,174.29678344726562,93.54977416992188
2015-08-10,176.4927978515625,92.39111328125
2015-08-11,174.90025329589844,93.85820770263672
2015-08-12,175.10983276367188,93.34658813476562
2015-08-13,174.89186096191406,93.04566192626953
2015-08-14,175.52890014648438,93.26387023925781
2015-08-17,176.50950622558594,93.68515014648438
2015-08-18,175.9982147216797,92.94783020019531
2015-08-19,174.6068878173828,93.86577606201172
2015-08-20,170.9608917236328,94.813720703125
2015-08-21,165.81448364257812,95.09963989257812
2015-08-24,158.83258056640625,95.06954193115234
2015-08-25,156.96347045898438,93.54222869873047
2015-08-26,162.98989868164062,91.73656463623047
2015-08-27,167.02146911621094,91.78924560546875
2015-08-28,167.02987670898438,92.06006622314453
2015-08-31,165.680419921875,91.35279846191406
2015-09-01,160.7352294921875,92.01105499267578
2015-09-02,163.78614807128906,91.2193832397461
2015-09-03,163.90350341796875,91.66423034667969
2015-09-04,161.42251586914062,92.50119018554688
2015-09-08,165.4792022705078,91.13644409179688
2015-09-09,163.26646423339844,91.57372283935547
2015-09-10,164.1549530029297,90.95545959472656
2015-09-11,164.90090942382812,91.52851867675781
2015-09-14,164.28907775878906,91.67178344726562
2015-09-15,166.34259033203125,89.91496276855469
2015-09-16,167.78419494628906,89.57565307617188
2015-09-17,167.40701293945312,90.66893768310547
2015-09-18,164.67138671875,92.06385803222656
2015-09-21,165.52230834960938,90.56341552734375
2015-09-22,163.3738250732422,91.82254791259766
2015-09-23,163.11273193359375,91.81502532958984
2015-09-24,162.52291870117188,92.44083404541016
2015-09-25,162.48080444335938,91.64161682128906
2015-09-28,158.40292358398438,93.20995330810547
2015-09-29,158.49562072753906,93.47386169433594
2015-09-30,161.4529266357422,93.14957427978516
2015-10-01,161.87416076660156,93.54702758789062
2015-10-02,164.29220581054688,94.11373901367188
2015-10-05,167.2157745361328,92.83680725097656
2015-10-06,166.64285278320312,93.2372817993164
2015-10-07,168.00772094726562,92.92745971679688
2015-10-08,169.52427673339844,92.14923858642578
2015-10-09,169.62542724609375,92.39105224609375
2015-10-12,169.78546142578125,93.09373474121094
2015-10-13,168.7154998779297,93.2523422241211
2015-10-14,167.90664672851562,94.068359375
2015-10-15,170.4847412109375,93.60750579833984
2015-10-16,171.25990295410156,93.63768005371094
2015-10-19,171.34413146972656,93.38078308105469
2015-10-20,171.1250762939453,92.80658721923828
2015-10-21,170.06349182128906,93.72842407226562
2015-10-22,172.93650817871094,93.88702392578125
2015-10-23,174.8321533203125,93.0861587524414
2015-10-26,174.40257263183594,93.70569610595703
2015-10-27,174.06549072265625,93.93998718261719
2015-10-28,176.0454559326172,93.56217956542969
2015-10-29,175.94432067871094,92.07366943359375
2015-10-30,175.18605041503906,92.76875305175781
2015-11-02,177.25865173339844,92.34249877929688
2015-11-03,177.77259826660156,91.58528137207031
2015-11-04,177.23336791992188,91.69129180908203
2015-11-05,177.05642700195312,91.44898223876953
2015-11-06,176.96377563476562,90.10872650146484
2015-11-09,175.3124237060547,89.60134887695312
2015-11-10,175.71685791015625,89.8664321899414
2015-11-11,175.02598571777344,89.67711639404297
2015-11-12,172.5826873779297,90.10872650146484
2015-11-13,170.6448516845703,90.62361145019531
2015-11-16,173.23983764648438,90.54034423828125
2015-11-17,173.11343383789062,90.6917724609375
2015-11-18,175.86007690429688,90.88107299804688
2015-11-19,175.7084197998047,91.48686218261719
2015-11-20,176.3487548828125,91.20669555664062
2015-11-23,176.14654541015625,91.48686218261719
2015-11-24,176.38246154785156,91.4792709350586
2015-11-25,176.35716247558594,91.69129180908203
2015-11-27,176.55935668945312,91.60041809082031
2015-11-30,175.8263397216797,91.96385955810547
2015-12-01,177.5030059814453,93.20606994628906
2015-12-02,175.69154357910156,93.23645782470703
2015-12-03,173.23135375976562,90.70191955566406
2015-12-04,176.60987854003906,91.4987564086914
2015-12-07,175.53994750976562,92.38652801513672
2015-12-08,174.3603973388672,92.43206787109375
2015-12-09,173.0039520263672,92.33341217041016
2015-12-10,173.4504852294922,92.45484924316406
2015-12-11,170.0888214111328,93.91177368164062
2015-12-14,170.9481201171875,92.69767761230469
2015-12-15,172.7427520751953,92.1513442993164
2015-12-16,175.27032470703125,91.95402526855469
2015-12-17,172.5995330810547,92.99362182617188
2015-12-18,169.524658203125,93.50961303710938
2015-12-21,170.92311096191406,93.48684692382812
2015-12-22,172.4740447998047,92.81147766113281
2015-12-23,174.60983276367188,92.11337280273438
2015-12-24,174.3217010498047,92.64111328125
2015-12-28,173.92337036132812,92.91485595703125
2015-12-29,175.77943420410156,91.3711929321289
2015-12-30,174.53355407714844,91.27994537353516
2015-12-31,172.78762817382812,91.69061279296875
2016-01-04,170.37217712402344,92.3521499633789
2016-01-05,170.66033935546875,91.97956848144531
2016-01-06,168.507568359375,93.21904754638672
2016-01-07,164.46481323242188,93.38633728027344
2016-01-08,162.65957641601562,93.8045425415039
2016-01-11,162.8206329345703,92.77799224853516
2016-01-12,164.13430786132812,94.11630249023438
2016-01-13,160.04066467285156,95.04402923583984
2016-01-14,162.66807556152344,94.15432739257812
2016-01-15,159.17617797851562,95.62195587158203
2016-01-19,159.3881072998047,95.32534790039062
2016-01-20,157.34547424316406,96.32910919189453
2016-01-21,158.2269744873047,95.67515563964844
2016-01-22,161.47305297851562,95.31015014648438
2016-01-25,159.03208923339844,95.82723236083984
2016-01-26,161.2018280029297,95.87287139892578
2016-01-27,159.4474639892578,95.85006713867188
2016-01-28,160.27798461914062,95.9869613647461
2016-01-29,164.18508911132812,96.80055236816406
2016-02-01,164.12576293945312,96.50419616699219
2016-02-02,161.16790771484375,98.2945556640625
2016-02-03,162.13414001464844,97.47940826416016
2016-02-04,162.3883819580078,97.95172119140625
2016-02-05,159.2948455810547,98.06604766845703
2016-02-08,157.15057373046875,100.17633056640625
2016-02-09,157.15904235839844,100.28303527832031
2016-02-10,157.0234375,101.16673278808594
2016-02-11,154.9808807373047,101.87530517578125
2016-02-12,158.1760711669922,100.18394470214844
2016-02-16,160.8458709716797,99.12496948242188
2016-02-17,163.47323608398438,98.51551055908203
2016-02-18,162.80360412597656,99.72684478759766
2016-02-19,162.7273712158203,99.81067657470703
2016-02-22,165.08351135253906,99.7573013305664
2016-02-23,162.9985809326172,100.16107940673828
2016-02-24,163.7444305419922,99.96305847167969
2016-02-25,165.72763061523438,100.32112121582031
2016-02-26,165.34628295898438,99.35356903076172
2016-02-29,164.04959106445312,99.78779602050781
2016-03-01,167.90585327148438,98.03067779541016
2016-03-02,168.6601104736328,98.43521881103516
2016-03-03,169.32119750976562,98.79397583007812
2016-03-04,169.8720703125,98.16043853759766
2016-03-07,170.0077362060547,98.12993621826172
2016-03-08,168.1515655517578,99.21380615234375
2016-03-09,168.982177734375,98.61080169677734
2016-03-10,169.11782836914062,98.2062759399414
2016-03-11,171.846923828125,97.2139663696289
2016-03-14,171.62652587890625,97.51927185058594
2016-03-15,171.3468017578125,97.61089324951172
2016-03-16,172.33848571777344,97.9009017944336
2016-03-17,173.4318084716797,98.30545043945312
2016-03-18,174.11331176757812,98.51155090332031
2016-03-21,174.36032104492188,97.7558822631836
2016-03-22,174.26666259765625,97.73296356201172
2016-03-23,173.1165771484375,98.83981323242188
2016-03-24,173.03988647460938,98.8779296875
2016-03-28,173.1421356201172,99.0077133178711
2016-03-29,174.7436981201172,100.04581451416016
2016-03-30,175.51043701171875,98.99241638183594
2016-03-31,175.08448791503906,99.69467163085938
2016-04-01,176.27716064453125,99.9546890258789
2016-04-04,175.7063751220703,100.01589965820312
2016-04-05,173.951416015625,101.10967254638672
2016-04-06,175.8512420654297,100.37542724609375
2016-04-07,173.74696350097656,101.61454772949219
2016-04-08,174.2154998779297,100.9719467163086
2016-04-11,173.80662536621094,100.84195709228516
2016-04-12,175.42523193359375,100.14594268798828
2016-04-13,177.19723510742188,100.49779510498047
2016-04-14,177.2057647705078,100.01589965820312
2016-04-15,177.00982666015625,100.87259674072266
2016-04-18,178.25355529785156,100.43661499023438
2016-04-19,178.81585693359375,100.12300872802734
2016-04-20,178.98626708984375,99.02157592773438
2016-04-21,178.0235595703125,98.4326171875
2016-04-22,178.0235595703125,98.18021392822266
2016-04-25,177.7168731689453,97.77479553222656
2016-04-26,177.98097229003906,97.33118438720703
2016-04-27,178.34727478027344,98.3025894165039
2016-04-28,176.72866821289062,98.70800018310547
2016-04-29,175.7745361328125,98.96038055419922
2016-05-02,177.17164611816406,97.96405792236328
2016-05-03,175.6297149658203,99.19793701171875
2016-05-04,174.65003967285156,99.74214935302734
2016-05-05,174.6159210205078,100.40895080566406
2016-05-06,175.2548370361328,99.97972106933594
2016-05-09,175.399658203125,100.2939453125
2016-05-10,177.58053588867188,100.30159759521484
2016-05-11,175.91937255859375,100.8687744140625
2016-05-12,175.97048950195312,100.40895080566406
2016-05-13,174.43699645996094,101.38224792480469
2016-05-16,176.1579132080078,100.5085678100586
2016-05-17,174.51370239257812,100.67719268798828
2016-05-18,174.56483459472656,99.24398803710938
2016-05-19,173.95994567871094,99.67313385009766
2016-05-20,175.05889892578125,99.74976348876953
2016-05-23,174.82037353515625,99.97209167480469
2016-05-24,177.08644104003906,99.52753448486328
2016-05-25,178.28762817382812,99.1519546508789
2016-05-26,178.3387451171875,99.66548919677734
2016-05-27,179.10546875,99.51986694335938
2016-05-31,178.7647247314453,99.75743865966797
2016-06-01,179.1310272216797,100.1622085571289
2016-06-02,179.67626953125,100.88409423828125
2016-06-03,179.1395721435547,102.32025146484375
2016-06-06,180.05113220214844,101.55994415283203
2016-06-07,180.33221435546875,101.80569458007812
2016-06-08,180.9200897216797,102.35096740722656
2016-06-09,180.67298889160156,103.01146697998047
2016-06-10,178.96067810058594,103.5106430053711
2016-06-13,177.58053588867188,103.9714584350586
2016-06-14,177.23129272460938,103.8946762084961
2016-06-15,176.98419189453125,104.29401397705078
2016-06-16,177.5124053955078,104.8009262084961
2016-06-17,176.85134887695312,104.14812469482422
2016-06-20,177.99024963378906,103.03455352783203
2016-06-21,178.49551391601562,102.5583267211914
2016-06-22,178.20436096191406,102.72728729248047
2016-06-23,180.52500915527344,101.55226135253906
2016-06-24,174.04257202148438,104.27867126464844
2016-06-27,170.9254913330078,106.88217163085938
2016-06-28,174.00827026367188,107.10491180419922
2016-06-29,176.9712371826172,106.28315734863281
2016-06-30,179.38607788085938,106.6748275756836
2016-07-01,179.76290893554688,108.15596771240234
2016-07-05,178.46975708007812,109.51009368896484
2016-07-06,179.54022216796875,109.68702697753906
2016-07-07,179.42893981933594,109.67936706542969
2016-07-08,182.1007080078125,110.48722076416016
2016-07-11,182.74295043945312,109.5177993774414
2016-07-12,184.0701904296875,107.71734619140625
2016-07-13,184.04458618164062,108.98689270019531
2016-07-14,185.0721893310547,107.40186309814453
2016-07-15,184.82388305664062,106.47866821289062
2016-07-18,185.32058715820312,106.37850952148438
2016-07-19,185.1321563720703,106.97872924804688
2016-07-20,185.90283203125,106.39398956298828
2016-07-21,185.20065307617188,106.60942840576172
2016-07-22,186.0312957763672,106.7940673828125
2016-07-25,185.52603149414062,106.71712493896484
2016-07-26,185.61170959472656,106.88642883300781
2016-07-27,185.4147186279297,108.21744537353516
2016-07-28,185.6288299560547,108.01742553710938
2016-07-29,185.9285430908203,108.91761779785156
2016-08-01,185.7744140625,107.73677062988281
2016-08-02,184.5841064453125,106.62679290771484
2016-08-03,185.12359619140625,106.68843078613281
2016-08-04,185.32058715820312,107.49015045166016
2016-08-05,186.83624267578125,106.3724136352539
2016-08-08,186.72494506835938,106.57275390625
2016-08-09,186.83624267578125,107.62112426757812
2016-08-10,186.3738250732422,108.03739929199219
2016-08-11,187.23875427246094,107.07382202148438
2016-08-12,187.07601928710938,107.97563934326172
2016-08-15,187.61549377441406,106.95821380615234
2016-08-16,186.64788818359375,106.67308807373047
2016-08-17,186.9989471435547,107.31278991699219
2016-08-18,187.41856384277344,107.48239135742188
2016-08-19,187.14451599121094,106.91968536376953
2016-08-22,187.13600158691406,107.8215103149414
2016-08-23,187.5127716064453,107.93714904785156
2016-08-24,186.5536651611328,107.68270874023438
2016-08-25,186.4252471923828,107.27427673339844
2016-08-26,186.0741424560547,106.64993286132812
2016-08-29,186.9904327392578,108.07592010498047
2016-08-30,186.68212890625,107.65961456298828
2016-08-31,186.1511993408203,107.81385803222656
2016-09-01,186.15972900390625,107.93273162841797
2016-09-02,186.9989471435547,107.05242919921875
2016-09-06,187.5641326904297,107.83235168457031
2016-09-07,187.5469970703125,107.75517272949219
2016-09-08,187.11888122558594,106.40376281738281
2016-09-09,182.64019775390625,104.65084075927734
2016-09-12,185.26058959960938,104.70491027832031
2016-09-13,182.59738159179688,103.51571655273438
2016-09-14,182.5288848876953,103.67010498046875
2016-09-15,184.3528594970703,103.22224426269531
2016-09-16,183.64022827148438,104.05620574951172
2016-09-19,183.67466735839844,103.71646881103516
2016-09-20,183.6832275390625,104.07938385009766
2016-09-21,185.74887084960938,104.92115020751953
2016-09-22,186.91937255859375,105.75508880615234
2016-09-23,185.8951873779297,105.65473175048828
2016-09-26,184.38902282714844,106.3265380859375
2016-09-27,185.53369140625,107.10650634765625
2016-09-28,186.45468139648438,106.87481689453125
2016-09-29,184.76771545410156,107.14505767822266
2016-09-30,186.16201782226562,106.18744659423828
2016-10-03,185.71446228027344,105.8370590209961
2016-10-04,184.76771545410156,104.59927368164062
2016-10-05,185.58538818359375,104.11198425292969
2016-10-06,185.71446228027344,103.53179168701172
2016-10-07,185.0775909423828,103.60137176513672
2016-10-10,186.04150390625,102.99020385742188
2016-10-11,183.69190979003906,102.75813293457031
2016-10-12,183.93287658691406,102.85868072509766
2016-10-13,183.33038330078125,103.24552917480469
2016-10-14,183.4250946044922,101.79884338378906
2016-10-17,182.7882080078125,102.44867706298828
2016-10-18,183.93287658691406,102.78136444091797
2016-10-19,184.4234161376953,102.86642456054688
2016-10-20,184.07913208007812,102.97478485107422
2016-10-21,184.16525268554688,103.12944793701172
2016-10-24,184.94847106933594,102.68074798583984
2016-10-25,184.32882690429688,102.95156860351562
2016-10-26,183.95870971679688,102.25528717041016
2016-10-27,183.46810913085938,101.1413345336914
2016-10-28,182.9258575439453,100.91693878173828
2016-10-31,182.9344482421875,101.5358657836914
2016-11-01,181.60903930664062,101.54361724853516
2016-11-02,180.51602172851562,101.98542785644531
2016-11-03,179.6898193359375,101.20254516601562
2016-11-04,179.4918212890625,102.1093978881836
2016-11-07,183.4508819580078,101.2413330078125
2016-11-08,184.277099609375,100.83052825927734
2016-11-09,186.2308349609375,96.55209350585938
2016-11-10,186.6956024169922,95.12592315673828
2016-11-11,186.26527404785156,94.59112548828125
2016-11-14,186.41156005859375,94.02529907226562
2016-11-15,187.86607360839844,94.49034118652344
2016-11-16,187.51327514648438,95.34297943115234
2016-11-17,188.4771728515625,93.94003295898438
2016-11-18,188.0554962158203,93.66875457763672
2016-11-21,189.4755401611328,93.90129089355469
2016-11-22,189.8456268310547,93.87030792236328
2016-11-23,189.9489288330078,93.50597381591797
2016-11-25,190.65464782714844,93.64550018310547
2016-11-28,189.75958251953125,94.3353271484375
2016-11-29,190.12966918945312,94.73065948486328
2016-11-30,189.67355346679688,93.19595336914062
2016-12-01,188.97637939453125,92.21198272705078
2016-12-02,189.071044921875,92.88764190673828
2016-12-05,190.2071075439453,92.78666687011719
2016-12-06,190.80955505371094,92.7167739868164
2016-12-07,193.3054962158203,93.50897216796875
2016-12-08,193.77886962890625,92.4061050415039
2016-12-09,194.94937133789062,91.25667572021484
2016-12-12,194.72560119628906,91.4275131225586
2016-12-13,196.0251922607422,91.75370788574219
2016-12-14,194.40719604492188,90.72853088378906
2016-12-15,195.20761108398438,91.18675994873047
2016-12-16,194.82577514648438,90.97703552246094
2016-12-19,195.25,91.95562744140625
2016-12-20,196.00320434570312,91.49744415283203
2016-12-21,195.45777893066406,91.90130615234375
2016-12-22,195.1201629638672,91.73699188232422
2016-12-23,195.40582275390625,91.92384338378906
2016-12-27,195.8906707763672,91.62796783447266
2016-12-28,194.27174377441406,92.297607421875
2016-12-29,194.2284393310547,92.62471008300781
2016-12-30,193.51852416992188,92.76483917236328
2017-01-03,194.9989776611328,93.16200256347656
2017-01-04,196.15904235839844,93.52019500732422
2017-01-05,196.00320434570312,94.98414611816406
2017-01-06,196.70445251464844,94.11198425292969
2017-01-09,196.05517578125,94.86729431152344
2017-01-10,196.05517578125,94.8050308227539
2017-01-11,196.60922241210938,95.12429809570312
2017-01-12,196.11575317382812,94.91402435302734
2017-01-13,196.56594848632812,94.4624252319336
2017-01-17,195.8733367919922,95.4512939453125
2017-01-18,196.30621337890625,94.22875213623047
2017-01-19,195.5789794921875,93.58246612548828
2017-01-20,196.2975311279297,93.39556121826172
2017-01-23,195.78680419921875,94.33000183105469
2017-01-24,197.04208374023438,93.68370819091797
2017-01-25,198.7476043701172,92.50788879394531
2017-01-26,198.53981018066406,92.81932830810547
2017-01-27,198.22813415527344,93.15420532226562
2017-01-30,196.99879455566406,92.87384033203125
2017-01-31,196.98147583007812,93.52019500732422
2017-02-01,197.0594024658203,92.94194030761719
2017-02-02,197.1892852783203,92.90290832519531
2017-02-03,198.54849243164062,92.86383819580078
2017-02-06,198.1935272216797,93.4257583618164
2017-02-07,198.20217895507812,94.11246490478516
2017-02-08,198.4619140625,95.39229583740234
2017-02-09,199.6393585205078,94.29193115234375
2017-02-10,200.42715454101562,94.23733520507812
2017-02-13,201.51797485351562,93.94075775146484
2017-02-14,202.32310485839844,93.26185607910156
2017-02-15,203.37930297851562,92.83265686035156
2017-02-16,203.20616149902344,93.33989715576172
2017-02-17,203.5264892578125,93.89398956298828
2017-02-21,204.73851013183594,93.73008728027344
2017-02-22,204.55670166015625,93.88617706298828
2017-02-23,204.6951904296875,94.16710662841797
2017-02-24,204.95497131347656,95.21281433105469
2017-02-27,205.27523803710938,94.65093994140625
2017-02-28,204.72117614746094,95.00208282470703
2017-03-01,207.58676147460938,93.41017150878906
2017-03-02,206.2794952392578,93.07398986816406
2017-03-03,206.40939331054688,93.31637573242188
2017-03-06,205.7947235107422,92.87066650390625
2017-03-07,205.18008422851562,92.58922576904297
2017-03-08,204.79910278320312,92.08885192871094
2017-03-09,205.05886840820312,91.35386657714844
2017-03-10,205.7774200439453,91.67445373535156
2017-03-13,205.8812713623047,91.09587860107422
2017-03-14,205.09344482421875,91.53368377685547
2017-03-15,206.86819458007812,92.6517333984375
2017-03-16,206.4613494873047,92.18265533447266
2017-03-17,206.0986785888672,92.7612533569336
2017-03-20,205.8726806640625,93.1600341796875
2017-03-21,203.22935485839844,93.9340591430664
2017-03-22,203.7075958251953,94.309326171875
2017-03-23,203.49020385742188,94.1763916015625
2017-03-24,203.34242248535156,94.5126953125
2017-03-27,203.1337432861328,94.94270324707031
2017-03-28,204.61184692382812,94.309326171875
2017-03-29,204.80316162109375,94.87228393554688
2017-03-30,205.45530700683594,94.10608673095703
2017-03-31,204.97708129882812,94.37975311279297
2017-04-03,204.62059020996094,95.33175659179688
2017-04-04,204.75099182128906,94.8145980834961
2017-04-05,204.142333984375,95.10447692871094
2017-04-06,204.71627807617188,94.96346282958984
2017-04-07,204.50753784179688,94.57955169677734
2017-04-10,204.62925720214844,95.018310546875
2017-04-11,204.38583374023438,95.91934204101562
2017-04-12,203.49020385742188,96.44429016113281
2017-04-13,202.16856384277344,96.74202728271484
2017-04-17,203.95973205566406,96.44429016113281
2017-04-18,203.35110473632812,97.70579528808594
2017-04-19,202.97720336914062,97.17298126220703
2017-04-20,204.62925720214844,96.79689025878906
2017-04-21,203.97714233398438,96.79689025878906
2017-04-24,206.22044372558594,96.31900024414062
2017-04-25,207.42041015625,95.15933227539062
2017-04-26,207.2899169921875,95.68424987792969
2017-04-27,207.4638671875,95.6529541015625
2017-04-28,207.01168823242188,95.8645248413086
2017-05-01,207.53338623046875,95.06758880615234
2017-05-02,207.61167907714844,95.55439758300781
2017-05-03,207.35951232910156,95.61717224121094
2017-05-04,207.6029510498047,95.14606475830078
2017-05-05,208.4202880859375,95.232421875
2017-05-08,208.38552856445312,94.7142333984375
2017-05-09,208.1942596435547,94.70639038085938
2017-05-10,208.568115234375,94.59648895263672
2017-05-11,208.14207458496094,94.59648895263672
2017-05-12,207.7942657470703,95.31098175048828
2017-05-15,208.94203186035156,95.05187225341797
2017-05-16,208.75071716308594,95.40518951416016
2017-05-17,205.04666137695312,96.794921875
2017-05-18,205.8726806640625,96.90484619140625
2017-05-19,207.2117156982422,97.13253784179688
2017-05-22,208.26380920410156,96.86561584472656
2017-05-23,208.72463989257812,96.21391296386719
2017-05-24,209.21157836914062,96.75566864013672
2017-05-25,210.21153259277344,96.78707885742188
2017-05-26,210.16806030273438,96.95198059082031
2017-05-30,209.98541259765625,97.43091583251953
2017-05-31,209.9332733154297,97.67430114746094
2017-06-01,211.6027069091797,97.6845474243164
2017-06-02,212.30697631835938,98.84114074707031
2017-06-05,212.15049743652344,98.2274398803711
2017-06-06,211.4722900390625,98.76248168945312
2017-06-07,211.86354064941406,98.29039764404297
2017-06-08,211.9678955078125,98.03073120117188
2017-06-09,211.64620971679688,97.88123321533203
2017-06-12,211.6027069091797,97.84978485107422
2017-06-13,212.63743591308594,97.8655014038086
2017-06-14,212.367919921875,99.37622833251953
2017-06-15,211.95924377441406,99.21885681152344
2017-06-16,212.00555419921875,99.4155502319336
2017-06-19,213.77049255371094,99.27394104003906
2017-06-20,212.3287811279297,100.16301727294922
2017-06-21,212.27638244628906,100.36761474609375
2017-06-22,212.18028259277344,100.58792114257812
2017-06-23,212.4336700439453,100.54068756103516
2017-06-26,212.5734405517578,100.91837310791016
2017-06-27,210.8608856201172,99.84044647216797
2017-06-28,212.74819946289062,99.50995635986328
2017-06-29,210.8783416748047,98.67595672607422
2017-06-30,211.27159118652344,98.44780731201172
2017-07-03,211.62977600097656,98.13079833984375
2017-07-05,212.119140625,98.15444946289062
2017-07-06,210.1793975830078,97.34233093261719
2017-07-07,211.54241943359375,96.75887298583984
2017-07-10,211.7695770263672,96.90078735351562
2017-07-11,211.6123504638672,97.06639862060547
2017-07-12,213.20257568359375,97.73657989501953
2017-07-13,213.560791015625,97.12157440185547
2017-07-14,214.55679321289062,97.2398681640625
2017-07-17,214.53062438964844,97.5079116821289
2017-07-18,214.64425659179688,98.35943603515625
2017-07-19,215.8062744140625,98.39886474609375
2017-07-20,215.9024200439453,98.68269348144531
2017-07-21,215.71018981933594,99.10062408447266
2017-07-24,215.65774536132812,98.71424865722656
2017-07-25,216.1820068359375,97.42904663085938
2017-07-26,216.19076538085938,97.58677673339844
2017-07-27,215.9897918701172,97.1058349609375
2017-07-28,215.73646545410156,97.68138122558594
2017-07-31,215.6140594482422,97.79963684082031
2017-08-01,216.09466552734375,98.48629760742188
2017-08-02,216.19952392578125,98.5416030883789
2017-08-03,215.78016662597656,99.56088256835938
2017-08-04,216.17327880859375,98.71546936035156
2017-08-07,216.57518005371094,98.82608795166016
2017-08-08,216.04222106933594,98.47050476074219
2017-08-09,216.03346252441406,99.00777435302734
2017-08-10,212.98411560058594,99.8532943725586
2017-08-11,213.29864501953125,99.9007568359375
2017-08-14,215.41307067871094,99.3870849609375
2017-08-15,215.38685607910156,98.96830749511719
2017-08-16,215.7626495361328,99.33177947998047
2017-08-17,212.398681640625,100.07454681396484
2017-08-18,212.06668090820312,100.05081939697266
2017-08-21,212.23269653320312,100.2957992553711
2017-08-22,214.45201110839844,99.90858459472656
2017-08-23,213.68312072753906,100.58816528320312
2017-08-24,213.18507385253906,100.21676635742188
2017-08-25,213.68312072753906,100.60397338867188
2017-08-28,213.6918487548828,100.54072570800781
2017-08-29,213.93650817871094,100.8647232055664
2017-08-30,214.9500274658203,100.83309936523438
2017-08-31,216.2431640625,101.13334655761719
2017-09-01,216.54898071289062,100.35979461669922
2017-09-05,214.9937286376953,101.9512710571289
2017-09-06,215.72769165039062,101.32579040527344
2017-09-07,215.70143127441406,102.36304473876953
2017-09-08,215.44810485839844,102.14131927490234
2017-09-11,217.74600219726562,100.92201232910156
2017-09-12,218.47996520996094,100.39144897460938
2017-09-13,218.5847930908203,99.99557495117188
2017-09-14,218.514892578125,100.40731048583984
2017-09-15,218.80909729003906,100.4468765258789
2017-09-18,219.27447509765625,99.86888885498047
2017-09-19,219.4939727783203,99.62348937988281
2017-09-20,219.5730438232422,99.69464874267578
2017-09-21,218.9846954345703,99.63923645019531
2017-09-22,219.0286102294922,99.92427825927734
2017-09-25,218.5807647705078,100.54981231689453
2017-09-26,218.71246337890625,100.36770629882812
2017-09-27,219.56423950195312,98.85538482666016
2017-09-28,219.8276824951172,98.56241607666016
2017-09-29,220.60037231445312,98.7840805053711
2017-10-02,221.55746459960938,98.60323333740234
2017-10-03,222.03164672851562,98.69844055175781
2017-10-04,222.2950439453125,98.70635223388672
2017-10-05,223.6121826171875,98.33343505859375
2017-10-06,223.35752868652344,98.0557632446289
2017-10-09,222.98873901367188,98.3652114868164
2017-10-10,223.57704162597656,98.5239028930664
2017-10-11,223.9282989501953,98.7142562866211
2017-10-12,223.59461975097656,99.13475799560547
2017-10-13,223.8668212890625,99.84884643554688
2017-10-16,224.16534423828125,99.77743530273438
2017-10-17,224.32342529296875,99.90438842773438
2017-10-18,224.54295349121094,99.2458724975586
2017-10-19,224.60440063476562,99.42041015625
2017-10-20,225.763427734375,98.3652114868164
2017-10-23,224.88536071777344,98.53977966308594
2017-10-24,225.280517578125,97.92884063720703
2017-10-25,224.16534423828125,97.46073913574219
2017-10-26,224.4551544189453,97.13541412353516
2017-10-27,226.290283203125,97.77806091308594
2017-10-30,225.44741821289062,98.7142562866211
2017-10-31,225.7986297607422,98.74602508544922
2017-11-01,226.09713745117188,99.18572235107422
2017-11-02,226.18495178222656,99.62295532226562
2017-11-03,226.94009399414062,99.8933334350586
2017-11-06,227.2913818359375,100.2669906616211
2017-11-07,227.13330078125,100.68840026855469
2017-11-08,227.51963806152344,100.46581268310547
2017-11-09,226.69424438476562,100.17951965332031
2017-11-10,226.62396240234375,98.66890716552734
2017-11-13,226.83474731445312,98.8756332397461
2017-11-14,226.30792236328125,99.54347229003906
2017-11-15,225.17518615722656,100.62478637695312
2017-11-16,227.08938598632812,99.750244140625
2017-11-17,226.42205810546875,100.4896469116211
2017-11-20,226.8084259033203,100.44989013671875
2017-11-21,228.2923583984375,100.76792907714844
2017-11-22,228.09039306640625,101.09385681152344
2017-11-24,228.6171875,100.81560516357422
2017-11-27,228.5031280517578,100.67247772216797
2017-11-28,230.82118225097656,100.80767059326172
2017-11-29,230.68072509765625,99.81380462646484
2017-11-30,232.70034790039062,99.47988891601562
2017-12-01,232.21731567382812,100.82230377197266
2017-12-04,231.93643188476562,100.87010192871094
2017-12-05,231.10220336914062,101.3720474243164
2017-12-06,231.14614868164062,101.72262573242188
2017-12-07,231.87493896484375,100.92591094970703
2017-12-08,233.1393585205078,100.93388366699219
2017-12-11,233.8417510986328,100.72675323486328
2017-12-12,234.25450134277344,100.6868896484375
2017-12-13,234.22817993164062,101.44375610351562
2017-12-14,233.2710723876953,101.87397003173828
2017-12-15,235.21360778808594,102.25640106201172
2017-12-18,236.70516967773438,101.32423400878906
2017-12-19,235.79612731933594,100.00973510742188
2017-12-20,235.6725311279297,98.90229034423828
2017-12-21,236.15792846679688,99.47869873046875
2017-12-22,236.09628295898438,99.61441040039062
2017-12-26,235.8137969970703,99.90982055664062
2017-12-27,235.92845153808594,101.21121978759766
2017-12-28,236.4138946533203,101.1234130859375
2017-12-29,235.5225067138672,101.28307342529297
2018-01-02,237.20823669433594,100.18927764892578
2018-01-03,238.70863342285156,100.66830444335938
2018-01-04,239.71473693847656,100.65232849121094
2018-01-05,241.31214904785156,100.36490631103516
2018-01-08,241.75352478027344,100.30107116699219
2018-01-09,242.3006591796875,98.95977020263672
2018-01-10,241.92994689941406,98.84001922607422
2018-01-11,243.69509887695312,99.24718475341797
2018-01-12,245.2837371826172,99.41483306884766
2018-01-16,244.44529724121094,99.83001708984375
2018-01-17,246.7753143310547,99.69430541992188
2018-01-18,246.3605194091797,98.76815032958984
2018-01-19,247.4812774658203,98.24919128417969
2018-01-22,249.49354553222656,98.34500122070312
2018-01-23,250.02316284179688,98.76815032958984
2018-01-24,249.92604064941406,98.23324584960938
2018-01-25,250.0319061279297,99.03961944580078
2018-01-26,252.92674255371094,98.67232513427734
2018-01-29,251.24990844726562,97.98571014404297
2018-01-30,248.67282104492188,97.41089630126953
2018-01-31,248.79637145996094,97.98571014404297
2018-02-01,248.5139617919922,96.56566619873047
2018-02-02,243.1038360595703,95.66960906982422
2018-02-05,232.93658447265625,96.57364654541016
2018-02-06,237.5259552001953,95.9736328125
2018-02-07,236.2374267578125,95.06157684326172
2018-02-08,227.37640380859375,94.95757293701172
2018-02-09,230.79196166992188,94.35755920410156
2018-02-12,234.1809844970703,94.77355194091797
2018-02-13,234.76351928710938,95.19754028320312
2018-02-14,237.93194580078125,94.14154052734375
2018-02-15,240.9679412841797,94.4615249633789
2018-02-16,241.0385284423828,94.97357177734375
2018-02-20,239.52940368652344,94.55754089355469
2018-02-21,238.33787536621094,93.3974380493164
2018-02-22,238.6468048095703,93.67748260498047
2018-02-23,242.45066833496094,94.5094985961914
2018-02-26,245.2660369873047,94.5415267944336
2018-02-27,242.20358276367188,94.405517578125
2018-02-28,239.75003051757812,95.00557708740234
2018-03-01,236.263916015625,95.65410614013672
2018-03-02,237.48178100585938,94.8764877319336
2018-03-05,240.22662353515625,94.61996459960938
2018-03-06,240.83560180664062,94.7081298828125
2018-03-07,240.747314453125,94.60396575927734
2018-03-08,241.9123077392578,95.14905548095703
2018-03-09,246.12216186523438,94.5237808227539
2018-03-12,245.81336975097656,95.06889343261719
2018-03-13,244.224609375,95.54991912841797
2018-03-14,242.9713897705078,96.39159393310547
2018-03-15,242.7066192626953,96.39159393310547
2018-03-16,242.96987915039062,96.04692077636719
2018-03-19,239.682373046875,95.7423095703125
2018-03-20,240.08998107910156,95.35749053955078
2018-03-21,239.62918090820312,95.46173095703125
2018-03-22,233.63909912109375,96.40766906738281
2018-03-23,228.65924072265625,96.33553314208984
2018-03-26,234.91514587402344,95.96674346923828
2018-03-27,230.91883850097656,96.99287414550781
2018-03-28,230.23643493652344,97.24944305419922
2018-03-29,233.1783905029297,97.72239685058594
2018-04-02,228.14524841308594,97.91519927978516
2018-04-03,231.0694122314453,97.15999603271484
2018-04-04,233.54161071777344,96.9592056274414
2018-04-05,235.38478088378906,96.23616790771484
2018-04-06,230.13900756835938,97.28856658935547
2018-04-09,231.27325439453125,97.44918060302734
2018-04-10,234.95057678222656,97.27249145507812
2018-04-11,233.71890258789062,97.61797332763672
2018-04-12,235.64170837402344,96.90294647216797
2018-04-13,234.95057678222656,97.1279296875
2018-04-16,236.88221740722656,97.15999603271484
2018-04-17,239.41647338867188,97.42512512207031
2018-04-18,239.5937957763672,96.64582824707031
2018-04-19,238.26463317871094,95.8585433959961
2018-04-20,236.24423217773438,95.16764068603516
2018-04-23,236.20883178710938,95.19172668457031
2018-04-24,233.02772521972656,94.75797271728516
2018-04-25,233.6036834716797,94.12324523925781
2018-04-26,235.97837829589844,94.78204345703125
2018-04-27,236.19996643066406,95.51313018798828
2018-04-30,234.3834686279297,95.68180084228516
2018-05-01,234.79991149902344,95.33722686767578
2018-05-02,233.22268676757812,95.23252868652344
2018-05-03,232.70870971679688,95.65926361083984
2018-05-04,235.72146606445312,95.80416870117188
2018-05-07,236.51901245117188,95.65121459960938
2018-05-08,236.51901245117188,95.5626449584961
2018-05-09,238.80511474609375,94.99102020263672
2018-05-10,241.03811645507812,95.75593566894531
2018-05-11,241.7736053466797,95.9974365234375
2018-05-14,241.88877868652344,95.49018859863281
2018-05-15,240.22288513183594,94.4032974243164
2018-05-16,241.23300170898438,94.04095458984375
2018-05-17,241.0292510986328,93.56587219238281
2018-05-18,240.42669677734375,94.37104034423828
2018-05-21,242.2343292236328,94.41931915283203
2018-05-22,241.56085205078125,94.27442169189453
2018-05-23,242.22547912597656,94.95880126953125
2018-05-24,241.72923278808594,95.71565246582031
2018-05-25,241.15328979492188,96.31147003173828
2018-05-29,238.37985229492188,98.42094421386719
2018-05-30,241.56085205078125,97.76071166992188
2018-05-31,240.08111572265625,97.5997085571289
2018-06-01,242.4381561279297,97.08393859863281
2018-06-04,243.59005737304688,96.38191223144531
2018-06-05,243.76730346679688,96.60784912109375
2018-06-06,245.80535888671875,95.82508087158203
2018-06-07,245.77867126464844,96.75311279296875
2018-06-08,246.50540161132812,96.46256256103516
2018-06-11,246.8332061767578,96.28502655029297
2018-06-12,247.1521759033203,96.30924224853516
2018-06-13,246.363525390625,96.26081848144531
2018-06-14,246.98390197753906,97.05976867675781
2018-06-15,246.668701171875,97.14852142333984
2018-06-18,246.16143798828125,97.05976867675781
2018-06-19,245.21795654296875,97.62470245361328
2018-06-20,245.6363067626953,96.7692642211914
2018-06-21,244.09645080566406,97.27766418457031
2018-06-22,244.5414276123047,97.26959228515625
2018-06-25,241.21253967285156,97.48748016357422
2018-06-26,241.74659729003906,97.62470245361328
2018-06-27,239.74391174316406,98.54469299316406
2018-06-28,241.11460876464844,98.56887817382812
2018-06-29,241.46176147460938,98.2299575805664
2018-07-02,241.97805786132812,98.15312957763672
2018-07-03,241.12350463867188,98.67887115478516
2018-07-05,243.0906219482422,98.96195220947266
2018-07-06,245.14671325683594,99.28548431396484
2018-07-09,247.35409545898438,98.6465072631836
2018-07-10,248.244140625,98.63838958740234
2018-07-11,246.42849731445312,99.01859283447266
2018-07-12,248.66259765625,99.01046752929688
2018-07-13,248.85836791992188,99.26123809814453
2018-07-16,248.63589477539062,98.84870910644531
2018-07-17,249.6416778564453,98.66267395019531
2018-07-18,250.16671752929688,98.266357421875
2018-07-19,249.22329711914062,98.88914489746094
2018-07-20,248.9383544921875,97.67587280273438
2018-07-23,249.4013214111328,96.47068786621094
2018-07-24,250.65623474121094,96.8023452758789
2018-07-25,252.79257202148438,96.6486587524414
2018-07-26,252.19618225097656,96.46267700195312
2018-07-27,250.4873046875,96.62438201904297
2018-07-30,249.17880249023438,96.29279327392578
2018-07-31,250.40711975097656,96.81849670410156
2018-08-01,249.98876953125,96.02975463867188
2018-08-02,251.35055541992188,96.16757202148438
2018-08-03,252.42752075195312,96.6458511352539
2018-08-06,253.353271484375,96.70262145996094
2018-08-07,254.1899871826172,96.20000457763672
2018-08-08,254.08314514160156,96.29727172851562
2018-08-09,253.73606872558594,97.10792541503906
2018-08-10,252.03598022460938,97.81320190429688
2018-08-13,251.09254455566406,97.61051177978516
2018-08-14,252.6946258544922,97.39164733886719
2018-08-15,250.8076934814453,97.95915222167969
2018-08-16,252.8370361328125,97.95101928710938
2018-08-17,253.72718811035156,98.07257843017578
2018-08-20,254.27001953125,98.72923278808594
2018-08-21,254.86651611328125,98.39685821533203
2018-08-22,254.71505737304688,98.78594207763672
2018-08-23,254.37692260742188,98.93997955322266
2018-08-24,255.90785217285156,99.13456726074219
2018-08-27,257.9283447265625,98.5671157836914
2018-08-28,258.052978515625,97.9753189086914
2018-08-29,259.4415283203125,98.10503387451172
2018-08-30,258.39117431640625,98.31576538085938
2018-08-31,258.40008544921875,98.08879089355469
2018-09-04,257.9550476074219,97.52165985107422
2018-09-05,257.2607421875,97.26170349121094
2018-09-06,256.4864501953125,97.61920166015625
2018-09-07,255.98797607421875,96.7905044555664
2018-09-10,256.4330139160156,97.1479721069336
2018-09-11,257.2785949707031,96.40861511230469
2018-09-12,257.3408203125,96.63612365722656
2018-09-13,258.8629150390625,96.78231811523438
2018-09-14,258.90740966796875,96.3192367553711
2018-09-17,257.5367736816406,96.3192367553711
2018-09-18,258.93408203125,95.311767578125
2018-09-19,259.2100524902344,94.74301147460938
2018-09-20,261.3106994628906,95.18179321289062
2018-09-21,261.07196044921875,95.14112091064453
2018-09-24,260.20458984375,94.89744567871094
2018-09-25,259.9631652832031,94.79991149902344
2018-09-26,259.1853332519531,95.46614074707031
2018-09-27,259.9095153808594,95.5311279296875
2018-09-28,259.93634033203125,95.27924346923828
2018-10-01,260.83941650390625,94.57978057861328
2018-10-02,260.6874694824219,95.157958984375
2018-10-03,260.8304748535156,93.50492858886719
2018-10-04,258.79193115234375,92.84537506103516
2018-10-05,257.3434753417969,92.04730987548828
2018-10-08,257.3434753417969,91.7379379272461
2018-10-09,256.9679260253906,92.66618347167969
2018-10-10,248.8314971923828,92.41378021240234
2018-10-11,243.35060119628906,93.53752899169922
2018-10-12,246.7303466796875,93.2117919921875
2018-10-15,245.344482421875,93.17105865478516
2018-10-16,250.7091522216797,93.38275909423828
2018-10-17,250.7538299560547,92.82906341552734
2018-10-18,247.13262939453125,92.79645538330078
2018-10-19,246.9985809326172,92.59292602539062
2018-10-22,245.88992309570312,92.47077941894531
2018-10-23,244.63807678222656,92.763916015625
2018-10-24,237.2258758544922,93.46422576904297
2018-10-25,241.48191833496094,93.07335662841797
2018-10-26,237.2347869873047,93.63517761230469
2018-10-29,235.92051696777344,93.42350769042969
2018-10-30,239.41647338867188,92.9593734741211
2018-10-31,241.9736328125,92.487060546875
2018-11-01,244.54869079589844,92.57273864746094
2018-11-02,243.1002960205078,91.42184448242188
2018-11-05,244.4414520263672,91.78099060058594
2018-11-06,245.98825073242188,91.72386932373047
2018-11-07,251.25462341308594,91.84630584716797
2018-11-08,250.79864501953125,91.83810424804688
2018-11-09,248.34873962402344,92.52381896972656
2018-11-12,243.70823669433594,93.12784576416016
2018-11-13,243.2522735595703,93.0707015991211
2018-11-14,241.5891571044922,93.12784576416016
2018-11-15,244.11056518554688,93.0870132446289
2018-11-16,244.74545288085938,93.62577819824219
2018-11-19,240.60569763183594,93.886962890625
2018-11-20,236.15301513671875,93.91961669921875
2018-11-21,236.95773315429688,93.886962890625
2018-11-23,235.3750762939453,93.98492431640625
2018-11-26,239.17510986328125,93.7726821899414
2018-11-27,239.97984313964844,93.87879180908203
2018-11-28,245.5054168701172,93.42166137695312
2018-11-29,244.96896362304688,93.78898620605469
2018-11-30,246.4621124267578,94.14000701904297
2018-12-03,249.7255401611328,94.80841827392578
2018-12-04,241.63394165039062,96.39564514160156
2018-12-06,241.26722717285156,96.69841766357422
2018-12-07,235.66123962402344,96.87838745117188
2018-12-10,236.1082763671875,97.27928924560547
2018-12-11,236.1619415283203,97.262939453125
2018-12-12,237.35116577148438,96.82927703857422
2018-12-13,237.27061462402344,96.6001968383789
2018-12-14,232.88949584960938,96.93568420410156
2018-12-17,228.32052612304688,97.50019073486328
2018-12-18,228.07022094726562,98.0840835571289
2018-12-19,224.65467834472656,99.37986755371094
2018-12-20,220.99778747558594,99.01902770996094
2018-12-21,216.46961975097656,99.00261688232422
2018-12-24,210.7498779296875,99.49466705322266
2018-12-26,221.3979949951172,98.42853546142578
2018-12-27,223.0977325439453,98.44495391845703
2018-12-28,222.8099365234375,99.27326202392578
2018-12-31,224.76150512695312,99.6504898071289
2019-01-02,224.99530029296875,100.17534637451172
2019-01-03,219.62632751464844,101.3153076171875
2019-01-04,226.98287963867188,100.1425552368164
2019-01-07,228.7725372314453,99.84736633300781
2019-01-08,230.92193603515625,99.58488464355469
2019-01-09,232.00119018554688,99.4290771484375
2019-01-10,232.81954956054688,98.78938293457031
2019-01-11,232.90943908691406,99.17485046386719
2019-01-14,231.488525390625,98.8057861328125
2019-01-15,234.14158630371094,98.44495391845703
2019-01-16,234.70811462402344,98.54335021972656
2019-01-17,236.48875427246094,98.56798553466797
2019-01-18,239.63648986816406,98.05130767822266
2019-01-22,236.3988800048828,98.715576171875
2019-01-23,236.89352416992188,98.67460632324219
2019-01-24,237.0194091796875,99.32247924804688
2019-01-25,239.02488708496094,98.84680938720703
2019-01-28,237.20828247070312,98.74842071533203
2019-01-29,236.89352416992188,99.2486343383789
2019-01-30,240.64373779296875,99.17485046386719
2019-01-31,242.7571258544922,100.02777099609375
2019-02-01,242.8740997314453,99.42359161376953
2019-02-04,244.58282470703125,98.9797592163086
2019-02-05,245.60804748535156,99.43181610107422
2019-02-06,245.28427124023438,99.4811019897461
2019-02-07,242.94601440429688,100.13868713378906
2019-02-08,243.24278259277344,100.56609344482422
2019-02-11,243.3777313232422,100.1716079711914
2019-02-12,246.5074005126953,99.91680145263672
2019-02-13,247.30776977539062,99.53866577148438
2019-02-14,246.75917053222656,100.1058578491211
2019-02-15,249.4481964111328,100.26201629638672
2019-02-19,249.8799285888672,100.51679992675781
2019-02-20,250.3835906982422,100.22914123535156
2019-02-21,249.49325561523438,99.33317565917969
2019-02-22,251.04005432128906,99.9250259399414
2019-02-25,251.3817138671875,99.62908172607422
2019-02-26,251.20187377929688,100.12227630615234
2019-02-27,251.093994140625,98.98799896240234
2019-02-28,250.62635803222656,98.65097045898438
2019-03-01,252.19117736816406,97.73916625976562
2019-03-04,251.27389526367188,98.50517272949219
2019-03-05,250.9321746826172,98.71106719970703
2019-03-06,249.41224670410156,99.07354736328125
2019-03-07,247.32579040527344,99.71599578857422
2019-03-08,246.8311767578125,100.13610076904297
2019-03-11,250.41050720214844,99.83954620361328
2019-03-12,251.35484313964844,100.53971099853516
2019-03-13,253.01853942871094,100.3502197265625
2019-03-14,252.85675048828125,99.6253433227539
2019-03-15,254.10595703125,100.28433227539062
2019-03-18,255.02734375,100.2267074584961
2019-03-19,255.09051513671875,100.0042953491211
2019-03-20,254.32273864746094,101.05035400390625
2019-03-21,257.1951904296875,101.27277374267578
2019-03-22,252.24513244628906,102.84601593017578
2019-03-25,252.0554656982422,103.0107421875
2019-03-26,253.93426513671875,102.9366226196289
2019-03-27,252.6065216064453,103.88388061523438
2019-03-28,253.56398010253906,104.24632263183594
2019-03-29,255.1627197265625,104.14746856689453
2019-04-01,258.18878173828125,102.66818237304688
2019-04-02,258.31536865234375,102.85803985595703
2019-04-03,258.7218017578125,101.96647644042969
2019-04-04,259.4081726074219,102.25544738769531
2019-04-05,260.66387939453125,102.38746643066406
2019-04-08,260.86260986328125,102.02423858642578
2019-04-09,259.5256652832031,102.34623718261719
2019-04-10,260.4110107421875,102.59383392333984
2019-04-11,260.33868408203125,101.9912338256836
2019-04-12,262.1000671386719,101.26478576660156
2019-04-15,261.928466796875,101.52071380615234
2019-04-16,262.1000671386719,100.88504791259766
2019-04-17,261.458740234375,100.92635345458984
2019-04-18,261.9736633300781,101.45468139648438
2019-04-22,262.1994323730469,100.96761322021484
2019-04-23,264.5570068359375,101.1822280883789
2019-04-24,263.9700012207031,102.00773620605469
2019-04-25,263.807373046875,101.85913848876953
2019-04-26,265.0357666015625,102.20584106445312
2019-04-29,265.45135498046875,101.55370330810547
2019-04-30,265.5868225097656,102.07379913330078
2019-05-01,263.5904846191406,102.49484252929688
2019-05-02,263.021484375,102.00678253173828
2019-05-03,265.5958557128906,102.29631805419922
2019-05-06,264.5028991699219,102.57762145996094
2019-05-07,260.085693359375,103.36347961425781
2019-05-08,259.7243957519531,102.9167251586914
2019-05-09,258.93853759765625,103.33860778808594
2019-05-10,260.2392883300781,103.19799041748047
2019-05-13,253.6994171142578,104.00871276855469
2019-05-14,255.99386596679688,103.70259857177734
2019-05-15,257.49334716796875,104.33960723876953
2019-05-16,259.8779602050781,103.99214935302734
2019-05-17,258.1979064941406,104.22379302978516
2019-05-20,256.4906005859375,104.00871276855469
2019-05-21,258.802978515625,103.84326171875
2019-05-22,258.00823974609375,104.4388427734375
2019-05-23,254.85574340820312,105.61354064941406
2019-05-24,255.4337615966797,105.70451354980469
2019-05-28,253.05810546875,106.46559143066406
2019-05-29,251.35983276367188,106.78822326660156
2019-05-30,252.04640197753906,107.70640563964844
2019-05-31,248.6500244140625,109.05480194091797
2019-06-03,248.0177459716797,109.78433990478516
2019-06-04,253.40138244628906,108.53262329101562
2019-06-05,255.59642028808594,107.91920471191406
2019-06-06,257.25836181640625,108.26736450195312
2019-06-07,259.8328552246094,109.20409393310547
2019-06-10,261.0251770019531,108.17622375488281
2019-06-11,260.9619140625,108.24251556396484
2019-06-12,260.5013122558594,108.32538604736328
2019-06-13,261.5762023925781,108.69839477539062
2019-06-14,261.2872314453125,108.97198486328125
2019-06-17,261.38653564453125,109.16260528564453
2019-06-18,264.1234130859375,109.70968627929688
2019-06-19,264.7196960449219,109.8671875
2019-06-20,267.2488708496094,110.15734100341797
2019-06-21,266.8603820800781,108.94711303710938
2019-06-24,266.5335998535156,109.75942993164062
2019-06-25,263.9194641113281,110.09931945800781
2019-06-26,263.65625,109.39471435546875
2019-06-27,264.5911865234375,110.16560363769531
2019-06-28,265.9526672363281,110.0910415649414
2019-07-01,268.36712646484375,109.83354949951172
2019-07-02,269.0660705566406,110.68074798583984
2019-07-03,271.21728515625,111.4697494506836
2019-07-05,270.90869140625,109.99134826660156
2019-07-08,269.4201354980469,110.14081573486328
2019-07-09,269.7559509277344,110.09934997558594
2019-07-10,271.0448303222656,109.49304962158203
2019-07-11,271.6803283691406,108.03125
2019-07-12,272.896484375,108.15579986572266
2019-07-15,272.9872131347656,108.77872467041016
2019-07-16,272.1067810058594,108.45484161376953
2019-07-17,270.255126953125,109.62590789794922
2019-07-18,271.24456787109375,109.63416290283203
2019-07-19,269.7378234863281,109.37674713134766
2019-07-22,270.400390625,109.58436584472656
2019-07-23,272.333740234375,108.98638153076172
2019-07-24,273.613525390625,109.45979309082031
2019-07-25,272.3065185546875,108.93653106689453
2019-07-26,274.1309814453125,109.19400787353516
2019-07-29,273.6316223144531,109.22723388671875
2019-07-30,272.96002197265625,109.49304962158203
2019-07-31,269.9737548828125,110.37340545654297
2019-08-01,267.6228332519531,112.5654525756836
2019-08-02,265.6078186035156,113.60575866699219
2019-08-05,257.62017822265625,115.56978607177734
2019-08-06,261.2326965332031,116.49353790283203
2019-08-07,261.3870849609375,116.5351791381836
2019-08-08,266.5155029296875,116.78484344482422
2019-08-09,264.7000732421875,116.55182647705078
2019-08-12,261.477783203125,118.98181915283203
2019-08-13,265.54425048828125,118.5740737915039
2019-08-14,257.6927185058594,121.2454833984375
2019-08-15,258.37347412109375,122.5936508178711
2019-08-16,262.1857604980469,121.61163330078125
2019-08-19,265.344482421875,119.87236785888672
2019-08-20,263.3113098144531,121.11234283447266
2019-08-21,265.4534912109375,120.3050308227539
2019-08-22,265.3717956542969,119.50615692138672
2019-08-23,258.5550537109375,121.47010803222656
2019-08-26,261.414306640625,120.97911071777344
2019-08-27,260.38861083984375,122.84331512451172
2019-08-28,262.22210693359375,123.0014419555664
2019-08-29,265.5715026855469,122.53539276123047
2019-08-30,265.4534912109375,122.56859588623047
2019-09-03,263.9012756347656,122.72708129882812
2019-09-04,266.8966979980469,122.91045379638672
2019-09-05,270.3276672363281,120.6845703125
2019-09-06,270.5365905761719,121.54327392578125
2019-09-09,270.672607421875,119.38397216796875
2019-09-10,270.6091613769531,117.29145812988281
2019-09-11,272.5334777832031,117.08308410644531
2019-09-12,273.4773864746094,116.31605529785156
2019-09-13,273.2958679199219,113.83164978027344
2019-09-16,272.4517822265625,115.28234100341797
2019-09-17,273.1415710449219,115.90755462646484
2019-09-18,273.3049621582031,116.39940643310547
2019-09-19,273.28668212890625,116.74958038330078
2019-09-20,271.9956359863281,118.29187774658203
2019-09-23,271.9317321777344,118.26688385009766
2019-09-24,269.7979431152344,119.69251251220703
2019-09-25,271.3937072753906,117.94174194335938
2019-09-26,270.8283996582031,118.70044708251953
2019-09-27,269.3693542480469,118.99217224121094
2019-09-30,270.61865234375,119.28400421142578
2019-10-01,267.3996887207031,119.6430892944336
2019-10-02,262.67620849609375,119.93539428710938
2019-10-03,264.8282775878906,121.02944946289062
2019-10-04,268.411865234375,121.92303466796875
2019-10-07,267.25372314453125,120.91253662109375
2019-10-08,263.1047668457031,121.23816680908203
2019-10-09,265.60333251953125,120.55339050292969
2019-10-10,267.3996887207031,118.75782012939453
2019-10-11,270.1719055175781,117.28801727294922
2019-10-14,269.8709411621094,118.13981628417969
2019-10-15,272.5426940917969,116.71163940429688
2019-10-16,272.10504150390625,116.85367584228516
2019-10-17,272.9075012207031,116.56974792480469
2019-10-18,271.7129211425781,116.56974792480469
2019-10-21,273.5549011230469,115.69285583496094
2019-10-22,272.6612854003906,116.36932373046875
2019-10-23,273.45465087890625,116.48624420166016
2019-10-24,273.90142822265625,116.25239562988281
2019-10-25,275.0229797363281,115.6844711303711
2019-10-28,276.5732727050781,114.63218688964844
2019-10-29,276.49114990234375,114.7073974609375
2019-10-30,277.3392333984375,116.38601684570312
2019-10-31,276.6005859375,117.95610046386719
2019-11-01,279.16302490234375,117.5929946899414
2019-11-04,280.2845764160156,116.04532623291016
2019-11-05,279.9746398925781,114.74020385742188
2019-11-06,280.03839111328125,115.43450927734375
2019-11-07,281.0232238769531,113.34304809570312
2019-11-08,281.71630859375,112.86619567871094
2019-11-11,281.1782531738281,112.94149017333984
2019-11-12,281.7709655761719,113.46018981933594
2019-11-13,281.8621826171875,114.19638061523438
2019-11-14,282.2724304199219,115.37602233886719
2019-11-15,284.3152160644531,115.25049591064453
2019-11-18,284.52484130859375,115.45966339111328
2019-11-19,284.4427490234375,116.42176055908203
2019-11-20,283.38494873046875,117.6264877319336
2019-11-21,282.92913818359375,116.8902587890625
2019-11-22,283.5582580566406,117.04087829589844
2019-11-25,285.755859375,117.3838119506836
2019-11-26,286.40325927734375,118.06986236572266
2019-11-27,287.679931640625,117.72687530517578
2019-11-29,286.61297607421875,117.47586822509766
2019-12-02,284.1782531738281,115.90956115722656
2019-12-03,282.2724304199219,118.33991241455078
2019-12-04,284.0141296386719,117.15824890136719
2019-12-05,284.52484130859375,116.58837127685547
2019-12-06,287.1236267089844,115.94312286376953
2019-12-09,286.22088623046875,116.19450378417969
2019-12-10,285.90179443359375,116.20287322998047
2019-12-11,286.71337890625,117.1163558959961
2019-12-12,289.1845397949219,115.18881225585938
2019-12-13,289.3577880859375,116.5213394165039
2019-12-16,291.3456726074219,115.47377014160156
2019-12-17,291.4095764160156,115.31460571289062
2019-12-18,291.4277648925781,114.36761474609375
2019-12-19,292.622314453125,114.550537109375
2019-12-20,293.9052429199219,114.70165252685547
2019-12-23,294.35418701171875,114.53377532958984
2019-12-24,294.3634338378906,114.86114501953125
2019-12-26,295.9303894042969,115.13811492919922
2019-12-27,295.8570556640625,115.2640151977539
2019-12-30,294.2259521484375,114.84434509277344
2019-12-31,294.9407043457031,113.71955871582031
2020-01-02,297.6989440917969,115.00382232666016
2020-01-03,295.44476318359375,116.77493286132812
2020-01-06,296.57183837890625,116.11183166503906
2020-01-07,295.73797607421875,115.54104614257812
2020-01-08,297.31414794921875,114.77716827392578
2020-01-09,299.3301696777344,115.1800537109375
2020-01-10,298.4687194824219,116.20415496826172
2020-01-13,300.5213928222656,115.85163879394531
2020-01-14,300.06317138671875,116.44755554199219
2020-01-15,300.74127197265625,117.21978759765625
2020-01-16,303.24310302734375,116.85045623779297
2020-01-17,304.18682861328125,115.85163879394531
2020-01-21,303.5911865234375,117.06875610351562
2020-01-22,303.6278381347656,117.4799575805664
2020-01-23,303.9761047363281,118.30260467529297
2020-01-24,301.2728271484375,119.25952911376953
2020-01-27,296.44354248046875,121.11454772949219
2020-01-28,299.5500183105469,120.1660385131836
2020-01-29,299.3026428222656,121.34115600585938
2020-01-30,300.27398681640625,121.35795593261719
2020-01-31,294.8216857910156,122.46595001220703
2020-02-03,297.01165771484375,122.36670684814453
2020-02-04,301.53851318359375,120.71880340576172
2020-02-05,305.0207214355469,119.39878845214844
2020-02-06,306.0470275878906,119.93685913085938
2020-02-07,304.4159240722656,121.43348693847656
2020-02-10,306.6885070800781,121.76982116699219
2020-02-11,307.2200012207031,121.15593719482422
2020-02-12,309.19940185546875,120.54225158691406
2020-02-13,308.8694763183594,121.00462341308594
2020-02-14,309.3643493652344,121.53434753417969
2020-02-18,308.5671691894531,122.36670684814453
2020-02-19,310.0423889160156,122.35836029052734
2020-02-20,308.7686462402344,123.31680297851562
2020-02-21,305.5888977050781,124.46865844726562
2020-02-24,295.4539794921875,126.32679748535156
2020-02-25,286.5010070800781,126.99942779541016
2020-02-26,285.44720458984375,126.32679748535156
2020-02-27,272.6273193359375,127.69725799560547
2020-02-28,271.4819030761719,130.58108520507812
2020-03-02,283.2387390136719,129.62034606933594
2020-03-03,275.1289367675781,131.6328582763672
2020-03-04,286.6934509277344,130.2350616455078
2020-03-05,277.163330078125,133.47682189941406
2020-03-06,272.58148193359375,140.42349243164062
2020-03-09,251.2943572998047,144.22940063476562
2020-03-10,264.2975769042969,136.83651733398438
2020-03-11,251.41346740722656,131.8011932373047
2020-03-12,227.35894775390625,132.61793518066406
2020-03-13,246.7949981689453,129.62034606933594
2020-03-16,219.78976440429688,138.01528930664062
2020-03-17,231.6566619873047,128.81207275390625
2020-03-18,219.92721557617188,121.54545593261719
2020-03-19,220.39456176757812,124.85454559326172
2020-03-20,210.89678955078125,134.24305725097656
2020-03-23,205.50457763671875,139.77511596679688
2020-03-24,224.1239776611328,137.1732635498047
2020-03-25,227.47914123535156,136.86175537109375
2020-03-26,240.76161193847656,137.53538513183594
2020-03-27,233.59036254882812,141.2065887451172
2020-03-30,241.1764373779297,140.04458618164062
2020-03-31,237.58155822753906,138.9078369140625
2020-04-01,226.88922119140625,140.8540802001953
2020-04-02,232.124755859375,141.747802734375
2020-04-03,228.76962280273438,142.08518981933594
2020-04-06,244.13522338867188,141.71408081054688
2020-04-07,244.38412475585938,140.23007202148438
2020-04-08,252.58767700195312,139.20973205566406
2020-04-09,256.4313659667969,139.46266174316406
2020-04-13,254.090087890625,138.18942260742188
2020-04-14,261.5839538574219,138.15570068359375
2020-04-15,256.0258483886719,141.81529235839844
2020-04-16,257.260986328125,143.42588806152344
2020-04-17,264.2110290527344,141.5033416748047
2020-04-20,259.5561218261719,142.64169311523438
2020-04-21,251.67515563964844,144.4377899169922
2020-04-22,257.260986328125,142.9620819091797
2020-04-23,257.2424011230469,143.7210235595703
2020-04-24,260.82818603515625,144.05836486816406
2020-04-27,264.5888977050781,141.37680053710938
2020-04-28,263.3721008300781,143.00428771972656
2020-04-29,270.2668762207031,142.26223754882812
2020-04-30,267.75048828125,140.60108947753906
2020-05-01,260.6622619628906,141.8050537109375
2020-05-04,261.3811950683594,141.1381072998047
2020-05-05,263.796142578125,140.234619140625
2020-05-06,262.0079650878906,137.97178649902344
2020-05-07,265.1696472167969,140.27684020996094
2020-05-08,269.55712890625,138.45310974121094
2020-05-11,269.6124572753906,137.37232971191406
2020-05-12,264.23870849609375,138.78233337402344
2020-05-13,259.5653076171875,139.75332641601562
2020-05-14,262.67169189453125,141.12112426757812
2020-05-15,263.8791198730469,140.75808715820312
2020-05-18,271.9168395996094,137.66787719726562
2020-05-19,269.1239013671875,138.1829071044922
2020-05-20,273.6956787109375,138.59664916992188
2020-05-21,271.80633544921875,138.94285583496094
2020-05-22,272.3224182128906,139.7787322998047
2020-05-26,275.677490234375,137.904296875
2020-05-27,279.77935791015625,137.65103149414062
2020-05-28,279.2631530761719,137.14437866210938
2020-05-29,280.50750732421875,138.1238250732422
2020-06-01,281.64129638671875,137.1938018798828
2020-06-02,283.97332763671875,136.695068359375
2020-06-03,287.75250244140625,134.87744140625
2020-06-04,286.99664306640625,132.9245147705078
2020-06-05,294.35223388671875,131.97763061523438
2020-06-08,297.91015625,132.48492431640625
2020-06-09,295.68878173828125,133.9897003173828
2020-06-10,294.0388488769531,135.9764404296875
2020-06-11,277.0878601074219,138.5465545654297
2020-06-12,280.40618896484375,137.21078491210938
2020-06-15,283.0238952636719,137.28689575195312
2020-06-16,288.47149658203125,135.1817169189453
2020-06-17,287.273193359375,135.73976135253906
2020-06-18,287.3838806152344,137.1769561767578
2020-06-19,285.7414245605469,137.28689575195312
2020-06-22,287.5745849609375,137.30374145507812
2020-06-23,288.8984680175781,136.3654022216797
2020-06-24,281.52899169921875,137.82794189453125
2020-06-25,284.5471496582031,138.22528076171875
2020-06-26,277.7886657714844,139.704833984375
2020-06-29,281.87152099609375,139.26510620117188
2020-06-30,285.4821472167969,138.5887451171875
2020-07-01,287.48193359375,138.31956481933594
2020-07-02,289.0650939941406,138.4635467529297
2020-07-06,293.5274353027344,137.8964385986328
2020-07-07,290.5001525878906,139.8347625732422
2020-07-08,292.72198486328125,139.27613830566406
2020-07-09,291.0555725097656,141.49365234375
2020-07-10,294.0273742675781,140.78265380859375
2020-07-13,291.48138427734375,141.24822998046875
2020-07-14,295.25885009765625,141.45132446289062
2020-07-15,297.9714050292969,140.79116821289062
2020-07-16,296.9900207519531,141.45980834960938
2020-07-17,297.85101318359375,141.16351318359375
2020-07-20,300.2580871582031,141.5105438232422
2020-07-21,300.8969421386719,141.5951690673828
2020-07-22,302.609619140625,142.01846313476562
2020-07-23,298.99896240234375,143.67735290527344
2020-07-24,297.0732727050781,143.66891479492188
2020-07-27,299.23968505859375,143.13563537597656
2020-07-28,297.34185791015625,144.1259307861328
2020-07-29,300.9987487792969,143.88050842285156
2020-07-30,299.9247741699219,144.82846069335938
2020-07-31,302.2948303222656,144.73541259765625
2020-08-03,304.3964538574219,144.00668334960938
2020-08-04,305.572265625,145.37939453125
2020-08-05,307.4700622558594,144.10833740234375
2020-08-06,309.52545166015625,144.9134063720703
2020-08-07,309.7477111816406,143.94737243652344
2020-08-10,310.6734313964844,143.30340576171875
2020-08-11,308.10894775390625,141.6002197265625
2020-08-12,312.4046936035156,140.31227111816406
2020-08-13,311.83990478515625,138.8124237060547
2020-08-14,311.8492431640625,138.27012634277344
2020-08-17,312.8398132324219,138.6175537109375
2020-08-18,313.5156555175781,139.6089630126953
2020-08-19,312.2103271484375,138.73617553710938
2020-08-20,313.182373046875,139.99029541015625
2020-08-21,314.29339599609375,140.8291015625
2020-08-24,317.4781494140625,140.60037231445312
2020-08-25,318.5890808105469,139.52413940429688
2020-08-26,321.7831115722656,138.9903564453125
2020-08-27,322.4867248535156,136.62635803222656
2020-08-28,324.56982421875,136.52455139160156
2020-08-31,323.3940734863281,137.4312744140625
2020-09-01,326.4399719238281,139.00320434570312
2020-09-02,331.1615295410156,140.32647705078125
2020-09-03,319.764892578125,140.72523498535156
2020-09-04,317.1540832519531,138.05308532714844
2020-09-08,308.488525390625,138.90135192871094
2020-09-09,314.5804443359375,138.528076171875
2020-09-10,309.11810302734375,139.2321319580078
2020-09-11,309.275390625,139.52906799316406
2020-09-14,313.34906005859375,139.5206298828125
2020-09-15,314.9321594238281,139.18128967285156
2020-09-16,313.6823425292969,138.76560974121094
2020-09-17,310.92340087890625,139.1897430419922
2020-09-18,307.3438720703125,138.7571563720703
2020-09-21,303.9232482910156,139.46124267578125
2020-09-22,307.01849365234375,139.3509979248047
2020-09-23,299.8984375,139.53756713867188
2020-09-24,300.6978454589844,140.07196044921875
2020-09-25,305.5591735839844,140.07196044921875
2020-09-28,310.6343688964844,139.67327880859375
2020-09-29,308.9425964355469,139.83444213867188
2020-09-30,311.2849426269531,138.494140625
2020-10-01,313.283447265625,138.72262573242188
2020-10-02,310.3089599609375,138.20460510253906
2020-10-05,315.81170654296875,135.50424194335938
2020-10-06,311.3221130371094,136.23455810546875
2020-10-07,316.7413024902344,135.24095153808594
2020-10-08,319.54840087890625,135.97125244140625
2020-10-09,322.4019470214844,135.94573974609375
2020-10-12,327.5886535644531,136.37887573242188
2020-10-13,325.4507751464844,137.35543823242188
2020-10-14,323.4058532714844,137.6696319580078
2020-10-15,323.00616455078125,137.43185424804688
2020-10-16,322.8109130859375,137.0497589111328
2020-10-19,317.90313720703125,136.53173828125
2020-10-20,319.17657470703125,135.23245239257812
2020-10-21,318.57232666015625,134.76541137695312
2020-10-22,320.31982421875,133.36427307128906
2020-10-23,321.4073486328125,134.1794891357422
2020-10-26,315.4678039550781,135.42774963378906
2020-10-27,314.3802490234375,136.33639526367188
2020-10-28,303.6351318359375,136.46376037597656
2020-10-29,306.7210693359375,135.13905334472656
2020-10-30,303.5235290527344,133.8058624267578
2020-11-02,306.925537109375,134.80812072753906
2020-11-03,312.34466552734375,134.02606201171875
2020-11-04,319.32525634765625,136.933349609375
2020-11-05,325.5530700683594,137.17138671875
2020-11-06,325.47869873046875,135.51365661621094
2020-11-09,329.5685119628906,132.66583251953125
2020-11-10,329.085205078125,131.9008026123047
2020-11-11,331.5298156738281,132.3768310546875
2020-11-12,328.3136901855469,134.62962341308594
2020-11-13,332.8590087890625,134.45106506347656
2020-11-16,337.013916015625,134.12803649902344
2020-11-17,335.2014465332031,135.00360107421875
2020-11-18,331.1672668457031,135.39466857910156
2020-11-19,332.5616149902344,136.0917510986328
2020-11-20,330.2842102050781,137.29888916015625
2020-11-23,332.26416015625,136.66983032226562
2020-11-24,337.6181945800781,135.30966186523438
2020-11-25,337.0976257324219,134.89306640625
2020-11-27,338.0364685058594,136.20223999023438
2020-11-30,336.5398864746094,136.03221130371094
2020-12-01,340.22076416015625,134.02658081054688
2020-12-02,340.9365539550781,132.96278381347656
2020-12-03,340.84356689453125,134.03501892089844
2020-12-04,343.7807312011719,132.06927490234375
2020-12-07,343.0744323730469,133.2606201171875
2020-12-08,344.0782775878906,133.89028930664062
2020-12-09,340.99224853515625,133.44784545898438
2020-12-10,340.8807373046875,134.63070678710938
2020-12-11,340.4809875488281,135.10723876953125
2020-12-14,338.9566345214844,134.7328338623047
2020-12-15,343.5390930175781,134.28182983398438
2020-12-16,344.0782775878906,133.92442321777344
2020-12-17,346.0023193359375,133.57000732421875
2020-12-18,344.62078857421875,133.16966247558594
2020-12-21,343.388671875,133.6977996826172
2020-12-22,342.809814453125,134.3877716064453
2020-12-23,343.1178894042969,133.45925903320312
2020-12-24,344.4527893066406,133.98745727539062
2020-12-28,347.411865234375,134.04701232910156
2020-12-29,346.7491149902344,133.8766632080078
2020-12-30,347.243896484375,134.16636657714844
2020-12-31,349.00811767578125,134.3622589111328
2021-01-04,344.2567443847656,134.200439453125
2021-01-05,346.62774658203125,133.20367431640625
2021-01-06,348.7001037597656,130.46925354003906
2021-01-07,353.8808898925781,129.3192901611328
2021-01-08,355.8971862792969,128.90188598632812
2021-01-11,353.4981689453125,128.68896484375
2021-01-12,353.57281494140625,128.58673095703125
2021-01-13,354.5250549316406,130.03485107421875
2021-01-14,353.283447265625,128.81678771972656
2021-01-15,350.70709228515625,129.3278045654297
2021-01-19,353.4608459472656,129.74520874023438
2021-01-20,358.3521728515625,129.8730010986328
2021-01-21,358.67889404296875,128.96157836914062
2021-01-22,357.40936279296875,129.37893676757812
2021-01-25,358.81903076171875,130.90377807617188
2021-01-26,358.2589111328125,130.65673828125
2021-01-27,349.5028381347656,130.98892211914062
2021-01-28,352.5086669921875,130.2648468017578
2021-01-29,345.4515380859375,129.4811553955078
2021-02-01,351.20184326171875,129.63125610351562
2021-02-02,356.1679382324219,128.79544067382812
2021-02-03,356.4479675292969,127.65275573730469
2021-02-04,360.499267578125,127.31148529052734
2021-02-05,361.9181213378906,126.24543762207031
2021-02-08,364.5318298339844,126.79977416992188
2021-02-09,364.28912353515625,126.89363098144531
2021-02-10,364.13043212890625,127.73797607421875
2021-02-11,364.7185363769531,127.03868103027344
2021-02-12,366.5201416015625,125.4608383178711
2021-02-16,366.2027893066406,123.55049896240234
2021-02-17,366.28680419921875,124.33513641357422
2021-02-18,364.72784423828125,123.83199310302734
2021-02-19,364.0838317871094,122.18601989746094
2021-02-22,361.2833251953125,121.2563705444336
2021-02-23,361.72210693359375,120.9067611694336
2021-02-24,365.70794677734375,120.11363220214844
2021-02-25,356.8960876464844,118.15205383300781
2021-02-26,355.0570373535156,122.05807495117188
2021-03-01,363.66375732421875,120.44595336914062
2021-03-02,360.825927734375,120.45448303222656
2021-03-03,356.0465393066406,119.14810180664062
2021-03-04,351.64056396484375,118.379638671875
2021-03-05,358.10955810546875,118.6101303100586
2021-03-08,356.3265075683594,117.68800354003906
2021-03-09,361.4140319824219,119.31889343261719
2021-03-10,363.66375732421875,119.55794525146484
2021-03-11,367.3509216308594,118.695556640625
2021-03-12,367.8456726074219,116.17662048339844
2021-03-15,370.0393371582031,116.8597412109375
2021-03-16,369.5726318359375,116.39010620117188
2021-03-17,370.8328552246094,115.51917266845703
2021-03-18,365.437255859375,114.34938049316406
2021-03-19,364.76116943359375,115.05809020996094
2021-03-22,367.673828125,116.34740447998047
2021-03-23,364.7799072265625,117.39762878417969
2021-03-24,362.925537109375,118.02952575683594
2021-03-25,364.96722412109375,117.09883117675781
2021-03-26,370.8486328125,116.68895721435547
2021-03-29,370.66131591796875,115.69847106933594
2021-03-30,369.6779479980469,116.30472564697266
2021-03-31,371.1763610839844,115.65579986572266
2021-04-01,375.18475341796875,117.57532501220703
2021-04-05,380.56982421875,117.0623550415039
2021-04-06,380.3450622558594,117.85748291015625
2021-04-07,380.78521728515625,117.03666687011719
2021-04-08,382.59271240234375,118.00287628173828
2021-04-09,385.37432861328125,117.57532501220703
2021-04-12,385.5147399902344,117.52401733398438
2021-04-13,386.65728759765625,118.40470123291016
2021-04-14,385.3367919921875,118.02848052978516
2021-04-15,389.4762268066406,120.00361633300781
2021-04-16,390.77801513671875,119.07167053222656
2021-04-19,388.858154296875,118.72964477539062
2021-04-20,386.0110778808594,119.2768783569336
2021-04-21,389.6636047363281,119.5162582397461
2021-04-22,386.104736328125,120.0378189086914
2021-04-23,390.2909851074219,119.75565338134766
2021-04-26,391.1057434082031,119.58467864990234
2021-04-27,391.02154541015625,118.54154968261719
2021-04-28,390.90911865234375,118.61846923828125
2021-04-29,393.40032958984375,118.26793670654297
2021-04-30,390.81549072265625,118.54154968261719
2021-05-03,391.658447265625,118.61257934570312
2021-05-04,389.2421875,119.41751861572266
2021-05-05,389.3638916015625,119.61447143554688
2021-05-06,392.4731750488281,119.81139373779297
2021-05-07,395.32958984375,119.22056579589844
2021-05-10,391.4149169921875,118.01322937011719
2021-05-11,387.9215393066406,117.34530639648438
2021-05-12,379.6801452636719,116.11226654052734
2021-05-13,384.2410583496094,116.29206085205078
2021-05-14,390.1412353515625,117.37954711914062
2021-05-17,389.1484375,117.1312255859375
2021-05-18,385.79571533203125,116.83152770996094
2021-05-19,384.7842102050781,116.54890441894531
2021-05-20,388.9237365722656,117.50798797607422
2021-05-21,388.6052551269531,117.88475799560547
2021-05-24,392.56689453125,118.32148742675781
2021-05-25,391.6958312988281,119.41751861572266
2021-05-26,392.4731750488281,119.21197509765625
2021-05-27,392.6792907714844,118.73248291015625
2021-05-28,393.38165283203125,118.54405975341797
2021-06-01,393.03509521484375,118.51753997802734
2021-06-02,393.6531677246094,118.79191589355469
2021-06-03,392.192138671875,118.34601593017578
2021-06-04,395.7791442871094,119.96672058105469
2021-06-07,395.3951721191406,119.59793090820312
2021-06-08,395.4794616699219,120.4383544921875
2021-06-09,394.8893737792969,121.50167083740234
2021-06-10,396.7250671386719,122.23054504394531
2021-06-11,397.3805847167969,122.03333282470703
2021-06-14,398.2703552246094,121.09864044189453
2021-06-15,397.5399169921875,120.952880859375
2021-06-16,395.3202209472656,120.84991455078125
2021-06-17,395.1891174316406,122.6593017578125
2021-06-18,389.85784912109375,124.96601867675781
2021-06-21,395.4390563964844,122.87368774414062
2021-06-22,397.5531311035156,123.173828125
2021-06-23,397.0740051269531,122.85651397705078
2021-06-24,399.4230041503906,123.0538101196289
2021-06-25,400.8417053222656,121.77607727050781
2021-06-28,401.6498107910156,123.02809143066406
2021-06-29,401.86590576171875,123.23390197753906
2021-06-30,402.2041931152344,123.78272247314453
2021-07-01,404.43096923828125,123.78955841064453
2021-07-02,407.5222473144531,124.53659057617188
2021-07-06,406.7799987792969,125.99624633789062
2021-07-07,408.21759033203125,127.1124038696289
2021-07-08,404.8914489746094,127.61048889160156
2021-07-09,409.2135009765625,125.8158950805664
2021-07-12,410.67938232421875,125.65277099609375
2021-07-13,409.279296875,124.69111633300781
2021-07-14,409.8901062011719,126.10784149169922
2021-07-15,408.4900817871094,127.49886322021484
2021-07-16,405.2860412597656,127.25846099853516
2021-07-19,399.30084228515625,130.04901123046875
2021-07-20,405.0229187011719,128.79530334472656
2021-07-21,408.30218505859375,127.16400909423828
2021-07-22,409.1571960449219,128.3660430908203
2021-07-23,413.3665771484375,127.50747680664062
2021-07-26,414.38134765625,127.1296157836914
2021-07-27,412.49273681640625,128.48622131347656
2021-07-28,412.3236389160156,128.49481201171875
2021-07-29,414.03363037109375,127.78221893310547
2021-07-30,412.0229797363281,128.38323974609375
2021-08-02,411.1585388183594,129.5283660888672
2021-08-03,414.5035095214844,129.59706115722656
2021-08-04,412.464599609375,129.86355590820312
2021-08-05,415.07672119140625,129.20169067382812
2021-08-06,415.7625427246094,127.04385375976562
2021-08-09,415.42431640625,126.5882339477539
2021-08-10,415.94110107421875,126.0036392211914
2021-08-11,416.9746398925781,125.92621612548828
2021-08-12,418.22430419921875,125.7199478149414
2021-08-13,418.9853515625,127.70586395263672
2021-08-16,419.971923828125,128.01536560058594
2021-08-17,417.21893310546875,127.96367645263672
2021-08-18,412.6524963378906,128.39353942871094
2021-08-19,413.2913513183594,129.33917236328125
2021-08-20,416.5799865722656,129.42518615722656
2021-08-23,420.2444152832031,129.33917236328125
2021-08-24,420.9115295410156,128.3333740234375
2021-08-25,421.79473876953125,127.267333984375
2021-08-26,419.3048400878906,127.61984252929688
2021-08-27,423.0538330078125,128.48814392089844
2021-08-30,424.9142150878906,128.82339477539062
2021-08-31,424.2846984863281,127.94649505615234
2021-09-01,424.5101623535156,128.1608428955078
2021-09-02,425.8162841796875,128.7203369140625
2021-09-03,425.71282958984375,127.5497055053711
2021-09-07,424.1907043457031,126.47367858886719
2021-09-08,423.6739501953125,127.33452606201172
2021-09-09,421.8605651855469,128.8752899169922
2021-09-10,418.53436279296875,127.73906707763672
2021-09-13,419.60546875,128.5137939453125
2021-09-14,417.3410949707031,130.07180786132812
2021-09-15,420.8270263671875,129.61557006835938
2021-09-16,420.159912109375,129.02159118652344
2021-09-17,416.067138671875,128.4019317626953
2021-09-20,409.1294860839844,129.9943389892578
2021-09-21,408.74298095703125,129.88241577148438
2021-09-22,412.730224609375,130.65701293945312
2021-09-23,417.7449035644531,127.70466613769531
2021-09-24,418.4329833984375,126.4565200805664
2021-09-27,417.2359924316406,125.99170684814453
2021-09-28,408.82781982421875,124.02913665771484
2021-09-29,409.51593017578125,124.24427795410156
2021-09-30,404.5107421875,124.22708129882812
2021-10-01,409.3179626464844,125.27251434326172
2021-10-04,404.0394287109375,124.95362091064453
2021-10-05,408.2434997558594,123.74707794189453
2021-10-06,409.9400634765625,124.44515228271484
2021-10-07,413.4842834472656,123.14371490478516
2021-10-08,412.730224609375,122.28192138671875
2021-10-11,409.7421875,121.97164154052734
2021-10-12,408.73358154296875,124.0572738647461
2021-10-13,410.2040710449219,125.263916015625
2021-10-14,417.1039733886719,125.7293472290039
2021-10-15,420.2805480957031,124.99674224853516
2021-10-18,421.5247802734375,125.58287048339844
2021-10-19,424.7768249511719,123.85044860839844
2021-10-20,426.4452209472656,123.01448059082031
2021-10-21,427.5574645996094,122.86796569824219
2021-10-22,427.1144714355469,124.22099304199219
2021-10-25,429.4049987792969,124.03148651123047
2021-10-26,429.79144287109375,125.05711364746094
2021-10-27,427.8872985839844,127.33244323730469
2021-10-28,432.0159912109375,126.90150451660156
2021-10-29,432.89263916015625,127.28934478759766
2021-11-01,433.6371765136719,126.37287139892578
2021-11-02,435.3905029296875,126.93379211425781
2021-11-03,438.0487060546875,125.62206268310547
2021-11-04,440.1130065917969,126.9424057006836
2021-11-05,441.6400146484375,128.84100341796875
2021-11-08,442.0169982910156,128.59934997558594
2021-11-09,440.55596923828125,130.27349853515625
2021-11-10,437.01171875,127.89167785644531
2021-11-11,437.1531677246094,127.70183563232422
2021-11-12,440.4523010253906,127.14088439941406
2021-11-15,440.6031188964844,125.54437255859375
2021-11-16,442.34698486328125,125.22509765625
2021-11-17,441.2723693847656,126.21747589111328
2021-11-18,442.77117919921875,126.69209289550781
2021-11-19,441.9793701171875,128.02978515625
2021-11-22,440.7350769042969,126.52819061279297
2021-11-23,441.31964111328125,124.69869232177734
2021-11-24,442.497802734375,126.70075988769531
2021-11-26,432.6286926269531,129.90237426757812
2021-11-29,437.93560791015625,128.8582000732422
2021-11-30,429.4144592285156,130.817138671875
2021-12-01,424.64483642578125,131.62413024902344
2021-12-02,431.1488037109375,131.78823852539062
2021-12-03,427.3972473144531,133.36085510253906
2021-12-06,432.45904541015625,131.5290985107422
2021-12-07,441.4043884277344,130.4663848876953
2021-12-08,442.5732421875,128.21127319335938
2021-12-09,439.58514404296875,128.9283905029297
2021-12-10,443.72320556640625,128.61732482910156
2021-12-13,439.7925720214844,130.51812744140625
2021-12-14,436.7667541503906,130.20713806152344
2021-12-15,443.59124755859375,128.95425415039062
2021-12-16,439.6794128417969,129.0045166015625
2021-12-17,434.99993896484375,130.46629333496094
2021-12-20,430.3744812011719,129.4888153076172
2021-12-21,438.0174560546875,128.99586486816406
2021-12-22,442.39703369140625,129.59268188476562
2021-12-23,445.1496887207031,128.4681396484375
2021-12-27,451.449462890625,128.7795867919922
2021-12-28,451.0805969238281,128.26918029785156
2021-12-29,451.65765380859375,126.86795043945312
2021-12-30,450.4089660644531,127.93187713623047
2021-12-31,449.27386474609375,128.18276977539062
2022-01-03,451.8750915527344,124.8178939819336
2022-01-04,451.72381591796875,124.29891204833984
2022-01-05,443.0497741699219,123.62420654296875
2022-01-06,442.633544921875,123.94430541992188
2022-01-07,440.8836669921875,123.0533447265625
2022-01-10,440.33489990234375,123.35613250732422
2022-01-11,444.3456726074219,124.17786407470703
2022-01-12,445.54693603515625,123.70206451416016
2022-01-13,439.4078674316406,124.80068969726562
2022-01-14,439.5876770019531,122.91498565673828
2022-01-18,431.8027648925781,121.18499755859375
2022-01-19,427.3190612792969,122.02400207519531
2022-01-20,422.5894775390625,122.77660369873047
2022-01-21,414.2937927246094,124.23837280273438
2022-01-24,416.0531005859375,123.21768188476562
2022-01-25,410.9736328125,123.01879119873047
2022-01-26,409.9425964355469,121.53096008300781
2022-01-27,407.9182434082031,123.76268005371094
2022-01-28,418.04913330078125,123.80592346191406
2022-01-31,425.57861328125,123.16580963134766
2022-02-01,428.4541931152344,122.75694274902344
2022-02-02,432.6162109375,123.17273712158203
2022-02-03,422.4476318359375,122.21123504638672
2022-02-04,424.4340515136719,120.40957641601562
2022-02-07,423.07196044921875,120.48750305175781
2022-02-08,426.5528564453125,119.68199920654297
2022-02-09,432.7959289550781,119.90714263916016
2022-02-10,425.0205078125,118.00151824951172
2022-02-11,416.6396179199219,119.7513198852539
2022-02-14,415.27752685546875,118.26140594482422
2022-02-15,421.97467041015625,116.91880798339844
2022-02-16,422.4476318359375,117.61172485351562
2022-02-17,413.4234924316406,118.48662567138672
2022-02-18,410.7466125488281,119.73395538330078
2022-02-22,406.3385925292969,120.0457763671875
2022-02-23,399.1307067871094,118.39131927490234
2022-02-24,405.13726806640625,118.46932220458984
2022-02-25,414.0762023925781,118.555908203125
2022-02-28,413.01678466796875,121.15451049804688
2022-03-01,406.7264404296875,122.55529022216797
2022-03-02,414.20867919921875,118.36599731445312
2022-03-03,412.1465759277344,119.57158660888672
2022-03-04,408.7980041503906,121.6358871459961
2022-03-07,396.7469482421875,120.70781707763672
2022-03-08,393.7388916015625,119.49352264404297
2022-03-09,404.29541015625,118.32262420654297
2022-03-10,402.46978759765625,116.62265014648438
2022-03-11,397.3524169921875,117.01294708251953
2022-03-14,394.4483642578125,114.28083801269531
2022-03-15,403.1224670410156,114.08133697509766
2022-03-16,412.0614013671875,115.20018768310547
2022-03-17,417.21673583984375,114.34151458740234
2022-03-18,421.7863464355469,115.73794555664062
2022-03-21,421.66302490234375,113.05787658691406
2022-03-22,426.59710693359375,111.60940551757812
2022-03-23,421.1031799316406,114.05532836914062
2022-03-24,427.4510192871094,113.16197204589844
2022-03-25,429.5384826660156,111.5920639038086
2022-03-28,432.59381103515625,112.54612731933594
2022-03-29,437.9454040527344,113.39613342285156
2022-03-30,435.2411804199219,114.28083801269531
2022-03-31,428.5422668457031,114.55841064453125
2022-04-01,429.7568054199219,114.99443054199219
2022-04-04,433.43829345703125,114.19525909423828
2022-04-05,427.9634094238281,111.6153335571289
2022-04-06,423.68408203125,110.71190643310547
2022-04-07,425.8189697265625,109.87799072265625
2022-04-08,424.680419921875,108.68791961669922
2022-04-11,417.42169189453125,106.96794128417969
2022-04-12,415.875,106.82028198242188
2022-04-13,420.6382751464844,107.03746032714844
2022-04-14,415.4005126953125,104.89183044433594
2022-04-18,415.5713195800781,104.37059020996094
2022-04-19,422.27978515625,103.58882904052734
2022-04-20,421.9666442871094,105.67362213134766
2022-04-21,415.65673828125,104.89183044433594
2022-04-22,404.25146484375,104.23163604736328
2022-04-25,406.5951232910156,105.2740249633789
2022-04-26,394.8198547363281,106.33383178710938
2022-04-27,395.9300231933594,104.97000122070312
2022-04-28,405.93096923828125,105.1263656616211
2022-04-29,390.92950439453125,103.76252746582031
2022-05-02,393.2826843261719,101.96395111083984
2022-05-03,395.0855407714844,102.65137481689453
2022-05-04,407.1170959472656,103.21696472167969
2022-05-05,392.6469421386719,100.38899993896484
2022-05-06,390.3032531738281,98.90972900390625
2022-05-09,377.80682373046875,99.77989959716797
2022-05-10,378.6797790527344,100.68485260009766
2022-05-11,372.6639709472656,102.62525939941406
2022-05-12,372.27490234375,102.433837890625
2022-05-13,381.1752014160156,100.9197769165039
2022-05-16,379.6285400390625,100.81536865234375
2022-05-17,387.4377136230469,99.59715270996094
2022-05-18,371.8195495605469,101.72030639648438
2022-05-19,369.542236328125,101.96395111083984
2022-05-20,369.7034912109375,103.12126159667969
2022-05-23,376.6207275390625,101.42448425292969
2022-05-24,373.7457275390625,103.42579650878906
2022-05-25,377.0476989746094,103.83477020263672
2022-05-26,384.5816345214844,103.36491394042969
2022-05-27,394.02276611328125,103.61724853515625
2022-05-31,391.8119812011719,101.42448425292969
2022-06-01,388.64276123046875,101.30852508544922
2022-06-02,396.04388427734375,101.36083221435547
2022-06-03,389.5441589355469,101.1429214477539
2022-06-06,390.7303161621094,99.2774887084961
2022-06-07,394.47821044921875,100.34966278076172
2022-06-08,390.18939208984375,99.46053314208984
2022-06-09,380.9095458984375,99.79177856445312
2022-06-10,369.8648681640625,99.17288970947266
2022-06-13,355.82177734375,96.0609130859375
2022-06-14,354.74957275390625,94.8492660522461
2022-06-15,359.80694580078125,96.61878204345703
2022-06-16,347.8987731933594,97.38590240478516
2022-06-17,348.6487731933594,97.69972229003906
2022-06-21,357.4255065917969,96.04347229003906
2022-06-22,356.7774963378906,98.68474578857422
2022-06-23,360.27484130859375,99.4953842163086
2022-06-24,371.7293701171875,98.11811828613281
2022-06-27,370.30950927734375,97.2812728881836
2022-06-28,362.74298095703125,97.73457336425781
2022-06-29,362.4476013183594,99.26006317138672
2022-06-30,359.5028991699219,100.1317367553711
2022-07-01,363.30523681640625,101.1597671508789
2022-07-05,363.9913330078125,101.95458984375
2022-07-06,365.22064208984375,100.24266052246094
2022-07-07,370.69061279296875,99.36048889160156
2022-07-08,370.3857421875,98.25997924804688
2022-07-11,366.154541015625,99.95445251464844
2022-07-12,362.9145202636719,100.5483627319336
2022-07-13,361.0085754394531,101.70130157470703
2022-07-14,360.13189697265625,100.87154388427734
2022-07-15,367.0122375488281,101.4392318725586
2022-07-18,363.9818420410156,100.38240814208984
2022-07-19,373.81640625,99.84088897705078
2022-07-20,376.1987609863281,100.1029052734375
2022-07-21,380.0296325683594,101.83228302001953
2022-07-22,376.503662109375,103.54417419433594
2022-07-25,376.96112060546875,102.53103637695312
2022-07-26,372.5013122558594,102.6096420288086
2022-07-27,382.1737976074219,102.03315734863281
2022-07-28,386.9671325683594,102.84546661376953
2022-07-29,392.60870361328125,102.5659408569336
2022-08-01,391.446044921875,105.03612518310547
2022-08-02,388.8635559082031,102.8135757446289
2022-08-03,394.9530029296875,104.43238067626953
2022-08-04,394.6861572265625,104.39737701416016
2022-08-05,394.0190734863281,101.91233825683594
2022-08-08,393.5616149902344,103.5573501586914
2022-08-09,391.99871826171875,103.15484619140625
2022-08-10,400.2322998046875,102.4810791015625
2022-08-11,400.2322998046875,100.09233093261719
2022-08-12,407.00787353515625,101.1073226928711
2022-08-15,408.6850280761719,101.01981353759766
2022-08-16,409.4855041503906,101.43981170654297
2022-08-17,406.5790100097656,100.38107299804688
2022-08-18,407.7606506347656,100.5298080444336
2022-08-19,402.28118896484375,98.91104125976562
2022-08-22,393.9046630859375,98.57855987548828
2022-08-23,392.9517517089844,98.03604888916016
2022-08-24,394.209716796875,97.3185043334961
2022-08-25,399.77484130859375,98.67479705810547
2022-08-26,386.2429504394531,99.41857147216797
2022-08-29,383.6889953613281,98.5960693359375
2022-08-30,379.4769287109375,98.84107208251953
2022-08-31,376.5894470214844,97.89604187011719
2022-09-01,377.7711181640625,96.103759765625
2022-09-02,373.78778076171875,96.64739227294922
2022-09-06,372.3774108886719,94.25357055664062
2022-09-07,379.06707763671875,95.74423217773438
2022-09-08,381.5448303222656,94.76214599609375
2022-09-09,387.4722595214844,94.97257232666016
2022-09-12,391.63665771484375,94.19219207763672
2022-09-13,374.6073303222656,94.41140747070312
2022-09-14,376.03680419921875,94.73583984375
2022-09-15,371.7674560546875,94.67445373535156
2022-09-16,368.9313049316406,93.88528442382812
2022-09-19,371.7923583984375,94.10448455810547
2022-09-20,367.5247802734375,93.16627502441406
2022-09-21,361.1136779785156,94.7270736694336
2022-09-22,358.0804138183594,92.30692291259766
2022-09-23,352.080810546875,92.68399810791016
2022-09-26,348.5978088378906,90.91273498535156
2022-09-27,347.70794677734375,88.51891326904297
2022-09-28,354.5495910644531,91.48269653320312
2022-09-29,347.14337158203125,91.00920867919922
2022-09-30,341.7752685546875,89.83417510986328
2022-10-03,350.798583984375,91.26161193847656
2022-10-04,361.66864013671875,91.00672149658203
2022-10-05,360.8266296386719,90.13654327392578
2022-10-06,357.10443115234375,89.63556671142578
2022-10-07,347.14337158203125,88.765380859375
2022-10-10,344.4927978515625,87.38544464111328
2022-10-11,342.3111572265625,87.7721939086914
2022-10-12,341.18206787109375,88.20287322998047
2022-10-13,350.1861877441406,87.35907745361328
2022-10-14,342.2059020996094,86.63833618164062
2022-10-17,350.9995422363281,86.21643829345703
2022-10-18,355.1236877441406,86.41858673095703
2022-10-19,352.6070861816406,84.84528350830078
2022-10-20,349.6503601074219,83.39498901367188
2022-10-21,358.1473693847656,81.8919677734375
2022-10-24,362.5298156738281,81.21520233154297
2022-10-25,368.3189392089844,83.5795669555664
2022-10-26,365.5439758300781,84.78372192382812
2022-10-27,363.592041015625,85.67150115966797
2022-10-28,372.2420654296875,85.08259582519531
2022-10-31,369.55328369140625,84.47612762451172
2022-11-01,367.9361572265625,85.2656021118164
2022-11-02,358.70233154296875,84.89552307128906
2022-11-03,355.0088806152344,84.43733215332031
2022-11-04,360.1184997558594,83.01875305175781
2022-11-07,363.563232421875,82.19048309326172
2022-11-08,365.5248718261719,83.08921813964844
2022-11-09,357.99432373046875,83.36238098144531
2022-11-10,377.6676025390625,86.56964111328125
2022-11-11,381.3228454589844,86.2524185180664
2022-11-14,378.0789489746094,86.04098510742188
2022-11-15,381.3036804199219,87.43313598632812
2022-11-16,378.39483642578125,89.34516906738281
2022-11-17,377.23699951171875,88.40238189697266
2022-11-18,378.94970703125,87.79438781738281
2022-11-21,377.5719299316406,88.16444396972656
2022-11-22,382.65283203125,89.4156494140625
2022-11-23,385.064208984375,90.9752426147461
2022-11-25,384.97808837890625,90.66683197021484
2022-11-28,378.83489990234375,90.92235565185547
2022-11-29,378.1842956542969,89.85621643066406
2022-11-30,390.0973205566406,90.51705169677734
2022-12-01,389.81024169921875,93.40867614746094
2022-12-02,389.3605651855469,94.58332061767578
2022-12-05,382.356201171875,93.25852966308594
2022-12-06,376.8446350097656,94.45968627929688
2022-12-07,376.2036437988281,96.68541717529297
2022-12-08,379.15069580078125,96.42044067382812
2022-12-09,376.3183898925781,93.91212463378906
2022-12-12,381.7438659667969,94.21239471435547
2022-12-13,384.63360595703125,95.12211608886719
2022-12-14,382.1744079589844,95.52838897705078
2022-12-15,372.8257141113281,95.90115356445312
2022-12-16,368.42413330078125,94.82986450195312
2022-12-19,365.300048828125,93.23625183105469
2022-12-20,365.7998962402344,91.58063507080078
2022-12-21,371.2695007324219,91.81079864501953
2022-12-22,365.9729309082031,91.79309844970703
2022-12-23,368.078125,90.44737243652344
2022-12-27,366.6266174316406,88.6589584350586
2022-12-28,362.0701599121094,88.1365966796875
2022-12-29,368.58758544921875,89.13704681396484
2022-12-30,367.61663818359375,88.14545440673828
2023-01-03,366.0690612792969,89.82762908935547
2023-01-04,368.8952331542969,91.05826568603516
2023-01-05,364.6848449707031,91.43892669677734
2023-01-06,373.04779052734375,93.12110900878906
2023-01-09,372.8363952636719,93.616943359375
2023-01-10,375.45098876953125,92.06755065917969
2023-01-11,380.19964599609375,93.56378936767578
2023-01-12,381.5838623046875,95.40534210205078
2023-01-13,383.06427001953125,94.51111602783203
2023-01-17,382.3624572753906,93.90025329589844
2023-01-18,376.32574462890625,96.17558288574219
2023-01-19,373.5862121582031,95.57354736328125
2023-01-20,380.5457458496094,94.02420043945312
2023-01-23,385.1117248535156,93.58150482177734
2023-01-24,384.6983337402344,94.92723846435547
2023-01-25,384.84259033203125,95.15742492675781
2023-01-26,389.0721435546875,94.71475219726562
2023-01-27,389.96612548828125,94.47570037841797
2023-01-30,385.0732421875,94.13042449951172
2023-01-31,390.735107421875,94.88296508789062
2023-02-01,394.8877868652344,96.02359008789062
2023-02-02,400.63616943359375,96.14785766601562
2023-02-03,396.3777770996094,94.70988464355469
2023-02-06,393.95538330078125,94.00863647460938
2023-02-07,399.1078186035156,93.25420379638672
2023-02-08,394.7436218261719,93.69798278808594
2023-02-09,391.3214416503906,92.81034851074219
2023-02-10,392.2347412109375,91.77182006835938
2023-02-13,396.83917236328125,92.5440673828125
2023-02-14,396.6565246582031,92.33102416992188
2023-02-15,397.9446716308594,91.47002410888672
2023-02-16,392.4654235839844,90.17411041259766
2023-02-17,391.4849548339844,90.87533569335938
2023-02-21,383.6313781738281,89.10894775390625
2023-02-22,383.10272216796875,89.92558288574219
2023-02-23,385.14056396484375,90.80432891845703
2023-02-24,381.0263671875,89.62378692626953
2023-02-27,382.3240661621094,89.87232971191406
2023-02-28,380.9110107421875,90.28063201904297
2023-03-01,379.4499206542969,89.31071472167969
2023-03-02,382.4009704589844,88.518798828125
2023-03-03,388.5338134765625,90.6632080078125
2023-03-06,388.80303955078125,89.96028137207031
2023-03-07,382.8431091308594,90.51199340820312
2023-03-08,383.46795654296875,90.6009521484375
2023-03-09,376.3930969238281,90.82343292236328
2023-03-10,370.9619445800781,93.95555114746094
2023-03-13,370.43316650390625,94.16911315917969
2023-03-14,376.55645751953125,92.62083435058594
2023-03-15,374.2013854980469,94.40937042236328
2023-03-16,380.7668151855469,93.67082977294922
2023-03-17,376.3146057128906,95.07673645019531
2023-03-20,379.9331359863281,94.2403335571289
2023-03-21,384.9217834472656,93.43058013916016
2023-03-22,378.3602600097656,94.67631530761719
2023-03-23,379.38311767578125,94.67631530761719
2023-03-24,381.8726501464844,95.07673645019531
2023-03-27,382.586669921875,92.84329986572266
2023-03-28,381.7279052734375,93.01234436035156
2023-03-29,387.2762451171875,92.82550811767578
2023-03-30,389.5438232421875,93.25263214111328
2023-03-31,395.0343322753906,94.64960479736328
2023-04-03,396.5396423339844,95.09476470947266
2023-04-04,394.33966064453125,95.56755828857422
2023-04-05,393.30712890625,96.56671142578125
2023-04-06,394.8414001464844,96.81645965576172
2023-04-10,395.2466125488281,95.2553482055664
2023-04-11,395.3528137207031,95.45158386230469
2023-04-12,393.7413330078125,95.3534927368164
2023-04-13,398.9712219238281,94.6041259765625
2023-04-14,397.9967041015625,93.73883819580078
2023-04-17,399.4248352050781,92.62373352050781
2023-04-18,399.685302734375,92.95378112792969
2023-04-19,399.6178283691406,92.86457824707031
2023-04-20,397.43701171875,93.65853118896484
2023-04-21,397.745849609375,93.1322021484375
2023-04-24,398.1607360839844,94.03321838378906
2023-04-25,391.84039306640625,95.4159164428711
2023-04-26,390.1806945800781,94.39895629882812
2023-04-27,397.9484558105469,93.46226501464844
2023-04-28,401.3450012207031,94.96986389160156
2023-05-01,400.93975830078125,92.2314453125
2023-05-02,396.4335021972656,94.52987670898438
2023-05-03,393.7123718261719,95.05752563476562
2023-05-04,390.9237365722656,94.11847686767578
2023-05-05,398.1607360839844,93.80546569824219
2023-05-08,398.2668762207031,92.49081420898438
2023-05-09,396.5203857421875,92.15991973876953
2023-05-10,398.3730163574219,93.05424499511719
2023-05-11,397.67822265625,94.03799438476562
2023-05-12,397.15716552734375,93.25098419189453
2023-05-15,398.52740478515625,92.28511810302734
2023-05-16,395.8641662597656,92.00787353515625
2023-05-17,400.6695556640625,91.7396011352539
2023-05-18,404.52935791015625,91.05989074707031
2023-05-19,403.9407043457031,90.4159927368164
2023-05-22,404.1047058105469,90.09403228759766
2023-05-23,399.56951904296875,90.3533935546875
2023-05-24,396.6747131347656,89.9062271118164
2023-05-25,400.10992431640625,89.6826400756836
2023-05-26,405.2916259765625,90.40706634521484
2023-05-30,405.4459228515625,91.310302734375
2023-05-31,403.19769287109375,92.10625457763672
2023-06-01,407.0284423828125,92.46761322021484
2023-06-02,412.9145812988281,91.45433807373047
2023-06-05,412.1233215332031,91.28398132324219
2023-06-06,413.02069091796875,91.82200622558594
2023-06-07,411.59259033203125,90.45901489257812
2023-06-08,414.0821838378906,91.51708984375
2023-06-09,414.82513427734375,91.3915786743164
2023-06-12,418.58837890625,91.66058349609375
2023-06-13,421.3481140136719,90.7549057006836
2023-06-14,421.8498229980469,91.48125457763672
2023-06-15,427.07977294921875,92.36002349853516
2023-06-16,425.6250915527344,92.0013656616211
2023-06-20,423.4168701171875,92.63800811767578
2023-06-21,421.24737548828125,92.8621597290039
2023-06-22,422.7680358886719,91.74130249023438
2023-06-23,419.57183837890625,92.65593719482422
2023-06-26,417.8575134277344,92.75457763671875
2023-06-27,422.43865966796875,92.51245880126953
2023-06-28,422.6517333984375,92.90701293945312
2023-06-29,424.3175964355469,91.23017883300781
2023-06-30,429.3248596191406,92.30623626708984
2023-07-03,429.81878662109375,91.78292846679688
2023-07-05,429.1795654296875,90.91073608398438
2023-07-06,425.8188171386719,89.62500762939453
2023-07-07,424.7436828613281,89.08555603027344
2023-07-10,425.8188171386719,89.20243072509766
2023-07-11,428.5306396484375,89.66098022460938
2023-07-12,431.97857666015625,90.65901184082031
2023-07-13,435.4070739746094,91.61211395263672
2023-07-14,435.1359558105469,91.0726089477539
2023-07-17,436.6468811035156,91.11756134033203
2023-07-18,439.8913879394531,91.53116607666016
2023-07-19,440.86962890625,92.5651626586914
2023-07-20,437.94464111328125,91.44124603271484
2023-07-21,437.94464111328125,91.4682388305664
2023-07-24,439.9010314941406,91.13557434082031
2023-07-25,441.1020812988281,90.96470642089844
2023-07-26,441.16986083984375,91.05462646484375
2023-07-27,438.244873046875,89.28336334228516
2023-07-28,442.535400390625,89.74189758300781
2023-07-31,443.3780212402344,89.95770263671875
2023-08-01,442.1092529296875,88.48356628417969
2023-08-02,435.9591979980469,87.53688049316406
2023-08-03,434.7098083496094,85.51728057861328
2023-08-04,432.74371337890625,87.03199768066406
2023-08-07,436.5209045410156,86.17548370361328
2023-08-08,434.62261962890625,87.1762466430664
2023-08-09,431.717041015625,87.62705993652344
2023-08-10,431.8720397949219,86.18448638916016
2023-08-11,431.6202087402344,85.98612976074219
2023-08-14,434.00274658203125,85.79680633544922
2023-08-15,428.94708251953125,85.27385711669922
2023-08-16,425.7994384765625,84.6066665649414
2023-08-17,422.5548400878906,84.24601745605469
2023-08-18,422.75830078125,84.54357147216797
2023-08-21,425.50885009765625,83.41655731201172
2023-08-22,424.35626220703125,84.05668640136719
2023-08-23,429.08270263671875,86.13943481445312
2023-08-24,423.135986328125,85.57137298583984
2023-08-25,426.1189880371094,85.85091400146484
2023-08-28,428.82122802734375,85.94103240966797
2023-08-29,435.0197448730469,86.83363342285156
2023-08-30,436.8114929199219,86.74347686767578
2023-08-31,436.1722412109375,87.13117980957031
2023-09-01,436.9858093261719,85.77378845214844
2023-09-05,435.09722900390625,84.571044921875
2023-09-06,432.17230224609375,84.779052734375
2023-09-07,430.8453369140625,85.01417541503906
2023-09-08,431.4942932128906,85.33972930908203
2023-09-11,434.33209228515625,84.72481536865234
2023-09-12,431.94952392578125,85.21311950683594
2023-09-13,432.4530944824219,85.19501495361328
2023-09-14,436.1819152832031,84.58009338378906
2023-09-15,430.9266662597656,84.06465148925781
2023-09-18,431.1793518066406,84.54393768310547
2023-09-19,430.2852478027344,83.91996002197266
2023-09-20,426.3294677734375,84.18222045898438
2023-09-21,419.2829284667969,82.02088928222656
2023-09-22,418.3401184082031,82.68106079101562
2023-09-25,420.09930419921875,80.6463623046875
2023-09-26,413.9275817871094,80.36602020263672
2023-09-27,414.0927429199219,79.95003509521484
2023-09-28,416.4933776855469,80.19422149658203
2023-09-29,415.482666015625,80.20326232910156
2023-10-02,415.3173828125,78.86062622070312
2023-10-03,409.7579345703125,77.1642074584961
2023-10-04,412.7417907714844,78.25283813476562
2023-10-05,412.58624267578125,77.86275482177734
2023-10-06,417.48480224609375,76.91928100585938
2023-10-09,420.1576843261719,78.72455596923828
2023-10-10,422.3445129394531,78.61568450927734
2023-10-11,424.0745544433594,80.2576904296875
2023-10-12,421.48919677734375,78.0804443359375
2023-10-13,419.3897705078125,79.47748565673828
2023-10-16,423.8023986816406,78.19839477539062
2023-10-17,423.782958984375,77.33660125732422
2023-10-18,418.135986328125,76.65617370605469
2023-10-19,414.4620666503906,75.08678436279297
2023-10-20,409.369140625,75.5131607055664
2023-10-23,408.65960693359375,76.42034149169922
2023-10-24,411.7406921386719,77.42729187011719
2023-10-25,405.8312683105469,75.70365905761719
2023-10-26,400.9716491699219,76.8648452758789
2023-10-27,399.15411376953125,76.53826904296875
2023-10-30,403.9263000488281,76.19355010986328
2023-10-31,406.4631042480469,75.82157135009766
2023-11-01,410.7978820800781,77.46556854248047
2023-11-02,418.6705627441406,79.23155975341797
2023-11-03,422.4902648925781,79.76860809326172
2023-11-06,423.46221923828125,78.99486541748047
2023-11-07,424.6673889160156,80.1600341796875
2023-11-08,424.97845458984375,81.52545166015625
2023-11-09,421.66412353515625,79.65027618408203
2023-11-10,428.244140625,80.0963134765625
2023-11-13,427.8359069824219,79.91426086425781
2023-11-14,436.13629150390625,81.72572326660156
2023-11-15,437.0596008300781,80.57877349853516
2023-11-16,437.5941467285156,81.58006286621094
2023-11-17,438.1384582519531,81.96240234375
2023-11-20,441.51104736328125,82.46305084228516
2023-11-21,440.548828125,82.4266586303711
2023-11-22,442.24969482421875,82.71794891357422
2023-11-24,442.5218811035156,81.74394989013672
2023-11-27,441.72491455078125,83.109375
2023-11-28,442.1622314453125,83.27323150634766
2023-11-29,441.8511657714844,84.3200454711914
2023-11-30,443.59100341796875,83.34606170654297
2023-12-01,446.2152099609375,84.9157943725586
2023-12-04,443.87286376953125,84.57792663574219
2023-12-05,443.7853698730469,86.39512634277344
2023-12-06,441.9970397949219,87.54571533203125
2023-12-07,445.3696594238281,87.0434799194336
2023-12-08,447.2843017578125,86.33121490478516
2023-12-11,449.02410888671875,86.14855194091797
2023-12-12,451.07489013671875,86.40425109863281
2023-12-13,457.2952575683594,88.43150329589844
2023-12-14,458.76287841796875,90.73186492919922
2023-12-15,458.0075378417969,90.83262634277344
2023-12-18,460.5838623046875,90.10889434814453
2023-12-19,463.3846435546875,90.59443664550781
2023-12-20,456.9633483886719,91.2082290649414
2023-12-21,461.2962646484375,90.63106536865234
2023-12-22,462.2232971191406,90.21883392333984
2023-12-26,464.1750793457031,90.47534942626953
2023-12-27,465.0143737792969,92.07853698730469
2023-12-28,465.19000244140625,91.40977478027344
2023-12-29,463.84332275390625,90.58527374267578
2024-01-02,461.2474365234375,90.06309509277344
2024-01-03,457.4805908203125,90.43870544433594
2024-01-04,456.00701904296875,89.06452178955078
2024-01-05,456.6315612792969,88.2125473022461
2024-01-08,463.150390625,89.08287048339844
2024-01-09,462.4477233886719,88.51487731933594
2024-01-10,465.0630798339844,88.10260009765625
2024-01-11,464.8581848144531,88.59732055664062
2024-01-12,465.18023681640625,88.4232406616211
2024-01-16,463.4724426269531,86.8658676147461
2024-01-17,460.8961486816406,86.72842407226562
2024-01-18,464.99481201171875,85.92227172851562
2024-01-19,470.79150390625,86.19710540771484
2024-01-22,471.78692626953125,86.71012878417969
2024-01-23,473.1628723144531,86.02304077148438
2024-01-24,473.68011474609375,85.51918029785156
2024-01-25,476.2564392089844,86.0780029296875
2024-01-26,475.6513671875,85.91309356689453
2024-01-29,479.4182434082031,86.90250396728516
2024-01-30,479.04742431640625,87.69033813476562
2024-01-31,471.2306823730469,88.55149841308594
2024-02-01,477.3982238769531,90.28856658935547
2024-02-02,482.4239501953125,88.29417419433594
2024-02-05,480.6673278808594,86.51117706298828
2024-02-06,482.0628967285156,87.35671997070312
2024-02-07,486.08349609375,86.93394470214844
2024-02-08,486.29815673828125,86.42848205566406
2024-02-09,489.10870361328125,86.25386047363281
2024-02-12,488.89398193359375,86.3549575805664
2024-02-13,482.16046142578125,84.8752670288086
2024-02-14,486.5421142578125,85.30723571777344
2024-02-15,489.899169921875,85.74838256835938
2024-02-16,487.4595031738281,85.25206756591797
2024-02-20,484.7758483886719,85.32561492919922
2024-02-21,485.2149353027344,84.7190170288086
2024-02-22,495.2567138671875,85.13260650634766
2024-02-23,495.5982360839844,86.27224731445312
2024-02-26,493.7831115722656,86.014892578125
2024-02-27,494.7004699707031,85.4083251953125
2024-02-28,494.046630859375,85.95056915283203
2024-02-29,495.82269287109375,86.55715942382812
2024-03-01,500.4776306152344,87.09648132324219
2024-03-04,499.9409484863281,86.74614715576172
2024-03-05,494.9444274902344,87.98155212402344
2024-03-06,497.452392578125,88.49784851074219
2024-03-07,502.3903503417969,88.41484832763672
2024-03-08,499.3748779296875,88.2581558227539
2024-03-11,498.94549560546875,88.21202850341797
2024-03-12,504.31280517578125,87.47449493408203
2024-03-13,503.5223388671875,87.0503921508789
2024-03-14,502.5269470214844,85.71355438232422
2024-03-15,499.07635498046875,85.6859130859375
2024-03-18,502.04241943359375,85.42776489257812
2024-03-19,504.832275390625,85.6674575805664
2024-03-20,509.501708984375,85.63980102539062
2024-03-21,511.1854553222656,85.8241958618164
2024-03-22,510.21624755859375,86.64472198486328
2024-03-25,508.8067321777344,86.21139526367188
2024-03-26,507.866943359375,86.45112609863281
2024-03-27,512.135009765625,87.30853271484375
2024-03-28,512.0370483398438,87.23477935791016
2024-04-01,511.1462707519531,85.60862731933594
2024-04-02,507.8963317871094,85.13689422607422
2024-04-03,508.4542236328125,85.11839294433594
2024-04-04,502.2480163574219,85.72887420654297
2024-04-05,507.4949645996094,84.53561401367188
2024-04-08,507.7787780761719,84.5263900756836
2024-04-09,508.3661804199219,85.31263732910156
2024-04-10,503.27581787109375,83.4533920288086
2024-04-11,507.0740051269531,83.07413482666016
2024-04-12,500.0748291015625,83.51813507080078
2024-04-15,493.8098449707031,82.2231216430664
2024-04-16,492.9092102050781,81.6773910522461
2024-04-17,489.9920349121094,82.58390808105469
2024-04-18,488.9837951660156,82.16763305664062
2024-04-19,484.7157897949219,82.4636459350586
2024-04-22,489.17962646484375,82.32490539550781
2024-04-23,494.9845275878906,82.35262298583984
2024-04-24,494.74957275390625,81.76988220214844
2024-04-25,492.8700256347656,81.19639587402344
2024-04-26,497.53948974609375,81.62188720703125
2024-04-29,499.30145263671875,82.30638885498047
2024-04-30,491.3919372558594,81.60337829589844
2024-05-01,489.7962646484375,82.20487976074219
2024-05-02,494.3775939941406,82.55760955810547
2024-05-03,500.50555419921875,83.3930435180664
2024-05-06,505.67413330078125,83.71793365478516
2024-05-07,506.2321472167969,84.22843933105469
2024-05-08,506.2810363769531,83.71793365478516
2024-05-09,509.19830322265625,84.12633514404297
2024-05-10,509.8541564941406,83.65293884277344
2024-05-13,509.9225769042969,83.8664321899414
2024-05-14,512.26220703125,84.33982849121094
2024-05-15,518.6055297851562,85.49085235595703
2024-05-16,517.5384521484375,85.40731811523438
2024-05-17,518.2825317382812,84.83180236816406
2024-05-20,518.8795166015625,84.5811767578125
2024-05-21,520.1522827148438,85.01746368408203
2024-05-22,518.654541015625,85.1195297241211
2024-05-23,514.8660888671875,84.57189178466797
2024-05-24,518.2727661132812,84.822509765625
2024-05-28,518.6349487304688,83.60653686523438
2024-05-29,515.0030517578125,82.59474182128906
2024-05-30,511.5867004394531,83.3930435180664
2024-05-31,516.246337890625,83.95924377441406
2024-06-03,516.6672973632812,85.31726837158203
2024-06-04,517.244873046875,86.31387329101562
2024-06-05,523.3924560546875,86.94721984863281
2024-06-06,523.382568359375,86.81681823730469
2024-06-07,522.7462768554688,85.22412872314453
2024-06-10,524.3615112304688,84.65594482421875
2024-06-11,525.6243286132812,85.53146362304688
2024-06-12,529.9413452148438,86.17414093017578
2024-06-13,531.00830078125,87.44087982177734
2024-06-14,531.3313598632812,88.17668914794922
2024-06-17,535.5602416992188,87.3011703491211
2024-06-18,536.9208984375,88.1021728515625
2024-06-20,535.4622802734375,87.515380859375
2024-06-21,534.744384765625,87.515380859375
2024-06-24,533.0061645507812,87.86933135986328
2024-06-25,535.0586547851562,88.01835632324219
2024-06-26,535.7266235351562,86.76094818115234
2024-06-27,536.5711059570312,87.10557556152344
2024-06-28,534.4595947265625,85.48489379882812
2024-07-01,535.5595703125,84.009521484375
2024-07-02,539.163818359375,84.6635971069336
2024-07-03,541.56982421875,85.7754898071289
2024-07-05,544.6927490234375,86.48562622070312
2024-07-08,545.3213500976562,86.67251586914062
2024-07-09,545.8516235351562,86.28939056396484
2024-07-10,551.2529907226562,86.56037902832031
2024-07-11,546.499755859375,87.40132141113281
2024-07-12,549.9468994140625,87.77507019042969
2024-07-15,551.459228515625,86.76593780517578
2024-07-16,554.7293701171875,87.98994445800781
2024-07-17,546.9515380859375,88.00865936279297
2024-07-18,542.7483520507812,87.33590698242188
2024-07-19,539.1441040039062,86.8219985961914
2024-07-22,544.7026977539062,86.56974029541016
2024-07-23,543.8482666015625,86.44823455810547
2024-07-24,531.5232543945312,85.51386260986328
2024-07-25,528.7538452148438,86.21463775634766
2024-07-26,534.6757202148438,86.88740539550781
2024-07-29,534.989990234375,87.35458374023438
2024-07-30,532.279541015625,87.69097900390625
2024-07-31,540.9314575195312,88.58794403076172
2024-08-01,533.2713623046875,89.35201263427734
2024-08-02,523.3427124023438,92.13633728027344
2024-08-05,508.10101318359375,92.62386322021484
2024-08-06,512.7854614257812,90.55198669433594
2024-08-07,509.3580322265625,89.91452026367188
2024-08-08,521.133056640625,89.36138916015625
2024-08-09,523.4310302734375,90.24263763427734
2024-08-12,523.7060546875,90.57073211669922
2024-08-13,532.3187255859375,91.1988754272461
2024-08-14,533.998046875,91.7707290649414
2024-08-15,543.1509399414062,91.03012084960938
2024-08-16,544.3687133789062,91.34886932373047
2024-08-19,549.5736083984375,91.7707290649414
2024-08-20,548.679931640625,92.50196838378906
2024-08-21,550.5654907226562,92.55823516845703
2024-08-22,546.2444458007812,91.63948059082031
2024-08-23,552.0484619140625,92.23946380615234
2024-08-26,550.732421875,92.00511932373047
2024-08-27,551.4887084960938,91.84573364257812
2024-08-28,548.287109375,91.73324584960938
2024-08-29,548.336181640625,91.43324279785156
2024-08-30,553.5706787109375,90.458251953125
2024-09-03,542.1786499023438,91.93771362304688
2024-09-04,541.0690307617188,93.12281036376953
2024-09-05,539.7529296875,93.64949798583984
2024-09-06,530.6688232421875,93.64008331298828
2024-09-09,536.6103515625,94.04452514648438
2024-09-10,538.9476928710938,94.70291137695312
2024-09-11,544.4767456054688,94.6276626586914
2024-09-12,549.06298828125,94.18563079833984
2024-09-13,551.9304809570312,94.43955993652344
2024-09-16,552.7457885742188,95.30486297607422
2024-09-17,552.9715576171875,94.84398651123047
2024-09-18,551.3316650390625,93.66829681396484
2024-09-19,560.7396850585938,93.35792541503906
2024-09-20,559.7703857421875,93.00053405761719
2024-09-23,561.1692504882812,92.80300903320312
2024-09-24,562.77490234375,92.7842025756836
2024-09-25,561.5336303710938,92.01297760009766
2024-09-26,563.7599487304688,92.22929382324219
2024-09-27,562.9423217773438,92.7089614868164
2024-09-30,565.1981811523438,92.26689910888672
2024-10-01,560.1348876953125,92.93309020996094
2024-10-02,560.3712768554688,92.14990234375
2024-10-03,559.3468627929688,91.28181457519531
2024-10-04,564.4297485351562,90.1589584350586
2024-10-07,559.3271484375,89.47958374023438
2024-10-08,564.616943359375,89.63056182861328
2024-10-09,568.5277099609375,89.12101745605469
2024-10-10,567.5328369140625,88.77189636230469
2024-10-11,570.9313354492188,88.413330078125
2024-10-14,575.6006469726562,88.47938537597656
2024-10-15,571.1283569335938,89.5550765991211
2024-10-16,573.6107177734375,89.9324951171875
2024-10-17,573.6599731445312,88.5076904296875
2024-10-18,575.8666381835938,88.57372283935547
2024-10-21,574.9209594726562,87.02628326416016
2024-10-22,574.6155395507812,87.1111831665039
2024-10-23,569.364990234375,86.87531280517578
2024-10-24,570.596435546875,87.43201446533203
2024-10-25,570.3994140625,86.94135284423828
2024-10-28,572.1627807617188,86.70545196533203
2024-10-29,573.088623046875,86.83756256103516
2024-10-30,571.35498046875,87.09233093261719
2024-10-31,560.1546020507812,87.23385620117188
2024-11-01,562.5187377929688,86.0040054321289
2024-11-04,561.30712890625,87.33895111083984
2024-11-05,568.0942993164062,87.80287170410156
2024-11-06,582.2202758789062,85.39808654785156
2024-11-07,586.7221069335938,86.4679183959961
2024-11-08,589.2636108398438,87.56617736816406
2024-11-11,589.8250732421875,87.14014434814453
2024-11-12,587.992919921875,85.8335952758789
2024-11-13,588.2786254882812,85.01937866210938
2024-11-14,584.495849609375,85.51168823242188
2024-11-15,577.00927734375,85.28447723388672
2024-11-18,579.3734741210938,85.43595123291016
2024-11-19,581.4913330078125,85.87146759033203
2024-11-20,581.6884155273438,85.59691619873047
2024-11-21,584.81103515625,85.53065490722656
2024-11-22,586.6236572265625,85.57795715332031
2024-11-25,588.6134643554688,87.79340362548828
2024-11-26,591.6869506835938,87.45256805419922
2024-11-27,589.89404296875,88.05848693847656
2024-11-29,593.55859375,88.9673843383789
2024-12-02,594.6224365234375,89.18113708496094
2024-12-03,594.8983154296875,88.41161346435547
2024-12-04,598.59228515625,89.36165618896484
2024-12-05,597.607177734375,89.54216003417969
2024-12-06,598.7400512695312,89.67517852783203
2024-12-09,595.65673828125,88.84861755371094
2024-12-10,593.8047485351562,88.43061828613281
2024-12-11,598.3953247070312,87.59455871582031
2024-12-12,595.31201171875,86.530517578125
2024-12-13,595.19384765625,85.64695739746094
2024-12-16,597.7352905273438,85.90347290039062
2024-12-17,595.2725830078125,86.11249542236328
2024-12-18,577.5314331054688,85.03572082519531
2024-12-19,577.35400390625,83.74816131591797
2024-12-20,584.28857421875,84.22503662109375
2024-12-23,587.7874755859375,83.45249938964844
2024-12-24,594.3207397460938,83.80540466308594
2024-12-26,594.3603515625,83.7576904296875
2024-12-27,588.103759765625,83.07099151611328
2024-12-30,581.392578125,83.7386245727539
2024-12-31,579.2774658203125,83.29035949707031
2025-01-02,577.8541870117188,83.5192642211914
2025-01-03,585.0792846679688,83.25220489501953
2025-01-06,588.4496459960938,82.88025665283203
2025-01-07,581.7977905273438,81.94557189941406
2025-01-08,582.6478271484375,82.05049896240234
2025-01-10,573.7523193359375,81.5068588256836
2025-01-13,574.6419067382812,81.47825622558594
2025-01-14,575.4326171875,81.3447265625
2025-01-15,585.899658203125,82.7467269897461
2025-01-16,584.77294921875,83.01377868652344
2025-01-17,590.6439819335938,83.15685272216797
2025-01-21,596.0504760742188,83.90074920654297
2025-01-22,599.4011840820312,83.4620361328125
2025-01-23,602.6726684570312,82.8134994506836
2025-01-24,600.913330078125,83.1854476928711
2025-01-27,592.4132080078125,84.16779327392578
2025-01-28,597.50341796875,84.11058044433594
2025-01-29,594.8248901367188,83.93891906738281
2025-01-30,598.017333984375,84.25364685058594
2025-01-31,594.8347778320312,83.70046997070312
2025-02-03,590.831787109375,84.38197326660156
2025-02-04,594.7952880859375,84.64039611816406
2025-02-05,597.2069091796875,86.0378189086914
2025-02-06,599.2825317382812,85.9995346069336
2025-02-07,593.7969360351562,85.44438171386719
2025-02-10,597.82958984375,85.18596649169922
2025-02-11,598.2842407226562,84.64039611816406
2025-02-12,596.3568725585938,83.4917984008789
2025-02-13,602.6528930664062,84.87968444824219
2025-02-14,602.6233520507812,85.32953643798828
2025-02-18,604.392578125,84.32453155517578
2025-02-19,605.8157958984375,84.4298095703125
2025-02-20,603.29541015625,84.74568176269531
2025-02-21,592.9765625,85.76982116699219
2025-02-24,590.2782592773438,86.0186767578125
2025-02-25,587.3427124023438,87.50225830078125
2025-02-26,587.6392822265625,88.01910400390625
2025-02-27,578.2593383789062,87.39697265625
2025-02-28,587.283447265625,88.4689712524414
2025-03-03,576.9942626953125,88.88182830810547
2025-03-04,570.1644897460938,87.78726196289062
2025-03-05,576.2925415039062,87.08633422851562
2025-03-06,566.0626220703125,86.79829406738281
2025-03-07,569.2353515625,86.51985931396484
2025-03-10,554.0734252929688,87.42240905761719
2025-03-11,549.467529296875,86.79829406738281
2025-03-12,552.3832397460938,86.2798080444336
2025-03-13,545.0197143554688,87.0383529663086
2025-03-14,556.2775268554688,86.57745361328125
2025-03-17,560.5671997070312,87.00953674316406
2025-03-18,554.50830078125,87.095947265625
2025-03-19,560.5474243164062,87.54722595214844
2025-03-20,558.9264526367188,87.60484313964844
2025-03-21,559.11083984375,87.08633422851562
2025-03-24,569.1235961914062,86.19340515136719
2025-03-25,570.4917602539062,86.18379974365234
2025-03-26,563.6810913085938,85.61730194091797
2025-03-27,562.1840209960938,85.36766815185547
2025-03-28,550.8626708984375,86.54866027832031
2025-03-31,554.5604858398438,87.40319061279297
2025-04-01,556.1268310546875,88.16059112548828
2025-04-02,559.6461791992188,88.102783203125
2025-04-03,532.06640625,88.50749206542969
2025-04-04,500.9176330566406,89.47110748291016
2025-04-07,500.025390625,86.77299499511719
2025-04-08,492.193603515625,85.1348648071289
2025-04-09,543.8834838867188,85.63593292236328
2025-04-10,520.051025390625,83.27508544921875
2025-04-11,529.3302612304688,83.72798919677734
2025-04-14,534.4654541015625,84.32543182373047
2025-04-15,532.9684448242188,84.62416076660156
2025-04-16,521.1216430664062,85.09630584716797
2025-04-17,521.8651733398438,84.34469604492188
2025-04-21,509.443359375,82.87037658691406
2025-04-22,522.697998046875,83.33292388916016
2025-04-23,530.79736328125,84.14234924316406
2025-04-24,541.9700927734375,85.02886962890625
2025-04-25,545.8860473632812,85.65520477294922
2025-04-28,546.09423828125,86.19483947753906
2025-04-29,549.5342407226562,86.91754150390625
2025-04-30,549.7523193359375,86.21410369873047
2025-05-01,553.6484375,85.77694702148438
2025-05-02,561.8668823242188,84.8484878540039
2025-05-05,558.6448974609375,84.37456512451172
2025-05-06,553.9755859375,84.65504455566406
2025-05-07,556.3052978515625,85.01290130615234
2025-05-08,560.1815185546875,84.0650863647461
2025-05-09,559.4677734375,84.19083404541016
2025-05-12,577.9567260742188,83.40742492675781
2025-05-13,581.7734375,83.06891632080078
2025-05-14,582.5169677734375,82.51763916015625
2025-05-15,585.3622436523438,83.24301147460938
2025-05-16,589.0699462890625,83.4654541015625
2025-05-19,589.71435546875,83.2236557006836
2025-05-20,587.7315673828125,82.6240234375
2025-05-21,577.8278198242188,81.21198272705078
2025-05-22,578.0558471679688,81.63751983642578
2025-05-23,574.1102294921875,81.77294158935547
2025-05-27,586.0462646484375,82.91417694091797
2025-05-28,582.65576171875,82.55632781982422
2025-05-29,584.9557495117188,83.32038879394531
2025-05-30,584.301513671875,83.44610595703125
2025-06-02,587.5928955078125,82.66950225830078
2025-06-03,590.943603515625,82.52388000488281
2025-06-04,590.7850341796875,83.86353302001953
2025-06-05,587.9298095703125,83.9217758178711
2025-06-06,593.96728515625,82.85394287109375
2025-06-09,594.5026245117188,82.94129943847656
2025-06-10,597.8733520507812,83.36843872070312
2025-06-11,596.1680908203125,83.62084197998047
2025-06-12,598.5374145507812,84.6207275390625
2025-06-13,591.8457641601562,83.80529022216797
2025-06-16,597.4767456054688,82.96073913574219
2025-06-17,592.3712158203125,83.97032165527344
2025-06-18,592.2819213867188,84.11592864990234
2025-06-20,590.8909301757812,83.96060180664062
2025-06-23,596.7274780273438,84.232421875
2025-06-24,603.3196411132812,84.843994140625
2025-06-25,603.65771484375,84.9507827758789
2025-06-26,608.380615234375,85.3779067993164
2025-06-27,611.4032592773438,84.83428955078125
2025-06-30,614.3265380859375,85.66912841796875
2025-07-01,614.127685546875,85.88155364990234
2025-07-02,616.9116821289062,85.33589935302734
2025-07-03,621.7738037109375,84.74153137207031
2025-07-07,617.140380859375,83.93279266357422
2025-07-08,616.8023681640625,83.82560729980469
2025-07-09,620.5010986328125,84.70254516601562
2025-07-10,622.2510986328125,84.76101684570312
2025-07-11,620.0635986328125,83.5917739868164
2025-07-14,621.2467651367188,83.41637420654297
2025-07-15,618.592041015625,82.83174896240234
2025-07-16,620.66015625,82.94868469238281
2025-07-17,624.4583740234375,82.92919158935547
2025-07-18,624.0010375976562,83.05585479736328
2025-07-21,625.1842651367188,83.79638671875
2025-07-22,625.2737426757812,84.30305480957031
2025-07-23,630.59326171875,83.83535766601562
2025-07-24,630.802001953125,83.68920135498047
2025-07-25,633.4667358398438,84.21536254882812
2025-07-28,633.3076782226562,83.66971588134766
2025-07-29,631.63720703125,85.08255767822266
2025-07-30,630.841796875,84.64410400390625
2025-07-31,628.4754028320312,84.69280242919922
2025-08-01,618.1743774414062,85.8968505859375
2025-08-04,627.5704956054688,86.13158416748047
2025-08-05,624.3887329101562,86.39567565917969
2025-08-06,629.17138671875,85.8968505859375
2025-08-07,628.6443481445312,85.75013732910156
2025-08-08,633.5462646484375,85.37845611572266
2025-08-11,632.29345703125,85.47626495361328
2025-08-12,639.02490234375,85.0458984375
2025-08-13,641.2123413085938,85.75013732910156
2025-08-14,641.27197265625,85.11437225341797
2025-08-15,639.7706298828125,84.50794219970703
2025-08-18,639.63134765625,84.263427734375
2025-08-19,636.1612548828125,84.75247192382812
2025-08-20,634.470947265625,84.93831634521484
2025-08-21,631.925537109375,84.51773071289062
2025-08-22,641.6299438476562,85.14371490478516
2025-08-25,638.8060302734375,84.89918518066406
2025-08-26,641.4807739257812,84.85028839111328
2025-08-27,642.9423828125,84.75247192382812
2025-08-28,645.2192993164062,85.30998992919922
2025-08-29,641.3713989257812,84.70356750488281
2025-09-02,636.61865234375,84.07322692871094
2025-09-03,640.06884765625,84.99614715576172
2025-09-04,645.4181518554688,85.64414978027344
2025-09-05,643.5488891601562,86.9499740600586
2025-09-08,645.1298217773438,88.10851287841797
2025-09-09,646.6212768554688,87.6077880859375
2025-09-10,648.4906005859375,88.10851287841797
2025-09-11,653.8796997070312,88.69761657714844
2025-09-12,653.660888671875,88.31468963623047
2025-09-15,657.1409301757812,88.52088928222656
2025-09-16,656.2361450195312,88.70742797851562
2025-09-17,655.4208374023438,88.48160552978516
2025-09-18,658.4832763671875,87.56852722167969
2025-09-19,661.74462890625,87.40160369873047
2025-09-22,664.8753662109375,87.08740997314453
2025-09-23,661.256103515625,87.69615936279297
2025-09-24,659.1522216796875,87.36234283447266
2025-09-25,656.1112670898438,87.36234283447266
2025-09-26,659.8701782226562,87.28378295898438
2025-09-29,661.7246704101562,88.0005111694336
2025-09-30,664.21728515625,87.74524688720703
2025-10-01,666.4806518554688,87.97184753417969
2025-10-02,667.248291015625,88.22801971435547
2025-10-03,667.2384033203125,88.06051635742188
2025-10-06,669.6312866210938,87.36100006103516
2025-10-07,667.1486206054688,87.86347961425781
2025-10-08,671.1268920898438,87.93244171142578
2025-10-09,669.1826171875,87.86347961425781
2025-10-10,651.0960693359375,89.28221893310547
2025-10-13,661.0865478515625,89.23294830322266
2025-10-14,660.2789306640625,89.51866912841797
2025-10-15,663.2102661132812,89.3216323852539
2025-10-16,658.6936645507812,89.9915771484375
2025-10-17,662.4326171875,89.85364532470703
2025-10-20,669.3222045898438,90.19849395751953
2025-10-21,669.3121948242188,90.64183807373047
2025-10-22,665.83251953125,90.7009506225586
2025-10-23,669.7808837890625,90.08026123046875
2025-10-24,675.2546997070312,90.11967468261719
2025-10-27,683.2211303710938,90.42509460449219
2025-10-28,685.0357666015625,90.66154479980469
2025-10-29,685.3648071289062,89.74527740478516
2025-10-30,677.8270874023438,89.22309875488281
2025-10-31,680.050537109375,88.95709228515625
2025-11-03,681.3267822265625,88.73460388183594
2025-11-04,673.2506103515625,88.93236541748047
2025-11-05,675.583740234375,87.96334838867188
2025-11-06,668.3351440429688,88.75438690185547
2025-11-07,668.9931640625,88.56652069091797
2025-11-10,679.432373046875,88.54674530029297
2025-11-11,680.9877319335938,88.95214080810547
2025-11-12,681.3666381835938,89.11035919189453
2025-11-13,670.0599975585938,88.3786392211914
2025-11-14,669.9503784179688,87.87435913085938
2025-11-17,663.7088012695312,88.09188842773438
2025-11-18,658.1353149414062,88.06222534179688
2025-11-19,660.6777954101562,87.88424682617188
2025-11-20,650.6075439453125,88.2303237915039
2025-11-21,657.08837890625,88.4972915649414
2025-11-24,666.759765625,89.0015869140625
2025-11-25,673.03125,89.22900390625
2025-11-26,677.6775512695312,89.62452697753906
2025-11-28,681.3765869140625,89.1993408203125
2025-12-01,678.2658081054688,88.08892822265625
2025-12-02,679.5220947265625,88.12861633300781
2025-12-03,681.8751220703125,88.37670135498047
2025-12-04,682.3736572265625,87.900390625
2025-12-05,683.6697998046875,87.4935302734375
2025-12-08,681.6159057617188,87.20574951171875
2025-12-09,681.027587890625,87.2950668334961
2025-12-10,685.5443115234375,87.63245391845703
2025-12-11,687.1395263671875,87.51338195800781
2025-12-12,679.7514038085938,86.66989135742188
2025-12-15,678.7244262695312,86.72943878173828
2025-12-16,676.8699340820312,87.20574951171875
2025-12-17,669.4219360351562,87.12637329101562
2025-12-18,674.4769287109375,87.54315185546875
2025-12-19,680.5900268554688,87.21640014648438
2025-12-22,684.8300170898438,87.0271224975586
2025-12-23,687.9600219726562,87.16658782958984
2025-12-24,690.3800048828125,87.69457244873047
2025-12-26,690.3099975585938,87.40567016601562
2025-12-29,687.8499755859375,87.73442077636719
2025-12-30,687.010009765625,87.52521514892578
